lead_id,lead_interest_enc,lead_status_enc,lead_stage_enc,next_meeting_type_enc,lead_budget_from,lead_budget_to,lead_has_budget,lead_is_closed,days_since_posting,days_since_followup_created,fup_count,fup_positive_hits,fup_negative_hits,fup_has_audio_long,fup_total_audio_seconds,fup_max_budget,fup_avg_days_gap,fup_days_since_last,score,score_category
13064,1,0,1,1,0.0,0.0,0,0,1.0,1.0,1,1,0,0,0.0,0.0,-1.0,1.0,11.5,Cold
13063,1,0,1,1,0.0,0.0,0,0,1.0,1.0,1,0,0,0,0.0,0.0,-1.0,1.0,10.0,Cold
13062,1,0,1,1,0.0,0.0,0,0,1.0,1.0,1,0,0,0,0.0,0.0,-1.0,1.0,10.0,Cold
13061,1,0,1,1,0.0,0.0,0,0,1.0,1.0,2,0,0,0,91.0,0.0,0.0,1.0,15.0,Cold
13060,1,0,1,1,0.0,0.0,0,0,1.0,1.0,1,0,0,0,0.0,0.0,-1.0,1.0,10.0,Cold
13059,1,0,1,1,0.0,0.0,0,0,1.0,1.0,1,0,0,0,0.0,0.0,-1.0,1.0,10.0,Cold
13058,1,0,1,1,0.0,0.0,0,0,1.0,1.0,1,0,0,0,0.0,0.0,-1.0,1.0,10.0,Cold
13057,1,0,1,1,0.0,0.0,0,0,1.0,1.0,1,0,0,0,0.0,0.0,-1.0,1.0,10.0,Cold
13056,1,0,1,1,0.0,0.0,0,0,1.0,1.0,1,0,0,0,0.0,0.0,-1.0,1.0,10.0,Cold
13055,1,0,1,1,0.0,0.0,0,0,2.0,1.0,1,1,0,0,0.0,0.0,-1.0,2.0,11.5,Cold
13054,1,0,1,1,0.0,0.0,0,0,2.0,1.0,1,0,0,0,0.0,0.0,-1.0,2.0,10.0,Cold
13053,1,0,1,1,0.0,0.0,0,0,2.0,1.0,1,1,0,0,0.0,0.0,-1.0,2.0,11.5,Cold
13052,1,0,1,1,0.0,0.0,0,0,2.0,2.0,1,1,0,0,0.0,0.0,-1.0,2.0,11.5,Cold
13051,1,0,1,1,0.0,0.0,0,0,2.0,2.0,1,1,0,0,0.0,0.0,-1.0,2.0,11.5,Cold
13050,1,0,2,1,0.0,0.0,0,0,2.0,2.0,3,0,0,1,122.0,0.0,0.5,1.0,21.0,Warm
13049,1,0,1,1,0.0,0.0,0,0,2.0,2.0,1,0,0,0,0.0,0.0,-1.0,2.0,10.0,Cold
13048,1,0,2,1,0.0,0.0,0,0,2.0,2.0,2,2,0,0,0.0,0.0,1.0,1.0,14.5,Cold
13047,1,0,2,1,0.0,0.0,0,0,2.0,2.0,6,2,0,1,832.0,0.0,0.0,2.0,24.0,Warm
13046,1,0,1,1,0.0,0.0,0,0,2.0,2.0,2,0,0,0,0.0,0.0,0.0,2.0,10.5,Cold
13045,1,0,1,1,0.0,0.0,0,0,2.0,2.0,2,3,0,0,0.0,0.0,0.0,2.0,15.0,Cold
13044,1,0,1,1,0.0,0.0,0,0,2.0,2.0,2,0,0,0,0.0,0.0,0.0,2.0,10.5,Cold
13043,1,0,2,1,0.0,0.0,0,0,2.0,2.0,2,0,0,0,0.0,0.0,0.0,2.0,14.0,Cold
13042,1,0,1,1,0.0,0.0,0,0,2.0,2.0,1,0,0,0,0.0,0.0,-1.0,2.0,10.0,Cold
13041,1,0,2,1,0.0,0.0,0,0,2.0,2.0,3,0,1,0,0.0,0.0,0.0,2.0,12.5,Cold
13040,1,0,1,0,0.0,0.0,0,1,2.0,2.0,2,0,0,0,0.0,0.0,0.0,2.0,10.0,Cold
13039,1,0,1,1,0.0,0.0,0,0,2.0,2.0,2,0,0,0,0.0,0.0,0.0,2.0,13.0,Cold
13038,1,0,1,1,0.0,0.0,0,0,2.0,2.0,1,0,0,0,0.0,0.0,-1.0,2.0,10.0,Cold
13037,1,0,1,1,0.0,0.0,0,0,2.0,2.0,1,1,0,0,0.0,0.0,-1.0,2.0,11.5,Cold
13036,1,0,1,1,0.0,0.0,0,0,2.0,2.0,2,0,0,0,0.0,0.0,0.0,2.0,13.0,Cold
13035,1,0,1,1,0.0,0.0,0,0,2.0,2.0,1,0,0,0,0.0,0.0,-1.0,2.0,10.0,Cold
13034,1,0,1,1,0.0,0.0,0,0,2.0,2.0,1,0,0,0,0.0,0.0,-1.0,2.0,10.0,Cold
13033,1,0,2,1,0.0,0.0,0,0,2.0,2.0,5,0,1,0,150.0,0.0,0.0,2.0,14.0,Cold
13032,1,0,1,1,0.0,0.0,0,0,2.0,2.0,2,0,0,0,0.0,0.0,0.0,2.0,13.0,Cold
13031,1,0,1,1,0.0,0.0,0,0,2.0,2.0,3,0,0,1,128.0,0.0,0.0,2.0,20.0,Cold
13030,1,0,1,1,0.0,0.0,0,0,3.0,3.0,3,3,0,1,139.0,0.0,0.0,3.0,23.5,Warm
13029,1,0,2,1,0.0,0.0,0,0,3.0,3.0,2,0,1,0,0.0,0.0,1.0,2.0,9.0,Cold
13028,1,0,2,1,0.0,0.0,0,0,3.0,3.0,3,0,0,1,403.0,0.0,0.5,2.0,20.0,Cold
13027,1,0,2,1,0.0,0.0,0,0,3.0,3.0,3,0,0,0,0.0,0.0,0.5,2.0,13.0,Cold
13026,1,0,1,1,0.0,0.0,0,0,3.0,3.0,2,0,0,0,0.0,0.0,0.0,3.0,9.5,Cold
13025,1,0,1,1,0.0,0.0,0,0,3.0,3.0,1,0,0,0,0.0,0.0,-1.0,3.0,9.0,Cold
13024,1,0,1,1,0.0,0.0,0,0,3.0,3.0,2,0,0,1,195.0,0.0,0.0,3.0,19.0,Cold
13023,1,0,1,1,0.0,0.0,0,0,3.0,3.0,3,1,0,0,0.0,0.0,0.5,2.0,13.5,Cold
13022,1,0,1,1,0.0,0.0,0,0,3.0,3.0,2,0,0,0,0.0,0.0,0.0,3.0,9.5,Cold
13021,1,0,1,1,0.0,0.0,0,0,3.0,3.0,2,0,0,0,0.0,0.0,0.0,3.0,9.5,Cold
13020,1,0,1,1,0.0,0.0,0,0,3.0,3.0,1,0,0,0,0.0,0.0,-1.0,3.0,9.0,Cold
13019,1,0,1,1,0.0,0.0,0,0,3.0,3.0,1,0,0,0,0.0,0.0,-1.0,3.0,9.0,Cold
13018,1,0,1,1,0.0,0.0,0,0,3.0,3.0,1,0,0,0,0.0,0.0,-1.0,3.0,9.0,Cold
13017,1,0,1,1,0.0,0.0,0,0,3.0,3.0,1,0,0,0,0.0,0.0,-1.0,3.0,9.0,Cold
13016,1,0,2,1,0.0,0.0,0,0,3.0,3.0,2,0,0,0,0.0,0.0,0.0,3.0,13.0,Cold
13015,1,0,1,1,0.0,0.0,0,0,3.0,3.0,3,0,0,0,0.0,0.0,0.5,2.0,12.0,Cold
13014,1,0,1,1,0.0,0.0,0,0,3.0,3.0,1,1,0,0,0.0,0.0,-1.0,3.0,10.5,Cold
13013,1,0,1,1,0.0,0.0,0,0,3.0,3.0,1,0,0,0,0.0,0.0,-1.0,3.0,9.0,Cold
13012,1,0,1,1,0.0,0.0,0,0,3.0,3.0,1,0,0,0,0.0,0.0,-1.0,3.0,9.0,Cold
13011,1,0,1,1,0.0,0.0,0,0,3.0,3.0,2,0,1,0,0.0,0.0,0.0,3.0,7.5,Cold
13010,1,0,2,1,0.0,0.0,0,0,3.0,3.0,3,0,0,1,262.0,0.0,0.0,3.0,20.0,Cold
13009,1,0,2,1,0.0,0.0,0,0,3.0,3.0,2,2,0,0,0.0,0.0,0.0,3.0,16.0,Cold
13008,1,0,2,1,0.0,0.0,0,0,3.0,3.0,2,0,0,0,0.0,0.0,0.0,3.0,13.5,Cold
13007,1,0,1,1,0.0,0.0,0,0,3.0,3.0,1,0,0,0,0.0,0.0,-1.0,3.0,9.0,Cold
13006,1,0,1,1,0.0,0.0,0,0,3.0,3.0,1,0,0,0,0.0,0.0,-1.0,3.0,9.0,Cold
13005,1,0,1,1,0.0,0.0,0,0,3.0,3.0,3,1,0,1,379.0,0.0,0.5,2.0,20.5,Warm
13004,1,0,2,1,0.0,0.0,0,0,3.0,3.0,5,0,0,1,204.0,0.0,0.25,2.0,20.0,Cold
13003,1,0,1,1,0.0,0.0,0,0,3.0,3.0,2,0,0,0,0.0,0.0,0.0,3.0,9.5,Cold
13002,1,0,1,1,0.0,0.0,0,0,3.0,3.0,1,0,0,0,0.0,0.0,-1.0,3.0,9.0,Cold
13001,1,0,2,1,0.0,0.0,0,0,3.0,3.0,6,1,0,1,206.0,0.0,0.0,3.0,21.5,Warm
13000,1,0,1,1,0.0,0.0,0,0,3.0,3.0,4,1,0,0,0.0,0.0,0.33,2.0,13.5,Cold
12999,1,0,1,1,0.0,0.0,0,0,3.0,3.0,4,1,0,1,122.0,0.0,0.0,3.0,20.5,Warm
12998,1,0,1,1,0.0,0.0,0,0,3.0,3.0,2,0,0,0,0.0,0.0,0.0,3.0,12.0,Cold
12997,1,0,1,1,0.0,0.0,0,0,3.0,3.0,1,0,0,0,0.0,0.0,-1.0,3.0,9.0,Cold
12996,1,0,1,1,0.0,0.0,0,0,4.0,4.0,2,0,0,0,0.0,0.0,0.0,4.0,9.5,Cold
12995,1,0,1,1,0.0,0.0,0,0,4.0,4.0,3,0,0,0,37.0,0.0,0.5,3.0,14.0,Cold
12994,1,0,1,1,0.0,0.0,0,0,4.0,4.0,2,0,0,0,0.0,0.0,1.0,3.0,12.0,Cold
12993,1,0,1,1,0.0,0.0,0,0,4.0,4.0,5,0,0,1,178.0,0.0,0.5,2.0,19.0,Cold
12992,1,0,1,1,0.0,0.0,0,0,4.0,4.0,1,0,0,0,0.0,0.0,-1.0,4.0,9.0,Cold
12991,1,0,1,1,0.0,0.0,0,0,5.0,5.0,2,1,0,0,0.0,0.0,0.0,5.0,13.5,Cold
12990,1,0,1,1,0.0,0.0,0,0,5.0,5.0,3,1,0,0,48.0,0.0,0.0,5.0,15.5,Cold
12989,1,0,2,1,0.0,0.0,0,0,5.0,5.0,3,3,0,1,246.0,0.0,0.0,5.0,24.5,Warm
12988,1,0,1,1,0.0,0.0,0,0,5.0,5.0,3,3,1,0,0.0,0.0,1.5,2.0,17.5,Cold
12987,1,0,2,1,0.0,0.0,0,0,5.0,5.0,2,0,0,0,0.0,0.0,2.0,3.0,13.0,Cold
12986,1,0,1,1,0.0,0.0,0,0,5.0,5.0,1,0,0,0,0.0,0.0,-1.0,5.0,9.0,Cold
12985,1,0,1,1,0.0,0.0,0,0,5.0,5.0,1,0,0,0,0.0,0.0,-1.0,5.0,9.0,Cold
12984,1,0,1,1,0.0,0.0,0,0,5.0,5.0,4,1,2,0,0.0,0.0,1.0,2.0,11.5,Cold
12983,1,0,1,1,0.0,0.0,0,0,5.0,5.0,1,1,0,0,0.0,0.0,-1.0,5.0,10.5,Cold
12982,1,0,1,1,0.0,0.0,0,0,5.0,5.0,5,1,0,0,97.0,0.0,0.75,2.0,15.5,Cold
12981,1,0,2,1,0.0,0.0,0,0,5.0,5.0,3,0,0,0,26.0,0.0,0.0,5.0,15.0,Cold
12980,1,0,1,1,0.0,0.0,0,0,5.0,5.0,1,1,0,0,0.0,0.0,-1.0,5.0,15.2,Cold
12979,1,0,1,1,0.0,0.0,0,0,5.0,5.0,4,0,2,0,0.0,0.0,1.0,2.0,10.0,Cold
12978,1,0,1,1,0.0,0.0,0,0,5.0,5.0,1,0,0,0,0.0,0.0,-1.0,5.0,9.0,Cold
12977,1,0,1,1,0.0,0.0,0,0,5.0,5.0,1,1,0,0,0.0,0.0,-1.0,5.0,10.5,Cold
12976,1,0,1,1,0.0,0.0,0,0,5.0,5.0,1,1,0,0,0.0,0.0,-1.0,5.0,10.5,Cold
12975,1,0,1,1,0.0,0.0,0,0,5.0,5.0,6,0,0,0,86.0,0.0,0.6,2.0,14.0,Cold
12974,1,0,2,1,0.0,0.0,0,0,5.0,5.0,4,1,0,0,100.0,0.0,0.0,5.0,16.5,Cold
12973,1,0,1,1,0.0,0.0,0,0,5.0,5.0,1,0,0,0,0.0,0.0,-1.0,5.0,9.0,Cold
12972,1,0,1,1,0.0,0.0,0,0,5.0,5.0,5,1,2,0,0.0,0.0,0.5,3.0,11.5,Cold
12971,1,0,1,1,0.0,0.0,0,0,5.0,5.0,4,0,0,1,198.0,0.0,1.0,2.0,19.0,Cold
12970,1,0,1,1,0.0,0.0,0,0,5.0,5.0,2,0,0,0,0.0,0.0,0.0,5.0,9.5,Cold
12969,1,0,1,1,0.0,0.0,0,0,5.0,5.0,3,0,0,0,22.0,0.0,0.0,5.0,14.0,Cold
12968,1,0,2,1,0.0,0.0,0,0,6.0,6.0,3,1,0,1,167.0,0.0,0.5,5.0,21.5,Warm
12967,1,0,1,1,0.0,0.0,0,0,6.0,6.0,1,0,0,0,0.0,0.0,-1.0,6.0,9.0,Cold
12966,1,0,1,1,0.0,0.0,0,0,6.0,6.0,4,0,0,0,0.0,0.0,1.33,2.0,12.0,Cold
12965,1,0,1,1,0.0,0.0,0,0,6.0,6.0,4,0,2,0,0.0,0.0,1.0,3.0,7.5,Cold
12964,1,0,1,1,0.0,0.0,0,0,6.0,6.0,1,0,0,0,0.0,0.0,-1.0,6.0,9.0,Cold
12963,1,0,1,1,0.0,0.0,0,0,6.0,6.0,3,2,0,0,0.0,0.0,1.0,4.0,18.0,Cold
12962,1,0,1,1,0.0,0.0,0,0,6.0,6.0,1,0,0,0,0.0,0.0,-1.0,6.0,9.0,Cold
12961,1,0,6,1,0.0,0.0,0,0,6.0,6.0,2,3,0,0,0.0,0.0,4.0,2.0,24.5,Warm
12960,1,0,1,0,0.0,0.0,0,1,6.0,6.0,2,2,0,0,0.0,0.0,0.0,6.0,9.0,Cold
12959,1,0,2,1,0.0,0.0,0,0,6.0,6.0,4,2,0,1,675.0,0.0,0.0,6.0,23.0,Warm
12958,1,0,1,1,0.0,0.0,0,0,6.0,6.0,3,2,1,0,0.0,0.0,1.5,3.0,11.0,Cold
12957,1,0,1,1,0.0,0.0,0,0,6.0,6.0,1,0,0,0,0.0,0.0,-1.0,6.0,9.0,Cold
12956,1,0,1,1,0.0,0.0,0,0,6.0,6.0,1,2,0,0,0.0,0.0,-1.0,6.0,12.0,Cold
12955,1,0,1,1,0.0,0.0,0,0,6.0,6.0,3,1,0,0,102.0,0.0,0.0,6.0,15.5,Cold
12954,1,0,1,1,0.0,0.0,0,0,6.0,6.0,2,1,0,0,0.0,0.0,0.0,6.0,13.5,Cold
12953,1,0,2,1,0.0,0.0,0,0,6.0,6.0,4,1,0,0,161.0,0.0,1.0,3.0,16.5,Cold
12952,1,0,1,1,0.0,0.0,0,0,6.0,6.0,1,2,0,0,0.0,0.0,-1.0,6.0,12.0,Cold
12951,1,0,1,1,0.0,0.0,0,0,6.0,6.0,2,1,0,0,0.0,0.0,0.0,6.0,13.5,Cold
12950,1,0,1,1,0.0,0.0,0,0,6.0,6.0,5,0,0,0,28.0,0.0,1.0,2.0,14.0,Cold
12949,1,0,1,1,0.0,0.0,0,0,6.0,6.0,1,1,0,0,0.0,0.0,-1.0,6.0,10.5,Cold
12948,1,0,2,1,0.0,0.0,0,0,6.0,6.0,4,0,0,1,282.0,0.0,0.0,6.0,20.0,Cold
12947,1,0,1,1,0.0,0.0,0,0,6.0,6.0,2,0,0,0,0.0,0.0,0.0,6.0,12.0,Cold
12946,1,0,1,1,0.0,0.0,0,0,6.0,6.0,3,2,0,0,0.0,0.0,1.0,4.0,18.0,Cold
12945,1,0,1,1,0.0,0.0,0,0,6.0,6.0,3,2,0,0,0.0,0.0,1.0,4.0,18.0,Cold
12944,1,0,1,1,0.0,0.0,0,0,6.0,6.0,4,3,0,0,32.0,0.0,0.67,4.0,21.5,Warm
12943,1,0,1,1,0.0,0.0,0,0,7.0,7.0,1,0,0,0,0.0,0.0,-1.0,7.0,8.0,Cold
12942,1,0,6,1,0.0,0.0,0,0,7.0,7.0,2,0,0,0,0.0,0.0,0.0,7.0,13.5,Cold
12941,1,0,1,1,0.0,0.0,0,0,7.0,7.0,1,2,0,0,0.0,0.0,-1.0,7.0,11.0,Cold
12940,1,0,1,1,0.0,0.0,0,0,7.0,7.0,3,1,2,0,0.0,0.0,0.5,6.0,8.0,Cold
12939,1,0,1,1,0.0,0.0,0,0,7.0,7.0,1,0,0,0,0.0,0.0,-1.0,7.0,8.0,Cold
12938,1,0,1,0,0.0,0.0,0,1,7.0,7.0,3,0,0,0,19.0,0.0,0.0,7.0,10.0,Cold
12937,1,0,1,1,0.0,0.0,0,0,7.0,7.0,1,0,0,0,0.0,0.0,-1.0,7.0,8.0,Cold
12936,1,0,1,1,0.0,0.0,0,0,7.0,7.0,2,0,0,0,0.0,0.0,0.0,7.0,8.5,Cold
12935,1,0,1,1,0.0,0.0,0,0,7.0,7.0,1,0,0,0,0.0,0.0,-1.0,7.0,8.0,Cold
12934,1,0,1,1,0.0,0.0,0,0,7.0,7.0,4,0,0,0,43.0,0.0,0.33,6.0,13.0,Cold
12933,1,0,1,1,0.0,0.0,0,0,7.0,7.0,1,0,0,0,0.0,0.0,-1.0,7.0,8.0,Cold
12932,1,0,1,1,0.0,0.0,0,0,7.0,7.0,3,3,0,0,0.0,0.0,2.0,3.0,18.5,Cold
12931,1,0,1,1,0.0,0.0,0,0,7.0,7.0,2,0,0,0,0.0,0.0,0.0,7.0,8.5,Cold
12930,1,0,1,1,0.0,0.0,0,0,8.0,7.0,1,1,0,0,0.0,0.0,-1.0,8.0,9.5,Cold
12929,1,0,1,1,0.0,0.0,0,0,8.0,7.0,1,0,0,0,0.0,0.0,-1.0,8.0,8.0,Cold
12928,1,0,2,1,0.0,0.0,0,0,8.0,7.0,2,2,0,0,0.0,0.0,5.0,3.0,15.0,Cold
12927,1,0,1,1,0.0,0.0,0,0,8.0,8.0,1,0,0,0,0.0,0.0,-1.0,8.0,8.0,Cold
12926,1,0,1,1,0.0,0.0,0,0,8.0,8.0,1,0,0,0,0.0,0.0,-1.0,8.0,8.0,Cold
12925,1,0,1,1,0.0,0.0,0,0,8.0,8.0,1,0,0,0,0.0,0.0,-1.0,8.0,8.0,Cold
12924,1,0,1,1,0.0,0.0,0,0,8.0,8.0,3,0,0,0,0.0,0.0,0.0,8.0,11.5,Cold
12923,1,0,1,1,0.0,0.0,0,0,8.0,8.0,1,0,0,0,0.0,0.0,-1.0,8.0,8.0,Cold
12922,1,0,1,1,0.0,0.0,0,0,8.0,8.0,3,0,0,1,231.0,0.0,0.0,8.0,18.0,Cold
12921,1,0,1,1,0.0,0.0,0,0,8.0,8.0,4,0,2,0,0.0,0.0,1.0,5.0,9.0,Cold
12920,1,0,1,1,0.0,0.0,0,0,8.0,8.0,3,0,0,0,21.0,0.0,0.0,8.0,13.0,Cold
12919,1,0,1,1,0.0,0.0,0,0,8.0,8.0,3,1,0,1,148.0,0.0,0.0,8.0,19.5,Cold
12918,1,0,1,1,0.0,0.0,0,0,8.0,8.0,3,0,0,0,0.0,0.0,2.5,3.0,8.5,Cold
12917,1,0,2,1,0.0,0.0,0,0,8.0,8.0,1,1,0,0,0.0,0.0,-1.0,8.0,14.0,Cold
12916,1,0,1,1,0.0,0.0,0,0,8.0,8.0,2,0,0,0,0.0,0.0,0.0,8.0,11.0,Cold
12915,1,0,1,1,0.0,0.0,0,0,8.0,8.0,1,0,0,0,0.0,0.0,-1.0,8.0,8.0,Cold
12914,1,0,1,1,0.0,0.0,0,0,8.0,8.0,2,0,0,0,0.0,0.0,0.0,8.0,11.0,Cold
12913,1,0,1,1,0.0,0.0,0,0,8.0,8.0,3,2,2,0,0.0,0.0,0.0,8.0,9.5,Cold
12912,1,0,1,1,0.0,0.0,0,0,8.0,8.0,1,0,0,0,0.0,0.0,-1.0,8.0,8.0,Cold
12911,1,0,1,1,0.0,0.0,0,0,8.0,8.0,3,0,0,0,32.0,0.0,0.0,8.0,13.0,Cold
12910,1,0,1,1,0.0,0.0,0,0,8.0,8.0,2,2,1,0,0.0,0.0,0.0,8.0,9.5,Cold
12909,1,0,1,1,0.0,0.0,0,0,8.0,8.0,1,1,0,0,0.0,0.0,-1.0,8.0,9.5,Cold
12908,1,0,1,1,0.0,0.0,0,0,8.0,8.0,4,0,0,1,240.0,0.0,1.0,5.0,18.0,Cold
12907,1,0,1,1,0.0,0.0,0,0,8.0,8.0,5,1,1,0,0.0,0.0,0.5,6.0,10.5,Cold
12906,1,0,2,1,0.0,0.0,0,0,8.0,8.0,2,2,0,0,0.0,0.0,0.0,8.0,15.0,Cold
12905,1,0,1,1,0.0,0.0,0,0,8.0,8.0,3,2,0,0,0.0,0.0,2.0,4.0,17.0,Cold
12904,1,0,1,1,0.0,0.0,0,0,9.0,9.0,4,0,0,1,538.0,0.0,2.33,2.0,18.0,Cold
12903,1,0,1,1,0.0,0.0,0,0,9.0,9.0,4,0,3,0,0.0,0.0,1.33,5.0,6.5,Cold
12902,1,0,2,1,0.0,0.0,0,0,9.0,9.0,2,2,0,0,0.0,0.0,0.0,9.0,15.0,Cold
12901,1,0,2,1,0.0,0.0,0,0,9.0,9.0,4,1,1,0,102.0,0.0,2.0,3.0,13.5,Cold
12900,1,0,1,1,0.0,0.0,0,0,9.0,9.0,4,3,0,0,104.0,0.0,1.67,4.0,20.5,Warm
12899,1,0,1,1,0.0,0.0,0,0,9.0,9.0,2,0,0,0,0.0,0.0,0.0,9.0,8.5,Cold
12898,1,0,1,1,0.0,0.0,0,0,9.0,9.0,2,0,0,0,0.0,0.0,0.0,9.0,11.0,Cold
12897,1,0,2,1,0.0,0.0,0,0,9.0,9.0,2,0,0,0,0.0,0.0,0.0,9.0,12.0,Cold
12896,1,0,1,0,0.0,0.0,0,1,9.0,9.0,4,1,1,0,0.0,0.0,0.67,7.0,7.5,Cold
12895,1,0,1,1,0.0,0.0,0,0,9.0,9.0,2,0,0,0,0.0,0.0,0.0,9.0,8.5,Cold
12894,1,0,1,0,0.0,0.0,0,1,9.0,9.0,4,1,1,0,44.0,0.0,0.0,9.0,9.5,Cold
12893,1,0,1,1,0.0,0.0,0,0,9.0,9.0,4,0,1,0,0.0,0.0,1.33,5.0,9.0,Cold
12892,1,0,1,1,0.0,0.0,0,0,10.0,9.0,1,0,0,0,0.0,0.0,-1.0,10.0,8.0,Cold
12891,1,0,1,1,0.0,0.0,0,0,10.0,9.0,2,0,0,0,0.0,0.0,1.0,9.0,8.5,Cold
12890,1,0,2,1,0.0,0.0,0,0,10.0,10.0,2,0,0,0,0.0,0.0,1.0,9.0,12.0,Cold
12889,1,0,1,1,0.0,0.0,0,0,10.0,10.0,3,0,0,0,0.0,0.0,0.5,9.0,11.0,Cold
12888,1,0,1,1,0.0,0.0,0,0,10.0,10.0,1,0,0,0,0.0,0.0,-1.0,10.0,8.0,Cold
12887,1,0,1,1,0.0,0.0,0,0,10.0,10.0,2,0,0,0,0.0,0.0,1.0,9.0,11.0,Cold
12886,1,0,1,1,0.0,0.0,0,0,10.0,10.0,2,2,0,0,0.0,0.0,1.0,9.0,14.0,Cold
12885,1,0,1,1,0.0,0.0,0,0,10.0,10.0,1,0,0,0,0.0,0.0,-1.0,10.0,8.0,Cold
12884,1,0,1,1,0.0,0.0,0,0,10.0,10.0,2,0,0,0,0.0,0.0,0.0,10.0,8.5,Cold
12883,1,0,1,1,0.0,0.0,0,0,10.0,10.0,3,0,0,0,0.0,0.0,0.0,10.0,11.0,Cold
12882,1,0,1,1,0.0,0.0,0,0,10.0,10.0,1,0,0,0,0.0,0.0,-1.0,10.0,8.0,Cold
12881,1,0,1,1,0.0,0.0,0,0,10.0,10.0,5,0,1,1,223.0,0.0,1.0,6.0,16.0,Cold
12880,1,0,1,1,0.0,0.0,0,0,10.0,10.0,2,0,0,0,0.0,0.0,0.0,10.0,11.0,Cold
12879,1,0,1,1,0.0,0.0,0,0,10.0,10.0,1,1,0,0,0.0,0.0,-1.0,10.0,9.5,Cold
12878,1,0,1,1,0.0,0.0,0,0,10.0,10.0,1,0,0,0,0.0,0.0,-1.0,10.0,8.0,Cold
12877,1,0,1,1,0.0,0.0,0,0,10.0,10.0,8,1,1,1,135.0,0.0,1.14,2.0,17.5,Cold
12876,1,0,1,1,0.0,0.0,0,0,10.0,10.0,1,0,0,0,0.0,0.0,-1.0,10.0,8.0,Cold
12875,1,0,1,1,0.0,0.0,0,0,10.0,10.0,4,0,0,0,120.0,0.0,0.33,9.0,13.0,Cold
12874,1,0,1,1,0.0,0.0,0,0,10.0,10.0,2,0,0,0,0.0,0.0,0.0,10.0,11.0,Cold
12873,1,0,1,1,0.0,0.0,0,0,10.0,10.0,3,0,1,0,0.0,0.0,1.5,7.0,9.0,Cold
12872,1,0,1,1,0.0,0.0,0,0,10.0,10.0,2,0,0,0,0.0,0.0,0.0,10.0,8.5,Cold
12871,1,0,6,1,0.0,0.0,0,0,10.0,10.0,5,1,1,1,332.0,0.0,0.0,10.0,22.5,Warm
12870,1,0,1,1,0.0,0.0,0,0,10.0,10.0,5,0,2,0,0.0,0.0,0.75,7.0,9.0,Cold
12869,1,0,1,1,0.0,0.0,0,0,10.0,10.0,1,0,0,0,0.0,0.0,-1.0,10.0,8.0,Cold
12868,1,0,1,1,0.0,0.0,0,0,10.0,10.0,2,0,0,0,0.0,0.0,0.0,10.0,8.5,Cold
12867,1,0,1,1,0.0,0.0,0,0,10.0,10.0,3,0,0,0,0.0,0.0,1.0,8.0,8.5,Cold
12866,1,0,1,1,0.0,0.0,0,0,10.0,10.0,3,0,0,0,0.0,0.0,0.5,9.0,11.0,Cold
12865,1,0,1,1,0.0,0.0,0,0,10.0,10.0,1,0,0,0,0.0,0.0,-1.0,10.0,8.0,Cold
12864,1,0,1,1,0.0,0.0,0,0,10.0,10.0,1,0,0,0,0.0,0.0,-1.0,10.0,8.0,Cold
12863,1,0,1,1,0.0,0.0,0,0,10.0,10.0,1,0,0,0,0.0,0.0,-1.0,10.0,8.0,Cold
12862,1,0,1,1,0.0,0.0,0,0,10.0,10.0,2,2,0,0,0.0,0.0,0.0,10.0,11.5,Cold
12861,1,0,1,1,0.0,0.0,0,0,10.0,10.0,3,0,1,0,0.0,0.0,1.0,8.0,7.0,Cold
12860,1,0,1,1,0.0,0.0,0,0,10.0,10.0,2,0,0,0,0.0,0.0,0.0,10.0,11.0,Cold
12859,1,0,1,1,0.0,0.0,0,0,10.0,10.0,5,0,1,1,336.0,0.0,2.0,2.0,16.0,Cold
12858,1,0,1,1,0.0,0.0,0,0,10.0,10.0,3,0,0,0,0.0,0.0,0.0,10.0,8.5,Cold
12857,1,0,6,1,0.0,0.0,0,0,10.0,10.0,3,1,0,1,151.0,0.0,0.0,10.0,24.5,Warm
12856,1,0,1,1,0.0,0.0,0,0,10.0,10.0,1,0,0,0,0.0,0.0,-1.0,10.0,8.0,Cold
12855,1,0,1,1,0.0,0.0,0,0,10.0,10.0,4,0,0,1,171.0,0.0,0.33,9.0,18.0,Cold
12854,1,0,1,1,0.0,0.0,0,0,10.0,10.0,2,0,0,0,114.0,0.0,0.0,6.0,13.0,Cold
12853,1,0,1,0,0.0,0.0,0,1,10.0,10.0,3,0,0,0,0.0,0.0,0.0,10.0,8.0,Cold
12852,1,0,1,1,0.0,0.0,0,0,11.0,11.0,5,1,0,1,684.0,0.0,0.25,10.0,19.5,Cold
12851,1,0,1,1,0.0,0.0,0,0,11.0,11.0,2,0,0,0,0.0,0.0,1.0,10.0,8.5,Cold
12850,1,0,1,1,0.0,0.0,0,0,11.0,11.0,9,0,0,1,357.0,0.0,1.12,2.0,18.0,Cold
12849,1,0,1,1,0.0,0.0,0,0,12.0,11.0,1,0,0,0,0.0,0.0,-1.0,12.0,8.0,Cold
12848,1,0,1,1,0.0,0.0,0,0,12.0,11.0,1,0,0,0,0.0,0.0,-1.0,12.0,8.0,Cold
12847,1,0,1,1,0.0,0.0,0,0,12.0,11.0,1,0,0,0,0.0,0.0,-1.0,12.0,8.0,Cold
12846,1,0,1,1,0.0,0.0,0,0,12.0,11.0,2,0,0,0,0.0,0.0,2.0,10.0,11.0,Cold
12845,1,0,1,1,0.0,0.0,0,0,12.0,11.0,2,0,0,0,0.0,0.0,2.0,10.0,11.0,Cold
12844,1,0,1,1,0.0,0.0,0,0,12.0,11.0,1,0,0,0,0.0,0.0,-1.0,12.0,8.0,Cold
12843,1,0,1,1,0.0,0.0,0,0,12.0,11.0,5,0,3,0,0.0,0.0,1.0,8.0,9.5,Cold
12842,1,0,1,1,0.0,0.0,0,0,12.0,11.0,1,0,0,0,0.0,0.0,-1.0,12.0,8.0,Cold
12841,1,0,2,1,0.0,0.0,0,0,12.0,12.0,3,0,0,1,164.0,0.0,0.0,12.0,19.0,Cold
12840,1,0,1,1,0.0,0.0,0,0,12.0,12.0,2,0,0,0,0.0,0.0,2.0,10.0,11.0,Cold
12839,1,0,1,1,0.0,0.0,0,0,12.0,12.0,7,0,0,1,162.0,0.0,1.67,2.0,18.0,Cold
12838,1,0,2,1,0.0,0.0,0,0,12.0,12.0,4,0,0,0,144.0,0.0,0.0,12.0,14.0,Cold
12837,1,0,1,1,0.0,0.0,0,0,12.0,12.0,2,0,0,0,0.0,0.0,2.0,10.0,11.0,Cold
12836,1,0,1,1,0.0,0.0,0,0,12.0,12.0,1,1,0,0,0.0,0.0,-1.0,12.0,9.5,Cold
12835,1,0,1,1,0.0,0.0,0,0,12.0,12.0,1,0,0,0,0.0,0.0,-1.0,12.0,8.0,Cold
12834,1,0,1,1,0.0,0.0,0,0,12.0,12.0,3,1,0,1,164.0,0.0,0.0,12.0,19.5,Cold
12833,1,0,1,1,0.0,0.0,0,0,12.0,12.0,2,0,0,0,0.0,0.0,2.0,10.0,11.0,Cold
12832,1,0,2,1,0.0,0.0,0,0,12.0,12.0,2,1,0,0,0.0,0.0,0.0,12.0,13.5,Cold
12831,1,0,1,1,0.0,0.0,0,0,12.0,12.0,6,0,4,0,0.0,0.0,1.4,5.0,9.0,Cold
12830,1,0,1,1,0.0,0.0,0,0,12.0,12.0,2,0,1,0,0.0,0.0,0.0,12.0,6.5,Cold
12829,1,0,2,1,0.0,0.0,0,0,12.0,12.0,2,0,1,0,0.0,0.0,0.0,12.0,10.5,Cold
12828,1,0,1,1,0.0,0.0,0,0,12.0,12.0,4,0,0,0,52.0,0.0,0.67,10.0,13.0,Cold
12827,1,0,1,1,0.0,0.0,0,0,12.0,12.0,2,0,1,0,0.0,0.0,0.0,12.0,6.5,Cold
12826,1,0,1,1,0.0,0.0,0,0,12.0,12.0,6,0,0,0,45.0,0.0,0.6,9.0,13.0,Cold
12825,1,0,1,1,0.0,0.0,0,0,13.0,12.0,1,0,0,0,0.0,0.0,-1.0,13.0,8.0,Cold
12824,1,0,1,1,0.0,0.0,0,0,13.0,12.0,2,0,0,0,0.0,0.0,3.0,10.0,11.0,Cold
12823,1,0,1,1,0.0,0.0,0,0,13.0,12.0,1,0,0,0,0.0,0.0,-1.0,13.0,8.0,Cold
12822,1,0,2,1,0.0,0.0,0,0,13.0,13.0,2,0,0,0,0.0,0.0,1.0,12.0,10.0,Cold
12821,1,0,1,1,0.0,0.0,0,0,13.0,13.0,2,0,0,0,0.0,0.0,0.0,13.0,8.5,Cold
12820,1,0,2,1,0.0,0.0,0,0,13.0,13.0,2,2,0,0,0.0,0.0,0.0,13.0,12.5,Cold
12819,1,0,1,0,0.0,0.0,0,1,13.0,13.0,4,1,1,0,0.0,0.0,1.33,9.0,7.5,Cold
12818,1,0,2,1,0.0,0.0,0,0,13.0,13.0,2,4,0,0,0.0,0.0,5.0,8.0,18.0,Cold
12817,1,0,2,1,0.0,0.0,0,0,13.0,13.0,2,3,0,0,0.0,0.0,5.0,8.0,16.5,Cold
12816,1,0,1,1,0.0,0.0,0,0,13.0,13.0,1,0,0,0,0.0,0.0,-1.0,13.0,8.0,Cold
12815,1,0,1,1,0.0,0.0,0,0,13.0,13.0,4,4,0,0,0.0,0.0,1.33,9.0,21.2,Warm
12814,1,0,1,1,0.0,0.0,0,0,13.0,13.0,1,1,0,0,0.0,0.0,-1.0,13.0,9.5,Cold
12813,1,0,2,1,0.0,0.0,0,0,13.0,13.0,5,0,2,0,47.0,0.0,2.75,2.0,12.0,Cold
12812,1,0,1,0,0.0,0.0,0,1,13.0,13.0,4,1,2,0,0.0,0.0,1.33,9.0,5.5,Cold
12811,1,0,1,1,0.0,0.0,0,0,13.0,13.0,1,0,0,0,0.0,0.0,-1.0,13.0,8.0,Cold
12810,1,0,2,1,22500000.0,25000000.0,1,0,13.0,13.0,3,0,0,1,197.0,25000000.0,0.0,13.0,25.0,Warm
12809,1,0,1,1,0.0,0.0,0,0,13.0,13.0,1,1,0,0,0.0,0.0,-1.0,13.0,9.5,Cold
12808,1,0,2,1,12500000.0,13500000.0,1,0,13.0,13.0,4,0,0,0,133.0,13500000.0,0.0,13.0,18.0,Cold
12807,1,0,1,1,0.0,0.0,0,0,13.0,13.0,1,0,0,0,0.0,0.0,-1.0,13.0,8.0,Cold
12806,1,0,1,1,0.0,0.0,0,0,13.0,13.0,2,0,0,0,0.0,0.0,0.0,13.0,11.0,Cold
12805,1,0,2,1,6000000.0,7000000.0,1,0,13.0,13.0,3,0,1,0,0.0,7000000.0,0.0,13.0,13.5,Cold
12804,1,0,1,1,0.0,0.0,0,0,13.0,13.0,4,0,0,0,0.0,0.0,1.33,9.0,11.0,Cold
12803,1,0,1,1,0.0,0.0,0,0,13.0,13.0,6,0,1,1,141.0,0.0,2.2,2.0,16.0,Cold
12802,1,0,1,1,0.0,0.0,0,0,13.0,13.0,1,0,0,0,0.0,0.0,-1.0,13.0,8.0,Cold
12801,1,0,2,1,0.0,0.0,0,0,14.0,13.0,3,0,0,0,56.0,0.0,0.5,13.0,14.0,Cold
12800,1,0,1,1,0.0,0.0,0,0,14.0,13.0,2,0,0,0,0.0,0.0,1.0,13.0,8.5,Cold
12799,1,0,2,1,0.0,0.0,0,0,14.0,13.0,3,0,0,0,57.0,0.0,0.5,13.0,14.0,Cold
12798,1,0,1,1,0.0,0.0,0,0,14.0,13.0,2,1,0,1,144.0,0.0,1.0,13.0,19.5,Cold
12797,1,0,1,1,0.0,0.0,0,0,14.0,13.0,2,0,0,0,0.0,0.0,1.0,13.0,11.0,Cold
12796,1,0,2,1,0.0,0.0,0,0,14.0,13.0,3,0,2,0,0.0,0.0,6.0,2.0,8.0,Cold
12795,1,0,1,1,0.0,0.0,0,0,14.0,14.0,3,2,0,1,122.0,0.0,0.0,14.0,21.0,Warm
12794,1,0,1,1,0.0,0.0,0,0,14.0,14.0,1,1,0,0,0.0,0.0,-1.0,14.0,9.5,Cold
12793,1,0,2,1,0.0,0.0,0,0,14.0,14.0,3,0,0,0,0.0,0.0,0.5,13.0,12.5,Cold
12792,1,0,1,0,0.0,0.0,0,1,14.0,14.0,5,1,2,0,0.0,0.0,1.25,9.0,5.5,Cold
12791,1,0,1,1,0.0,0.0,0,0,14.0,14.0,1,0,0,0,0.0,0.0,-1.0,14.0,8.0,Cold
12790,1,0,2,1,0.0,0.0,0,0,14.0,14.0,2,0,1,0,0.0,0.0,0.0,14.0,10.5,Cold
12789,1,0,1,1,0.0,0.0,0,0,14.0,14.0,1,1,0,0,0.0,0.0,-1.0,14.0,9.5,Cold
12788,1,0,2,1,8000000.0,11000000.0,1,0,14.0,14.0,3,1,0,1,320.0,11000000.0,0.0,14.0,24.5,Warm
12787,1,0,1,1,0.0,0.0,0,0,14.0,14.0,3,0,1,0,0.0,0.0,3.0,8.0,6.5,Cold
12786,1,0,1,1,0.0,0.0,0,0,14.0,14.0,1,0,0,0,0.0,0.0,-1.0,14.0,8.0,Cold
12785,1,0,1,1,0.0,0.0,0,0,14.0,14.0,3,3,0,0,0.0,0.0,2.0,10.0,15.5,Cold
12784,1,0,1,1,0.0,0.0,0,0,14.0,14.0,8,1,0,0,21.0,0.0,1.57,3.0,14.5,Cold
12783,1,0,2,1,0.0,0.0,0,0,15.0,14.0,3,3,0,0,0.0,0.0,2.5,10.0,16.5,Cold
12782,1,0,1,1,0.0,0.0,0,0,15.0,15.0,7,4,0,1,227.0,0.0,1.0,9.0,24.0,Warm
12781,1,0,1,0,0.0,0.0,0,1,15.0,15.0,3,0,0,0,15.0,0.0,0.0,15.0,10.0,Cold
12780,1,0,1,1,0.0,0.0,0,0,15.0,15.0,2,1,0,0,0.0,0.0,0.0,15.0,13.7,Cold
12779,1,0,1,0,0.0,0.0,0,1,15.0,15.0,1,0,1,0,0.0,0.0,-1.0,14.0,1.5,Cold
12778,1,0,2,1,0.0,0.0,0,0,15.0,15.0,7,0,0,1,240.0,0.0,0.33,13.0,19.0,Cold
12777,1,0,2,1,0.0,0.0,0,0,15.0,15.0,5,1,1,0,42.0,0.0,0.75,12.0,13.5,Cold
12776,1,0,1,1,0.0,0.0,0,0,15.0,15.0,1,1,0,0,0.0,0.0,-1.0,15.0,9.5,Cold
12772,1,0,1,1,0.0,0.0,0,0,15.0,15.0,5,3,0,0,0.0,0.0,2.5,5.0,15.5,Cold
12768,1,0,1,1,0.0,0.0,0,0,15.0,15.0,4,1,0,0,0.0,0.0,4.33,2.0,12.5,Cold
12767,1,0,2,1,0.0,0.0,0,0,15.0,15.0,2,0,0,0,0.0,0.0,1.0,14.0,10.0,Cold
12766,1,0,6,1,0.0,0.0,0,0,15.0,15.0,3,0,0,0,0.0,0.0,0.5,14.0,13.5,Cold
12765,1,0,1,0,0.0,0.0,0,1,15.0,15.0,2,1,1,0,0.0,0.0,0.0,15.0,4.5,Cold
12764,1,0,1,1,0.0,0.0,0,0,15.0,15.0,1,0,0,0,0.0,0.0,-1.0,15.0,8.0,Cold
12763,1,0,1,1,0.0,0.0,0,0,15.0,15.0,3,0,1,0,0.0,0.0,1.0,13.0,9.0,Cold
12762,1,0,6,1,0.0,0.0,0,0,15.0,15.0,2,0,0,0,0.0,0.0,0.0,15.0,16.0,Cold
12761,1,0,6,1,0.0,0.0,0,0,16.0,15.0,6,1,0,1,564.0,0.0,0.2,15.0,24.5,Warm
12760,1,0,6,1,0.0,0.0,0,0,16.0,15.0,3,0,0,0,0.0,0.0,1.0,14.0,13.5,Cold
12759,1,0,2,1,0.0,0.0,0,0,16.0,15.0,7,2,3,1,251.0,0.0,2.33,2.0,20.0,Cold
12758,1,0,1,1,0.0,0.0,0,0,16.0,15.0,2,0,0,0,0.0,0.0,6.0,10.0,11.0,Cold
12757,1,0,2,1,0.0,0.0,0,0,16.0,15.0,3,0,0,0,34.0,0.0,0.5,15.0,14.0,Cold
12756,1,0,6,1,0.0,0.0,0,0,16.0,15.0,2,0,0,0,0.0,0.0,0.0,16.0,13.5,Cold
12755,1,0,6,1,0.0,0.0,0,0,16.0,15.0,3,1,0,0,33.0,0.0,0.5,15.0,19.5,Cold
12754,1,0,2,1,0.0,0.0,0,0,16.0,16.0,3,1,2,0,0.0,0.0,1.0,14.0,10.0,Cold
12753,1,0,1,1,0.0,0.0,0,0,16.0,16.0,7,0,0,0,0.0,0.0,1.67,6.0,11.0,Cold
12752,1,0,1,1,0.0,0.0,0,0,16.0,16.0,1,0,0,0,0.0,0.0,-1.0,16.0,8.0,Cold
12751,1,0,1,1,0.0,0.0,0,0,16.0,16.0,1,0,0,0,0.0,0.0,-1.0,16.0,8.0,Cold
12750,1,0,1,1,0.0,0.0,0,0,16.0,16.0,1,0,0,0,0.0,0.0,-1.0,16.0,8.0,Cold
12749,1,0,1,1,0.0,0.0,0,0,16.0,16.0,5,0,1,0,63.0,0.0,2.75,5.0,11.0,Cold
12748,1,0,1,1,0.0,0.0,0,0,16.0,16.0,1,0,0,0,0.0,0.0,-1.0,16.0,8.0,Cold
12747,1,0,1,0,0.0,0.0,0,1,16.0,16.0,2,0,0,0,0.0,0.0,6.0,10.0,5.0,Cold
12746,1,0,2,1,0.0,0.0,0,0,16.0,16.0,4,0,3,0,0.0,0.0,0.67,14.0,8.0,Cold
12745,1,0,1,1,0.0,0.0,0,0,16.0,16.0,1,0,0,0,0.0,0.0,-1.0,16.0,8.0,Cold
12744,1,0,2,1,0.0,0.0,0,0,16.0,16.0,3,0,2,0,0.0,0.0,0.5,15.0,8.0,Cold
12743,1,0,1,1,0.0,0.0,0,0,16.0,16.0,2,0,0,0,0.0,0.0,0.0,16.0,8.5,Cold
12742,1,0,4,1,0.0,0.0,0,0,16.0,16.0,6,1,2,0,0.0,0.0,1.6,8.0,12.5,Cold
12741,1,0,2,1,0.0,0.0,0,0,16.0,16.0,4,1,1,0,0.0,0.0,1.0,13.0,12.0,Cold
12740,1,0,1,1,0.0,0.0,0,0,16.0,16.0,11,0,1,1,414.0,0.0,0.9,7.0,16.0,Cold
12739,1,0,1,1,0.0,0.0,0,0,16.0,16.0,8,2,0,1,205.0,0.0,0.43,13.0,24.0,Warm
12738,1,0,1,1,0.0,0.0,0,0,16.0,16.0,4,0,1,0,0.0,0.0,0.33,15.0,9.0,Cold
12737,1,0,1,1,0.0,0.0,0,0,16.0,16.0,2,0,0,0,0.0,0.0,0.0,16.0,11.0,Cold
12736,1,0,6,1,0.0,0.0,0,0,16.0,16.0,4,0,0,0,0.0,0.0,4.67,2.0,16.0,Cold
12735,1,0,1,1,0.0,0.0,0,0,16.0,16.0,6,0,4,0,0.0,0.0,1.6,8.0,9.0,Cold
12734,1,0,1,1,0.0,0.0,0,0,16.0,16.0,4,0,0,0,0.0,0.0,0.67,14.0,11.0,Cold
12733,1,0,1,1,0.0,0.0,0,0,16.0,16.0,1,0,0,0,0.0,0.0,-1.0,16.0,8.0,Cold
12732,1,0,6,1,0.0,0.0,0,0,16.0,16.0,2,0,0,0,0.0,0.0,0.0,16.0,13.5,Cold
12731,1,0,2,1,13000000.0,14000000.0,1,0,16.0,16.0,3,0,0,0,0.0,14000000.0,0.5,15.0,16.5,Cold
12730,1,0,1,1,0.0,0.0,0,0,17.0,16.0,1,1,0,0,0.0,0.0,-1.0,17.0,9.5,Cold
12729,1,0,2,1,0.0,0.0,0,0,17.0,16.0,2,0,1,0,0.0,0.0,1.0,16.0,8.0,Cold
12728,1,0,1,1,0.0,0.0,0,0,17.0,16.0,1,1,0,0,0.0,0.0,-1.0,17.0,9.5,Cold
12727,1,0,1,1,0.0,0.0,0,0,17.0,16.0,2,0,0,0,0.0,0.0,7.0,10.0,8.5,Cold
12726,1,0,1,1,0.0,0.0,0,0,17.0,17.0,4,1,0,0,0.0,0.0,0.67,15.0,12.5,Cold
12725,1,0,6,1,0.0,0.0,0,0,17.0,17.0,20,5,0,1,2466.0,0.0,0.74,3.0,33.5,Warm
12724,1,0,2,1,0.0,0.0,0,0,17.0,17.0,5,1,0,1,214.0,0.0,0.5,15.0,20.5,Warm
12723,1,0,1,1,0.0,0.0,0,0,17.0,17.0,2,2,0,0,0.0,0.0,0.0,17.0,11.5,Cold
12722,2,0,1,1,0.0,0.0,0,0,17.0,17.0,7,4,1,0,46.0,0.0,1.33,9.0,20.0,Cold
12721,1,0,1,1,0.0,0.0,0,0,17.0,17.0,1,0,0,0,0.0,0.0,-1.0,17.0,8.0,Cold
12720,1,0,6,1,0.0,0.0,0,0,17.0,17.0,3,2,0,0,14.0,0.0,0.0,17.0,24.0,Warm
12719,1,0,6,1,0.0,0.0,0,0,17.0,17.0,5,0,0,0,0.0,0.0,3.75,2.0,16.0,Cold
12718,1,0,1,1,0.0,0.0,0,0,17.0,17.0,1,0,0,0,0.0,0.0,-1.0,17.0,8.0,Cold
12717,1,0,6,1,0.0,0.0,0,0,17.0,17.0,2,2,0,0,0.0,0.0,1.0,16.0,16.5,Cold
12716,1,0,6,1,0.0,0.0,0,0,17.0,17.0,2,0,0,0,0.0,0.0,1.0,16.0,13.5,Cold
12715,1,0,1,1,0.0,0.0,0,0,17.0,17.0,1,1,0,0,0.0,0.0,-1.0,17.0,9.5,Cold
12714,1,0,2,1,0.0,0.0,0,0,17.0,17.0,4,0,0,1,353.0,0.0,0.0,17.0,19.0,Cold
12713,1,0,6,1,0.0,0.0,0,0,17.0,17.0,3,0,0,0,0.0,0.0,7.5,2.0,13.5,Cold
12712,1,0,1,1,0.0,0.0,0,0,17.0,17.0,1,0,0,0,0.0,0.0,-1.0,17.0,8.0,Cold
12711,1,0,1,1,0.0,0.0,0,0,17.0,17.0,4,1,3,0,0.0,0.0,0.33,16.0,8.0,Cold
12710,1,0,1,0,0.0,0.0,0,1,17.0,17.0,1,1,0,0,0.0,0.0,-1.0,17.0,6.5,Cold
12709,1,0,1,1,0.0,0.0,0,0,18.0,17.0,1,0,0,0,0.0,0.0,-1.0,18.0,8.0,Cold
12708,1,0,2,1,0.0,0.0,0,0,18.0,17.0,2,0,1,0,0.0,0.0,1.0,17.0,8.0,Cold
12707,1,0,6,1,0.0,0.0,0,0,18.0,17.0,3,0,0,0,0.0,0.0,8.0,2.0,13.5,Cold
12706,1,0,1,1,0.0,0.0,0,0,18.0,17.0,1,0,0,0,0.0,0.0,-1.0,18.0,8.0,Cold
12705,1,0,2,1,0.0,0.0,0,0,18.0,18.0,5,2,1,0,54.0,0.0,0.5,16.0,15.0,Cold
12704,1,0,1,1,0.0,0.0,0,0,18.0,18.0,7,2,1,0,92.0,0.0,2.0,6.0,14.0,Cold
12703,1,0,6,1,0.0,0.0,0,0,18.0,18.0,4,0,0,0,0.0,0.0,5.33,2.0,16.0,Cold
12702,1,0,2,1,0.0,0.0,0,0,18.0,18.0,2,0,1,0,0.0,0.0,0.0,18.0,8.0,Cold
12701,1,0,1,0,0.0,0.0,0,1,18.0,18.0,7,0,1,0,34.0,0.0,1.33,10.0,8.0,Cold
12700,1,0,2,1,0.0,0.0,0,0,18.0,18.0,5,0,0,1,149.0,0.0,0.25,17.0,19.0,Cold
12699,1,0,1,0,0.0,0.0,0,1,18.0,18.0,4,0,0,0,68.0,0.0,0.33,17.0,10.0,Cold
12698,1,0,2,1,0.0,0.0,0,0,18.0,18.0,7,0,0,0,49.0,0.0,1.5,9.0,14.0,Cold
12697,1,0,1,1,0.0,0.0,0,0,18.0,18.0,2,1,0,0,0.0,0.0,1.0,17.0,12.5,Cold
12696,1,0,6,1,0.0,0.0,0,0,18.0,18.0,3,0,0,0,0.0,0.0,8.0,2.0,16.0,Cold
12695,1,0,1,1,0.0,0.0,0,0,18.0,18.0,3,0,0,1,1855.0,0.0,2.0,14.0,18.0,Cold
12694,1,0,1,1,0.0,0.0,0,0,18.0,18.0,1,0,0,0,0.0,0.0,-1.0,18.0,8.0,Cold
12693,1,0,6,1,0.0,0.0,0,0,18.0,18.0,4,1,0,1,209.0,0.0,0.33,17.0,27.5,Warm
12692,1,0,6,1,0.0,0.0,0,0,18.0,18.0,3,0,0,0,0.0,0.0,8.0,2.0,13.5,Cold
12691,1,0,1,1,0.0,0.0,0,0,18.0,18.0,2,0,0,0,0.0,0.0,16.0,2.0,8.5,Cold
12690,1,0,2,1,5000000.0,8000000.0,1,0,18.0,18.0,3,0,1,0,0.0,8000000.0,2.0,14.0,13.5,Cold
12689,1,0,1,1,0.0,0.0,0,0,18.0,18.0,1,0,0,0,0.0,0.0,-1.0,18.0,8.0,Cold
12688,1,0,6,1,0.0,0.0,0,0,19.0,18.0,3,0,0,0,0.0,0.0,8.5,2.0,13.5,Cold
12687,1,0,2,1,0.0,0.0,0,0,19.0,18.0,2,0,1,0,0.0,0.0,1.0,18.0,8.0,Cold
12686,1,0,1,1,0.0,0.0,0,0,19.0,18.0,1,0,0,0,0.0,0.0,-1.0,19.0,8.0,Cold
12685,1,0,2,1,0.0,0.0,0,0,19.0,18.0,5,0,0,0,147.0,0.0,1.25,14.0,14.0,Cold
12684,1,0,1,1,0.0,0.0,0,0,19.0,19.0,3,3,0,0,0.0,0.0,0.0,19.0,15.5,Cold
12683,1,0,1,1,15000000.0,15500000.0,1,0,19.0,19.0,4,0,0,1,164.0,15500000.0,1.67,14.0,22.0,Warm
12682,1,0,2,1,0.0,0.0,0,0,19.0,19.0,4,0,0,1,590.0,0.0,0.67,17.0,19.0,Cold
12681,1,0,1,1,0.0,0.0,0,0,19.0,19.0,2,0,0,0,0.0,0.0,0.0,19.0,11.0,Cold
12680,1,0,1,1,0.0,0.0,0,0,19.0,19.0,5,1,0,0,0.0,0.0,2.25,10.0,12.5,Cold
12679,1,0,2,1,0.0,0.0,0,0,19.0,19.0,4,0,0,1,236.0,0.0,1.67,14.0,19.0,Cold
12678,1,0,2,1,0.0,0.0,0,0,19.0,19.0,3,0,2,0,0.0,0.0,1.0,17.0,10.5,Cold
12677,1,0,1,1,0.0,0.0,0,0,19.0,19.0,7,2,4,0,0.0,0.0,1.17,12.0,12.0,Cold
12676,1,0,1,1,0.0,0.0,0,0,19.0,19.0,4,0,0,1,187.0,0.0,0.67,17.0,18.0,Cold
12675,1,0,2,1,0.0,0.0,0,0,19.0,19.0,5,0,0,1,383.0,0.0,1.25,14.0,19.0,Cold
12674,1,0,2,1,0.0,0.0,0,0,19.0,19.0,5,3,0,1,156.0,0.0,1.25,14.0,23.5,Warm
12673,1,0,1,1,0.0,0.0,0,0,19.0,19.0,8,1,3,1,190.0,0.0,1.43,9.0,17.5,Cold
12672,1,0,1,1,0.0,0.0,0,0,19.0,19.0,2,0,0,0,0.0,0.0,0.0,19.0,8.5,Cold
12671,1,0,1,1,0.0,0.0,0,0,19.0,19.0,5,0,1,0,0.0,0.0,2.75,8.0,6.5,Cold
12670,1,0,1,1,0.0,0.0,0,0,19.0,19.0,1,1,0,0,0.0,0.0,-1.0,19.0,9.5,Cold
12669,1,0,2,1,7000000.0,8000000.0,1,0,19.0,19.0,3,0,0,0,0.0,8000000.0,1.0,17.0,15.5,Cold
12668,1,0,1,1,0.0,0.0,0,0,19.0,19.0,8,4,2,1,183.0,0.0,1.71,7.0,22.0,Warm
12667,1,0,1,1,0.0,0.0,0,0,19.0,19.0,3,1,0,1,224.0,0.0,0.0,19.0,19.5,Cold
12666,1,0,1,1,0.0,0.0,0,0,19.0,19.0,2,0,0,0,0.0,0.0,0.0,19.0,8.5,Cold
12665,1,0,1,1,0.0,0.0,0,0,19.0,19.0,6,2,1,0,0.0,0.0,1.4,12.0,12.0,Cold
12664,1,0,1,1,0.0,0.0,0,0,19.0,19.0,1,0,0,0,0.0,0.0,-1.0,19.0,8.0,Cold
12663,1,0,1,0,0.0,0.0,0,1,19.0,19.0,5,0,0,0,26.0,0.0,1.25,14.0,8.0,Cold
12662,1,0,2,1,0.0,0.0,0,0,19.0,19.0,3,0,1,0,0.0,0.0,1.0,17.0,10.5,Cold
12661,1,0,1,1,0.0,0.0,0,0,19.0,19.0,7,0,4,0,73.0,0.0,0.5,16.0,11.0,Cold
12660,1,0,1,1,0.0,0.0,0,0,19.0,19.0,2,0,0,0,0.0,0.0,0.0,19.0,8.5,Cold
12659,1,0,2,1,0.0,0.0,0,0,19.0,19.0,5,2,0,0,106.0,0.0,1.25,14.0,17.0,Cold
12658,1,0,2,1,0.0,0.0,0,0,19.0,19.0,6,0,0,1,223.0,0.0,1.0,14.0,19.0,Cold
12657,1,0,6,1,0.0,0.0,0,0,19.0,19.0,2,0,0,0,0.0,0.0,0.0,19.0,13.5,Cold
12656,1,0,2,1,0.0,0.0,0,0,19.0,19.0,2,0,1,0,0.0,0.0,0.0,19.0,7.5,Cold
12655,1,0,1,1,0.0,0.0,0,0,19.0,19.0,1,0,0,0,0.0,0.0,-1.0,19.0,8.0,Cold
12654,1,0,1,1,0.0,0.0,0,0,19.0,19.0,1,1,0,0,0.0,0.0,-1.0,19.0,9.5,Cold
12653,1,0,1,1,0.0,0.0,0,0,19.0,19.0,1,0,0,0,0.0,0.0,-1.0,19.0,8.0,Cold
12652,1,0,1,1,0.0,0.0,0,0,19.0,19.0,1,1,0,0,0.0,0.0,-1.0,19.0,9.5,Cold
12651,1,0,1,1,0.0,0.0,0,0,19.0,19.0,1,0,0,0,0.0,0.0,-1.0,19.0,8.0,Cold
12650,1,0,2,1,0.0,0.0,0,0,20.0,20.0,2,0,1,0,0.0,0.0,0.0,20.0,10.5,Cold
12649,1,0,1,1,0.0,0.0,0,0,20.0,20.0,7,1,2,0,93.0,0.0,2.17,7.0,12.5,Cold
12648,1,0,1,1,0.0,0.0,0,0,20.0,20.0,2,0,1,0,0.0,0.0,0.0,20.0,7.0,Cold
12647,1,0,1,1,0.0,0.0,0,0,20.0,20.0,11,3,0,1,452.0,0.0,0.7,13.0,22.5,Warm
12646,1,0,1,1,0.0,0.0,0,0,20.0,20.0,1,0,0,0,0.0,0.0,-1.0,20.0,8.0,Cold
12645,1,0,1,1,0.0,0.0,0,0,20.0,20.0,1,1,0,0,0.0,0.0,-1.0,20.0,9.5,Cold
12644,1,0,6,1,0.0,0.0,0,0,20.0,20.0,5,0,0,1,419.0,0.0,4.5,2.0,23.0,Warm
12643,1,0,1,1,0.0,0.0,0,0,20.0,20.0,1,1,0,0,0.0,0.0,-1.0,20.0,9.5,Cold
12642,1,0,2,1,0.0,0.0,0,0,20.0,20.0,9,5,1,1,277.0,0.0,0.62,15.0,24.5,Warm
12641,1,0,1,1,0.0,0.0,0,0,20.0,20.0,1,1,0,0,0.0,0.0,-1.0,20.0,9.5,Cold
12640,1,0,2,1,0.0,0.0,0,0,20.0,20.0,2,0,0,0,0.0,0.0,0.0,20.0,12.0,Cold
12639,1,0,2,1,0.0,0.0,0,0,20.0,20.0,4,0,1,0,35.0,0.0,1.33,16.0,12.0,Cold
12638,1,0,1,0,0.0,0.0,0,1,20.0,20.0,6,0,2,0,38.0,0.0,2.2,9.0,8.0,Cold
12637,1,0,1,0,0.0,0.0,0,1,20.0,20.0,3,1,1,0,0.0,0.0,4.0,12.0,8.0,Cold
12636,1,0,1,1,0.0,0.0,0,0,20.0,20.0,1,1,0,0,0.0,0.0,-1.0,20.0,9.5,Cold
12635,1,0,6,1,0.0,0.0,0,0,20.0,20.0,3,0,0,0,0.0,0.0,9.0,2.0,16.0,Cold
12634,1,0,2,1,0.0,0.0,0,0,20.0,20.0,3,2,0,0,0.0,0.0,1.5,17.0,15.5,Cold
12633,1,0,1,1,0.0,0.0,0,0,21.0,20.0,2,0,0,0,64.0,0.0,1.0,20.0,13.0,Cold
12632,1,0,1,1,0.0,0.0,0,0,21.0,20.0,1,0,0,0,0.0,0.0,-1.0,21.0,8.0,Cold
12631,1,0,2,1,0.0,0.0,0,0,21.0,20.0,2,0,1,0,0.0,0.0,0.0,21.0,8.0,Cold
12630,1,0,2,1,0.0,0.0,0,0,21.0,21.0,3,2,0,0,0.0,0.0,0.5,20.0,15.5,Cold
12629,1,0,1,1,0.0,0.0,0,0,21.0,21.0,6,2,1,0,47.0,0.0,1.8,12.0,14.0,Cold
12628,1,0,6,1,0.0,0.0,0,0,21.0,21.0,2,0,0,0,0.0,0.0,1.0,20.0,13.5,Cold
12627,1,0,1,1,0.0,0.0,0,0,21.0,21.0,1,1,0,0,0.0,0.0,-1.0,21.0,9.5,Cold
12626,1,0,1,1,0.0,0.0,0,0,21.0,21.0,1,1,0,0,0.0,0.0,-1.0,21.0,9.5,Cold
12625,2,0,2,1,0.0,0.0,0,0,21.0,21.0,3,2,0,1,131.0,0.0,0.5,20.0,25.0,Warm
12624,1,0,1,1,0.0,0.0,0,0,21.0,21.0,1,0,0,0,0.0,0.0,-1.0,21.0,8.0,Cold
12620,1,0,6,1,0.0,0.0,0,0,21.0,21.0,2,1,0,0,0.0,0.0,0.0,21.0,15.0,Cold
12619,1,0,1,1,0.0,0.0,0,0,21.0,21.0,1,0,0,0,0.0,0.0,-1.0,21.0,8.0,Cold
12618,1,0,1,1,0.0,0.0,0,0,21.0,21.0,1,1,0,0,0.0,0.0,-1.0,21.0,9.5,Cold
12617,1,0,6,1,0.0,0.0,0,0,21.0,21.0,4,0,3,0,0.0,0.0,1.33,17.0,14.5,Cold
12616,1,0,1,0,0.0,0.0,0,1,21.0,21.0,2,0,1,0,0.0,0.0,0.0,21.0,4.0,Cold
12615,1,0,1,1,0.0,0.0,0,0,21.0,21.0,1,1,0,0,0.0,0.0,-1.0,21.0,9.5,Cold
12614,1,0,6,1,0.0,0.0,0,0,21.0,21.0,3,0,0,0,0.0,0.0,9.5,2.0,16.0,Cold
12613,1,0,2,1,14000000.0,14500000.0,1,0,21.0,21.0,4,0,0,1,273.0,14500000.0,2.33,14.0,23.0,Warm
12612,1,0,1,1,0.0,0.0,0,0,21.0,21.0,5,0,1,0,36.0,0.0,1.75,14.0,11.0,Cold
12611,1,0,1,1,0.0,0.0,0,0,21.0,21.0,1,0,0,0,0.0,0.0,-1.0,21.0,8.0,Cold
12610,1,0,1,1,0.0,0.0,0,0,21.0,21.0,3,1,0,0,0.0,0.0,0.5,20.0,12.5,Cold
12609,1,0,1,1,0.0,0.0,0,0,21.0,21.0,3,3,0,0,0.0,0.0,0.0,21.0,15.5,Cold
12608,1,0,1,1,0.0,0.0,0,0,22.0,21.0,2,0,0,0,0.0,0.0,1.0,21.0,11.0,Cold
12607,1,0,1,1,0.0,0.0,0,0,22.0,22.0,1,0,0,0,0.0,0.0,-1.0,22.0,8.0,Cold
12606,2,0,2,1,0.0,0.0,0,0,22.0,22.0,4,0,0,1,204.0,0.0,2.67,14.0,22.0,Warm
12605,1,0,6,1,0.0,0.0,0,0,22.0,22.0,2,0,0,0,0.0,0.0,1.0,21.0,13.5,Cold
12604,1,0,2,1,0.0,0.0,0,0,22.0,22.0,5,1,1,1,229.0,0.0,0.0,22.0,18.5,Cold
12603,1,0,1,1,0.0,0.0,0,0,22.0,22.0,5,0,1,0,33.0,0.0,3.75,7.0,11.0,Cold
12602,1,0,1,1,0.0,0.0,0,0,22.0,22.0,1,0,0,0,0.0,0.0,-1.0,22.0,8.0,Cold
12601,1,0,1,1,0.0,0.0,0,0,22.0,22.0,3,0,0,0,0.0,0.0,4.0,14.0,8.5,Cold
12600,1,0,1,1,0.0,0.0,0,0,22.0,22.0,1,0,0,0,0.0,0.0,-1.0,22.0,8.0,Cold
12599,1,0,1,1,0.0,0.0,0,0,22.0,22.0,1,1,0,0,0.0,0.0,-1.0,22.0,9.5,Cold
12598,1,0,1,1,0.0,0.0,0,0,22.0,22.0,1,0,0,0,0.0,0.0,-1.0,22.0,8.0,Cold
12597,1,0,1,1,0.0,0.0,0,0,22.0,22.0,3,0,0,0,50.0,0.0,0.0,22.0,13.0,Cold
12596,1,0,1,1,0.0,0.0,0,0,22.0,22.0,1,0,0,0,0.0,0.0,-1.0,22.0,8.0,Cold
12595,1,0,6,1,0.0,0.0,0,0,22.0,22.0,3,0,0,0,0.0,0.0,10.0,2.0,13.5,Cold
12594,1,0,1,1,0.0,0.0,0,0,22.0,22.0,6,0,1,1,165.0,0.0,0.6,19.0,16.0,Cold
12593,1,0,1,0,0.0,0.0,0,1,22.0,22.0,3,0,0,0,0.0,0.0,0.5,21.0,5.5,Cold
12592,1,0,6,1,0.0,0.0,0,0,22.0,22.0,2,0,0,0,0.0,0.0,1.0,21.0,13.5,Cold
12591,1,0,6,1,0.0,0.0,0,0,22.0,22.0,3,0,0,0,0.0,0.0,10.0,2.0,16.0,Cold
12590,1,0,2,1,0.0,0.0,0,0,22.0,22.0,2,0,1,0,0.0,0.0,0.0,22.0,8.0,Cold
12589,1,0,1,1,0.0,0.0,0,0,23.0,22.0,2,0,0,0,0.0,0.0,2.0,21.0,11.0,Cold
12588,1,0,1,1,0.0,0.0,0,0,23.0,23.0,3,0,0,0,0.0,0.0,4.5,14.0,8.5,Cold
12587,1,0,1,1,0.0,0.0,0,0,23.0,23.0,1,1,0,0,0.0,0.0,-1.0,23.0,9.5,Cold
12586,1,0,6,1,0.0,0.0,0,0,23.0,23.0,2,0,0,0,0.0,0.0,0.0,23.0,13.5,Cold
12585,1,0,6,1,0.0,0.0,0,0,23.0,23.0,4,2,0,0,0.0,0.0,7.0,2.0,19.0,Cold
12584,1,0,1,1,0.0,0.0,0,0,23.0,23.0,5,0,0,0,42.0,0.0,2.25,14.0,13.0,Cold
12583,1,0,2,1,0.0,0.0,0,0,23.0,23.0,8,1,0,1,374.0,0.0,1.29,14.0,20.5,Warm
12582,1,0,1,0,0.0,0.0,0,1,23.0,23.0,9,2,2,1,366.0,0.0,0.75,17.0,14.0,Cold
12581,2,0,2,1,0.0,0.0,0,0,23.0,23.0,6,3,0,1,293.0,0.0,4.2,2.0,26.5,Warm
12580,1,0,1,1,0.0,0.0,0,0,23.0,23.0,3,1,1,0,38.0,0.0,0.0,23.0,12.5,Cold
12579,1,0,2,1,0.0,0.0,0,0,23.0,23.0,2,0,1,0,0.0,0.0,0.0,23.0,8.0,Cold
12578,1,0,2,1,0.0,0.0,0,0,23.0,23.0,3,0,1,0,0.0,0.0,1.5,20.0,10.5,Cold
12577,1,0,1,1,0.0,0.0,0,0,23.0,23.0,2,0,0,0,0.0,0.0,0.0,23.0,11.0,Cold
12576,1,0,1,1,0.0,0.0,0,0,23.0,23.0,2,0,0,0,0.0,0.0,9.0,14.0,8.5,Cold
12575,1,0,1,1,0.0,0.0,0,0,23.0,23.0,8,1,1,0,0.0,0.0,1.29,14.0,10.5,Cold
12574,1,0,1,1,0.0,0.0,0,0,23.0,23.0,3,0,0,0,93.0,0.0,0.0,23.0,13.0,Cold
12573,1,0,1,1,0.0,0.0,0,0,23.0,23.0,8,3,1,0,0.0,0.0,1.57,12.0,17.0,Cold
12572,1,0,6,1,0.0,0.0,0,0,23.0,23.0,4,4,0,0,61.0,0.0,0.67,21.0,27.0,Warm
12571,1,0,1,0,0.0,0.0,0,1,23.0,23.0,5,1,2,0,104.0,0.0,2.0,15.0,9.5,Cold
12570,1,0,2,1,0.0,0.0,0,0,24.0,23.0,3,0,1,0,0.0,0.0,2.0,20.0,10.5,Cold
12569,1,0,2,1,0.0,0.0,0,0,24.0,23.0,2,0,0,0,0.0,0.0,1.0,23.0,12.0,Cold
12568,1,0,6,1,0.0,0.0,0,0,24.0,24.0,4,0,0,1,255.0,0.0,0.33,23.0,23.0,Warm
12567,1,0,1,1,0.0,0.0,0,0,24.0,24.0,5,3,0,0,0.0,0.0,5.25,3.0,19.0,Cold
12566,1,0,1,1,0.0,0.0,0,0,24.0,24.0,1,0,0,0,0.0,0.0,-1.0,24.0,8.0,Cold
12565,1,0,1,1,0.0,0.0,0,0,24.0,24.0,1,0,0,0,0.0,0.0,-1.0,24.0,8.0,Cold
12564,1,0,2,1,0.0,0.0,0,0,24.0,24.0,3,1,1,1,148.0,0.0,0.0,24.0,18.5,Cold
12563,1,0,2,1,0.0,0.0,0,0,24.0,24.0,3,3,0,0,0.0,0.0,2.0,20.0,17.0,Cold
12562,1,0,2,1,0.0,0.0,0,0,24.0,24.0,5,0,0,1,310.0,0.0,2.5,14.0,19.0,Cold
12561,1,0,2,1,0.0,0.0,0,0,24.0,24.0,5,1,3,0,0.0,0.0,1.75,17.0,12.0,Cold
12560,1,0,2,1,0.0,0.0,0,0,24.0,24.0,5,0,0,0,140.0,0.0,2.5,14.0,14.0,Cold
12559,1,0,1,1,0.0,0.0,0,0,24.0,24.0,2,0,1,0,0.0,0.0,0.0,24.0,9.0,Cold
12558,1,0,1,1,0.0,0.0,0,0,24.0,24.0,4,0,1,0,107.0,0.0,1.67,19.0,11.0,Cold
12557,1,0,1,1,0.0,0.0,0,0,24.0,24.0,8,0,0,0,5.0,0.0,2.0,10.0,13.0,Cold
12556,1,0,6,1,0.0,0.0,0,0,24.0,24.0,4,0,0,0,121.0,0.0,0.33,23.0,18.0,Cold
12555,1,0,1,1,0.0,0.0,0,0,24.0,24.0,1,1,0,0,0.0,0.0,-1.0,24.0,9.5,Cold
12554,1,0,1,1,0.0,0.0,0,0,24.0,24.0,2,2,0,0,0.0,0.0,1.0,23.0,14.0,Cold
12553,1,0,2,1,0.0,0.0,0,0,24.0,24.0,4,0,0,0,30.0,0.0,0.0,24.0,14.0,Cold
12552,1,0,2,1,0.0,0.0,0,0,24.0,24.0,6,0,1,0,0.0,0.0,1.0,19.0,10.5,Cold
12551,1,0,1,1,0.0,0.0,0,0,24.0,24.0,9,0,1,1,212.0,0.0,1.38,13.0,16.0,Cold
12550,1,0,1,1,0.0,0.0,0,0,24.0,24.0,2,2,0,0,0.0,0.0,0.0,24.0,14.5,Cold
12549,1,0,1,1,0.0,0.0,0,0,24.0,24.0,2,2,0,0,0.0,0.0,1.0,23.0,17.0,Cold
12548,1,0,1,1,0.0,0.0,0,0,24.0,24.0,3,0,0,0,0.0,0.0,5.0,14.0,9.0,Cold
12547,1,0,2,1,0.0,0.0,0,0,24.0,24.0,3,0,0,0,29.0,0.0,0.0,24.0,14.0,Cold
12546,1,0,1,1,0.0,0.0,0,0,24.0,24.0,1,1,0,0,0.0,0.0,-1.0,24.0,9.5,Cold
12545,1,0,1,0,0.0,0.0,0,1,24.0,24.0,2,0,0,0,0.0,0.0,0.0,24.0,3.5,Cold
12544,1,0,1,0,0.0,0.0,0,1,24.0,24.0,3,0,0,0,0.0,0.0,0.0,24.0,6.5,Cold
12543,1,0,1,0,0.0,0.0,0,1,24.0,24.0,4,1,0,0,82.0,0.0,0.0,24.0,9.5,Cold
12542,1,0,6,1,0.0,0.0,0,0,24.0,24.0,2,0,0,0,0.0,0.0,0.0,24.0,13.5,Cold
12541,1,0,1,0,0.0,0.0,0,1,25.0,24.0,4,0,3,0,0.0,0.0,1.33,21.0,4.0,Cold
12540,1,0,1,1,0.0,0.0,0,0,25.0,25.0,6,0,2,0,0.0,0.0,2.4,13.0,6.5,Cold
12539,1,0,1,0,0.0,0.0,0,1,25.0,25.0,3,0,0,1,289.0,0.0,0.5,24.0,13.0,Cold
12538,1,0,6,1,0.0,0.0,0,0,25.0,25.0,3,0,0,0,0.0,0.0,11.5,2.0,16.0,Cold
12537,1,0,2,1,0.0,0.0,0,0,25.0,25.0,4,1,0,1,180.0,0.0,3.33,15.0,20.5,Warm
12536,1,0,1,0,0.0,0.0,0,1,25.0,25.0,4,1,0,0,111.0,0.0,0.33,24.0,11.5,Cold
12535,1,0,1,1,0.0,0.0,0,0,25.0,25.0,2,0,0,0,0.0,0.0,1.0,24.0,11.0,Cold
12534,1,0,1,1,0.0,0.0,0,0,25.0,25.0,1,1,0,0,0.0,0.0,-1.0,25.0,9.5,Cold
12533,1,0,2,1,0.0,0.0,0,0,25.0,25.0,5,0,0,0,23.0,0.0,2.75,14.0,14.0,Cold
12532,1,0,6,1,0.0,0.0,0,0,25.0,25.0,2,0,0,0,0.0,0.0,1.0,24.0,13.5,Cold
12531,1,0,1,1,0.0,0.0,0,0,25.0,25.0,11,0,4,0,83.0,0.0,1.7,8.0,11.0,Cold
12530,1,0,1,1,0.0,0.0,0,0,25.0,25.0,1,0,0,0,0.0,0.0,-1.0,25.0,8.0,Cold
12529,1,0,1,0,0.0,0.0,0,1,25.0,25.0,6,0,0,1,256.0,0.0,0.4,23.0,13.0,Cold
12528,1,0,6,0,0.0,0.0,0,1,25.0,25.0,3,1,0,0,0.0,0.0,3.0,19.0,14.5,Cold
12526,1,0,1,1,3000000.0,4500000.0,1,0,26.0,26.0,4,2,0,0,0.0,4500000.0,4.0,14.0,17.5,Cold
12525,1,0,1,0,0.0,0.0,0,1,26.0,26.0,5,1,1,0,0.0,0.0,0.25,14.0,5.0,Cold
12524,1,0,1,1,0.0,0.0,0,0,26.0,26.0,1,1,0,0,0.0,0.0,-1.0,26.0,9.5,Cold
12523,1,0,1,1,0.0,0.0,0,0,26.0,26.0,2,2,0,0,0.0,0.0,21.0,5.0,17.0,Cold
12522,1,0,1,1,0.0,0.0,0,0,26.0,26.0,10,1,1,1,1062.0,0.0,2.33,5.0,17.5,Cold
12521,1,0,6,1,0.0,0.0,0,0,26.0,26.0,3,0,0,0,0.0,0.0,1.0,24.0,16.0,Cold
12520,1,0,2,1,0.0,0.0,0,0,26.0,26.0,2,0,0,0,0.0,0.0,0.0,26.0,12.5,Cold
12519,1,0,1,1,0.0,0.0,0,0,26.0,26.0,1,0,0,0,0.0,0.0,-1.0,26.0,8.0,Cold
12518,1,0,1,1,0.0,0.0,0,0,26.0,26.0,1,1,0,0,0.0,0.0,-1.0,26.0,9.5,Cold
12517,1,0,2,1,0.0,0.0,0,0,26.0,26.0,8,3,1,1,205.0,0.0,1.29,17.0,21.5,Warm
12516,1,0,2,1,0.0,0.0,0,0,26.0,26.0,2,0,1,0,0.0,0.0,0.0,26.0,8.0,Cold
12515,1,0,2,1,0.0,0.0,0,0,26.0,26.0,4,0,0,1,309.0,0.0,3.0,17.0,19.0,Cold
12514,1,0,2,1,0.0,0.0,0,0,26.0,26.0,3,2,0,0,53.0,0.0,0.0,26.0,17.0,Cold
12513,1,0,1,1,0.0,0.0,0,0,26.0,26.0,1,1,0,0,0.0,0.0,-1.0,26.0,9.5,Cold
12512,1,0,1,1,0.0,0.0,0,0,26.0,26.0,1,0,0,0,0.0,0.0,-1.0,26.0,8.0,Cold
12511,1,0,1,0,0.0,0.0,0,1,26.0,26.0,5,0,2,0,0.0,0.0,2.75,15.0,3.5,Cold
12510,1,0,1,0,0.0,0.0,0,1,26.0,26.0,4,1,0,0,0.0,0.0,4.33,13.0,7.0,Cold
12509,1,0,1,1,0.0,0.0,0,0,26.0,26.0,2,0,0,0,0.0,0.0,0.0,26.0,8.5,Cold
12508,1,0,1,1,0.0,0.0,0,0,26.0,26.0,11,4,0,1,383.0,0.0,2.3,3.0,24.0,Warm
12507,1,0,1,1,0.0,0.0,0,0,26.0,26.0,11,3,1,1,290.0,0.0,1.8,8.0,20.5,Warm
12506,1,0,1,1,0.0,0.0,0,0,26.0,26.0,1,0,0,0,0.0,0.0,-1.0,26.0,8.0,Cold
12505,1,0,1,0,0.0,0.0,0,1,26.0,26.0,8,4,0,1,243.0,0.0,2.43,9.0,22.2,Warm
12504,1,0,1,1,0.0,0.0,0,0,27.0,26.0,2,0,0,0,0.0,0.0,1.0,26.0,9.0,Cold
12503,1,0,2,1,0.0,0.0,0,0,27.0,26.0,5,2,0,0,34.0,0.0,6.25,2.0,17.0,Cold
12502,1,0,1,1,0.0,0.0,0,0,27.0,26.0,1,0,0,0,0.0,0.0,-1.0,27.0,8.0,Cold
12501,1,0,6,1,0.0,0.0,0,0,27.0,26.0,3,1,0,0,0.0,0.0,12.5,2.0,17.5,Cold
12500,1,0,2,1,0.0,0.0,0,0,27.0,26.0,4,1,2,0,0.0,0.0,8.33,2.0,12.0,Cold
12499,1,0,2,1,0.0,0.0,0,0,27.0,26.0,6,2,0,0,124.0,0.0,3.6,9.0,17.0,Cold
12498,1,0,1,1,0.0,0.0,0,0,27.0,26.0,1,0,0,0,0.0,0.0,-1.0,27.0,8.0,Cold
12497,1,0,1,1,0.0,0.0,0,0,27.0,27.0,3,0,0,0,0.0,0.0,0.0,27.0,11.0,Cold
12496,1,0,6,1,0.0,0.0,0,0,27.0,27.0,2,0,0,0,0.0,0.0,0.0,27.0,16.0,Cold
12495,1,0,1,1,0.0,0.0,0,0,27.0,27.0,1,0,0,0,0.0,0.0,-1.0,27.0,8.0,Cold
12494,1,0,2,1,0.0,0.0,0,0,27.0,27.0,4,0,0,0,130.0,0.0,4.33,14.0,14.0,Cold
12493,1,0,1,1,0.0,0.0,0,0,27.0,27.0,4,1,0,0,98.0,0.0,0.33,26.0,14.5,Cold
12492,1,0,1,1,0.0,0.0,0,0,27.0,27.0,1,1,0,0,0.0,0.0,-1.0,27.0,9.5,Cold
12491,1,0,1,1,0.0,0.0,0,0,27.0,27.0,1,1,0,0,0.0,0.0,-1.0,27.0,9.5,Cold
12490,1,0,1,0,0.0,0.0,0,1,27.0,27.0,2,2,1,0,0.0,0.0,14.0,13.0,6.0,Cold
12489,1,0,1,1,0.0,0.0,0,0,27.0,27.0,8,0,0,0,0.0,0.0,2.71,8.0,11.0,Cold
12488,1,0,1,1,0.0,0.0,0,0,27.0,27.0,1,1,0,0,0.0,0.0,-1.0,27.0,9.5,Cold
12487,3,0,2,1,0.0,0.0,0,0,27.0,27.0,4,1,2,0,0.0,0.0,4.33,14.0,19.0,Cold
12486,1,0,6,1,0.0,0.0,0,0,27.0,27.0,3,2,0,0,32.0,0.0,0.5,26.0,28.0,Warm
12485,3,0,1,1,0.0,0.0,0,0,27.0,27.0,1,0,0,0,0.0,0.0,-1.0,27.0,15.0,Cold
12484,1,0,2,1,0.0,0.0,0,0,27.0,27.0,5,0,0,0,109.0,0.0,0.0,27.0,14.0,Cold
12483,1,0,1,0,0.0,0.0,0,1,27.0,27.0,3,1,2,0,0.0,0.0,5.5,16.0,3.5,Cold
12482,1,0,1,1,0.0,0.0,0,0,27.0,27.0,4,1,0,1,416.0,0.0,0.0,27.0,19.5,Cold
12481,1,0,1,1,0.0,0.0,0,0,27.0,27.0,1,1,0,0,0.0,0.0,-1.0,27.0,9.5,Cold
12480,1,0,2,1,0.0,0.0,0,0,27.0,27.0,3,0,0,1,244.0,0.0,0.0,27.0,19.0,Cold
12479,1,0,1,0,0.0,0.0,0,1,27.0,27.0,5,0,0,1,187.0,0.0,0.75,24.0,13.0,Cold
12478,1,0,2,1,0.0,0.0,0,0,27.0,27.0,3,0,0,1,284.0,0.0,0.0,27.0,19.0,Cold
12477,1,0,1,1,0.0,0.0,0,0,27.0,27.0,7,3,4,0,0.0,0.0,3.67,5.0,14.0,Cold
12476,1,0,2,1,0.0,0.0,0,0,27.0,27.0,4,0,0,1,269.0,0.0,4.33,14.0,19.0,Cold
12475,1,0,2,1,0.0,0.0,0,0,27.0,27.0,8,5,4,0,0.0,0.0,1.57,16.0,18.0,Cold
12474,1,0,1,0,0.0,0.0,0,1,27.0,27.0,4,4,1,0,0.0,0.0,3.33,17.0,13.7,Cold
12473,1,0,1,1,0.0,0.0,0,0,27.0,27.0,6,2,0,0,0.0,0.0,1.6,19.0,14.0,Cold
12472,1,0,2,1,0.0,0.0,0,0,27.0,27.0,3,0,0,0,0.0,0.0,0.0,27.0,12.0,Cold
12471,1,0,1,1,0.0,0.0,0,0,27.0,27.0,3,3,0,0,0.0,0.0,6.5,14.0,13.0,Cold
12470,1,0,6,1,0.0,0.0,0,0,27.0,27.0,4,0,0,1,313.0,0.0,0.0,27.0,23.0,Warm
12469,1,0,1,1,0.0,0.0,0,0,28.0,27.0,2,2,0,0,0.0,0.0,14.0,14.0,11.5,Cold
12468,1,0,1,1,0.0,0.0,0,0,28.0,27.0,1,0,0,0,0.0,0.0,-1.0,28.0,8.0,Cold
12467,1,0,1,1,0.0,0.0,0,0,28.0,27.0,1,0,0,0,0.0,0.0,-1.0,28.0,8.0,Cold
12466,2,0,2,1,0.0,0.0,0,0,28.0,27.0,5,0,0,0,78.0,0.0,3.5,14.0,17.0,Cold
12465,1,0,2,1,0.0,0.0,0,0,28.0,27.0,4,0,1,1,160.0,0.0,0.67,26.0,17.0,Cold
12464,1,0,1,1,0.0,0.0,0,0,28.0,28.0,7,2,0,1,329.0,0.0,2.33,14.0,21.0,Warm
12463,1,0,1,1,0.0,0.0,0,0,28.0,28.0,2,0,0,0,13.0,0.0,1.0,27.0,13.0,Cold
12462,1,0,1,1,0.0,0.0,0,0,28.0,28.0,5,2,0,0,155.0,0.0,2.25,19.0,16.0,Cold
12461,1,0,1,1,0.0,0.0,0,0,28.0,28.0,1,0,0,0,0.0,0.0,-1.0,28.0,8.0,Cold
12460,1,0,1,1,0.0,0.0,0,0,28.0,28.0,1,0,0,0,0.0,0.0,-1.0,28.0,8.0,Cold
12459,1,0,1,1,0.0,0.0,0,0,28.0,28.0,4,0,1,0,0.0,0.0,8.67,2.0,9.5,Cold
12458,1,0,1,1,0.0,0.0,0,0,28.0,28.0,5,0,0,0,0.0,0.0,3.0,16.0,11.0,Cold
12457,1,0,1,1,0.0,0.0,0,0,28.0,28.0,4,0,2,0,0.0,0.0,1.67,23.0,9.0,Cold
12456,1,0,2,1,13500000.0,14500000.0,1,0,28.0,28.0,8,0,0,1,566.0,14500000.0,2.0,14.0,23.0,Warm
12455,1,0,1,0,0.0,0.0,0,1,28.0,28.0,4,0,0,1,277.0,0.0,4.67,14.0,15.0,Cold
12454,1,0,2,1,0.0,0.0,0,0,28.0,28.0,4,1,0,0,145.0,0.0,4.67,14.0,15.5,Cold
12453,2,0,2,1,0.0,0.0,0,0,28.0,28.0,6,0,0,1,726.0,0.0,3.0,13.0,22.0,Warm
12452,1,0,1,1,0.0,0.0,0,0,28.0,28.0,2,1,0,0,0.0,0.0,0.0,28.0,13.0,Cold
12451,1,0,1,1,0.0,0.0,0,0,28.0,28.0,2,0,0,0,0.0,0.0,0.0,28.0,11.5,Cold
12450,1,0,1,1,0.0,0.0,0,0,28.0,28.0,1,0,0,0,0.0,0.0,-1.0,28.0,8.0,Cold
12449,1,0,2,1,0.0,0.0,0,0,28.0,28.0,2,0,0,0,0.0,0.0,1.0,27.0,12.0,Cold
12448,1,0,1,1,0.0,0.0,0,0,28.0,28.0,1,0,0,0,0.0,0.0,-1.0,28.0,8.0,Cold
12447,1,0,2,1,0.0,0.0,0,0,28.0,28.0,2,0,0,0,0.0,0.0,1.0,27.0,12.0,Cold
12446,1,0,2,1,0.0,0.0,0,0,28.0,28.0,15,1,1,1,3311.0,0.0,1.21,11.0,18.5,Cold
12445,1,0,2,1,0.0,0.0,0,0,28.0,28.0,2,0,0,0,0.0,0.0,0.0,28.0,12.5,Cold
12444,1,0,2,1,0.0,0.0,0,0,28.0,28.0,3,1,0,0,78.0,0.0,1.0,26.0,15.5,Cold
12443,1,0,1,0,0.0,0.0,0,1,28.0,28.0,4,0,0,0,0.0,0.0,1.67,23.0,6.0,Cold
12442,1,0,2,1,0.0,0.0,0,0,28.0,28.0,4,0,1,1,128.0,0.0,3.67,17.0,17.0,Cold
12441,1,0,1,1,0.0,0.0,0,0,28.0,28.0,1,1,0,0,0.0,0.0,-1.0,28.0,9.5,Cold
12440,1,0,1,1,0.0,0.0,0,0,28.0,28.0,2,0,0,0,14.0,0.0,8.0,20.0,13.0,Cold
12439,1,0,0,1,0.0,0.0,0,0,28.0,28.0,1,0,0,1,169.0,0.0,-1.0,26.0,20.0,Cold
12437,1,0,2,1,0.0,0.0,0,0,28.0,28.0,4,0,0,1,489.0,0.0,5.0,13.0,19.0,Cold
12436,2,0,1,0,0.0,0.0,0,1,28.0,28.0,2,0,0,0,0.0,0.0,0.0,28.0,11.0,Cold
12435,1,0,2,1,0.0,0.0,0,0,29.0,29.0,6,0,0,1,514.0,0.0,3.4,12.0,19.0,Cold
12434,1,0,1,1,0.0,0.0,0,0,29.0,29.0,1,0,0,0,0.0,0.0,-1.0,29.0,8.0,Cold
12433,1,0,2,1,0.0,0.0,0,0,29.0,29.0,8,2,0,1,424.0,0.0,1.71,17.0,22.0,Warm
12432,1,0,2,0,0.0,0.0,0,1,29.0,29.0,3,0,1,0,32.0,0.0,1.0,27.0,7.0,Cold
12431,1,0,1,1,0.0,0.0,0,0,29.0,29.0,9,0,1,0,0.0,0.0,2.75,7.0,9.0,Cold
12430,1,0,1,1,0.0,0.0,0,0,29.0,29.0,1,0,0,0,0.0,0.0,-1.0,29.0,8.0,Cold
12429,1,0,2,1,10000000.0,12000000.0,1,0,29.0,29.0,6,2,0,1,320.0,12000000.0,3.2,13.0,27.2,Warm
12428,1,0,1,1,0.0,0.0,0,0,29.0,29.0,8,0,4,0,0.0,0.0,1.43,19.0,9.0,Cold
12427,1,0,2,1,0.0,0.0,0,0,29.0,29.0,6,0,0,0,119.0,0.0,5.4,2.0,14.0,Cold
12426,1,0,2,1,0.0,0.0,0,0,29.0,29.0,5,2,0,1,472.0,0.0,5.0,9.0,22.0,Warm
12425,1,0,1,1,0.0,0.0,0,0,29.0,29.0,3,0,0,0,0.0,0.0,13.5,2.0,8.5,Cold
12424,1,0,1,0,0.0,0.0,0,1,29.0,29.0,5,0,0,0,34.0,0.0,0.75,26.0,10.0,Cold
12423,1,0,2,1,5000000.0,6000000.0,1,0,29.0,29.0,8,1,1,1,501.0,6000000.0,1.29,20.0,21.5,Warm
12422,1,0,2,1,0.0,0.0,0,0,29.0,29.0,2,0,1,0,0.0,0.0,0.0,29.0,8.0,Cold
12421,1,0,1,1,5500000.0,6500000.0,1,0,30.0,30.0,6,1,0,0,253.0,6500000.0,5.6,2.0,16.5,Cold
12420,1,0,1,1,0.0,0.0,0,0,30.0,30.0,2,0,0,0,0.0,0.0,2.0,28.0,10.0,Cold
12419,2,0,1,1,0.0,0.0,0,0,30.0,30.0,22,5,0,1,439.0,0.0,1.1,7.0,30.5,Warm
12418,1,0,2,1,0.0,0.0,0,0,30.0,30.0,2,0,0,0,0.0,0.0,3.0,27.0,11.0,Cold
12417,1,0,2,1,0.0,0.0,0,0,30.0,30.0,2,0,0,0,0.0,0.0,3.0,27.0,11.0,Cold
12416,1,0,2,1,0.0,0.0,0,0,30.0,30.0,4,0,0,1,340.0,0.0,9.33,2.0,18.0,Cold
12415,1,0,2,1,0.0,0.0,0,0,30.0,30.0,3,0,1,0,0.0,0.0,1.5,27.0,6.5,Cold
12414,1,0,1,1,0.0,0.0,0,0,30.0,30.0,1,0,0,0,0.0,0.0,-1.0,30.0,7.0,Cold
12413,1,0,6,1,0.0,0.0,0,0,30.0,30.0,3,2,0,0,0.0,0.0,1.0,28.0,21.0,Warm
12412,1,0,1,1,0.0,0.0,0,0,30.0,30.0,2,2,0,0,0.0,0.0,0.0,30.0,16.0,Cold
12411,1,0,2,1,0.0,0.0,0,0,30.0,30.0,7,0,0,1,719.0,0.0,3.0,12.0,18.0,Cold
12410,1,0,1,1,0.0,0.0,0,0,30.0,30.0,2,0,0,0,0.0,0.0,0.0,30.0,10.0,Cold
12409,1,0,1,1,0.0,0.0,0,0,30.0,30.0,4,0,0,0,33.0,0.0,5.67,13.0,12.0,Cold
12408,1,0,2,1,0.0,0.0,0,0,30.0,30.0,2,0,0,0,0.0,0.0,17.0,13.0,8.5,Cold
12407,1,0,1,0,0.0,0.0,0,1,30.0,30.0,1,0,0,0,0.0,0.0,-1.0,30.0,4.0,Cold
12406,1,0,1,0,0.0,0.0,0,1,30.0,30.0,1,0,0,0,0.0,0.0,-1.0,30.0,2.0,Cold
12405,1,0,1,0,0.0,0.0,0,1,30.0,30.0,3,0,0,0,0.0,0.0,1.0,28.0,5.5,Cold
12404,1,0,1,0,0.0,0.0,0,1,30.0,30.0,4,0,1,0,0.0,0.0,1.33,26.0,5.0,Cold
12403,1,0,1,1,0.0,0.0,0,0,30.0,30.0,5,1,2,0,0.0,0.0,6.25,5.0,10.0,Cold
12402,1,0,1,0,0.0,0.0,0,1,30.0,30.0,5,1,2,0,3.0,0.0,5.25,9.0,6.5,Cold
12401,1,0,1,1,0.0,0.0,0,0,30.0,30.0,1,0,0,0,0.0,0.0,-1.0,30.0,7.0,Cold
12400,1,0,1,1,0.0,0.0,0,0,31.0,31.0,1,0,0,0,0.0,0.0,-1.0,31.0,7.0,Cold
12399,1,0,6,1,0.0,0.0,0,0,31.0,31.0,5,2,0,0,0.0,0.0,0.75,28.0,21.0,Warm
12398,1,0,2,1,0.0,0.0,0,0,31.0,31.0,5,0,0,0,57.0,0.0,7.5,1.0,13.0,Cold
12397,1,0,1,1,0.0,0.0,0,0,31.0,31.0,8,1,0,1,531.0,0.0,3.14,9.0,18.5,Cold
12396,1,0,2,1,0.0,0.0,0,0,31.0,31.0,4,2,0,0,196.0,0.0,6.0,13.0,16.0,Cold
12395,1,0,6,1,0.0,0.0,0,0,31.0,31.0,1,1,0,0,0.0,0.0,-1.0,31.0,19.5,Cold
12394,1,0,1,1,0.0,0.0,0,0,31.0,31.0,9,1,0,1,167.0,0.0,2.75,9.0,18.5,Cold
12393,1,0,4,1,0.0,0.0,0,0,31.0,31.0,11,2,0,0,323.0,0.0,0.8,23.0,22.0,Warm
12392,1,0,1,1,0.0,0.0,0,0,31.0,31.0,1,1,0,0,0.0,0.0,-1.0,31.0,8.5,Cold
12391,1,0,1,1,0.0,0.0,0,0,31.0,31.0,2,1,0,0,0.0,0.0,0.0,31.0,14.5,Cold
12390,1,0,1,1,0.0,0.0,0,0,31.0,31.0,2,0,1,0,0.0,0.0,0.0,31.0,5.5,Cold
12389,1,0,1,0,0.0,0.0,0,1,31.0,31.0,3,1,0,0,0.0,0.0,0.5,30.0,7.0,Cold
12388,1,0,2,1,0.0,0.0,0,0,31.0,31.0,3,0,0,0,0.0,0.0,11.0,9.0,8.5,Cold
12387,1,0,1,0,0.0,0.0,0,1,31.0,31.0,7,0,0,0,0.0,0.0,1.33,23.0,5.0,Cold
12386,1,0,1,1,0.0,0.0,0,0,31.0,31.0,2,0,0,0,0.0,0.0,18.0,13.0,7.5,Cold
12385,1,0,1,1,0.0,0.0,0,0,31.0,31.0,5,0,0,0,0.0,0.0,3.5,17.0,7.5,Cold
12384,1,0,1,0,0.0,0.0,0,1,31.0,31.0,3,0,2,0,0.0,0.0,0.0,31.0,1.0,Cold
12383,1,0,2,1,0.0,0.0,0,0,31.0,31.0,4,1,0,0,165.0,0.0,6.0,13.0,14.5,Cold
12382,1,0,1,1,0.0,0.0,0,0,31.0,31.0,10,0,1,1,135.0,0.0,2.67,7.0,15.0,Cold
12381,1,0,2,1,0.0,0.0,0,0,31.0,31.0,4,0,0,0,45.0,0.0,1.67,26.0,13.0,Cold
12380,1,0,2,1,0.0,0.0,0,0,31.0,31.0,4,0,0,0,27.0,0.0,6.0,13.0,13.0,Cold
12379,1,0,1,1,0.0,0.0,0,0,31.0,31.0,2,1,0,0,0.0,0.0,0.0,31.0,12.7,Cold
12378,1,0,1,1,0.0,0.0,0,0,31.0,31.0,2,0,0,0,0.0,0.0,0.0,31.0,7.5,Cold
12377,1,0,1,0,0.0,0.0,0,1,31.0,31.0,3,0,0,0,0.0,0.0,0.5,30.0,4.5,Cold
12376,1,0,1,1,0.0,0.0,0,0,31.0,31.0,2,0,1,0,0.0,0.0,0.0,31.0,5.5,Cold
12375,1,0,2,1,0.0,0.0,0,0,31.0,31.0,7,0,0,1,204.0,0.0,3.0,13.0,18.0,Cold
12374,1,0,1,1,0.0,0.0,0,0,31.0,31.0,2,0,0,0,0.0,0.0,0.0,31.0,10.5,Cold
12373,1,0,1,0,0.0,0.0,0,1,31.0,31.0,3,0,1,0,0.0,0.0,1.0,29.0,3.0,Cold
12372,1,0,1,1,0.0,0.0,0,0,31.0,31.0,7,2,3,0,0.0,0.0,4.33,5.0,11.5,Cold
12371,1,0,2,0,0.0,0.0,0,1,31.0,31.0,4,1,0,0,37.0,0.0,3.67,20.0,11.5,Cold
12370,1,0,2,1,0.0,0.0,0,0,31.0,31.0,3,0,2,0,0.0,0.0,1.5,28.0,7.0,Cold
12369,1,0,2,1,60000000.0,70000000.0,1,0,31.0,31.0,6,2,0,0,29.0,70000000.0,2.2,20.0,24.0,Warm
12368,1,0,2,1,0.0,0.0,0,0,31.0,31.0,4,0,1,1,480.0,0.0,4.67,17.0,16.0,Cold
12367,1,0,2,1,0.0,0.0,0,0,31.0,31.0,3,1,0,1,208.0,0.0,2.5,26.0,19.5,Cold
12366,1,0,1,1,0.0,0.0,0,0,31.0,31.0,1,0,0,0,0.0,0.0,-1.0,31.0,7.0,Cold
12365,1,0,1,0,0.0,0.0,0,1,31.0,31.0,3,0,0,0,0.0,0.0,0.5,30.0,4.5,Cold
12364,1,0,1,1,0.0,0.0,0,0,31.0,31.0,8,3,2,0,0.0,0.0,3.71,5.0,16.0,Cold
12363,1,0,1,0,0.0,0.0,0,1,31.0,31.0,3,0,2,0,0.0,0.0,0.5,30.0,1.0,Cold
12362,1,0,2,1,0.0,0.0,0,0,33.0,33.0,3,0,0,1,149.0,0.0,3.5,26.0,18.0,Cold
12361,1,0,2,1,0.0,0.0,0,0,33.0,33.0,4,0,0,0,40.0,0.0,8.0,9.0,13.0,Cold
12360,1,0,1,1,0.0,0.0,0,0,33.0,33.0,1,0,0,0,0.0,0.0,-1.0,33.0,7.0,Cold
12359,1,0,1,0,0.0,0.0,0,1,33.0,33.0,6,0,1,0,0.0,0.0,4.8,9.0,5.0,Cold
12358,1,0,1,1,0.0,0.0,0,0,33.0,33.0,1,0,0,0,0.0,0.0,-1.0,33.0,7.0,Cold
12357,1,0,1,1,0.0,0.0,0,0,33.0,33.0,2,0,0,0,0.0,0.0,2.0,31.0,7.5,Cold
12356,1,0,2,1,0.0,0.0,0,0,33.0,33.0,6,6,0,0,0.0,0.0,6.2,2.0,20.5,Warm
12355,1,0,1,1,0.0,0.0,0,0,33.0,33.0,3,0,0,0,75.0,0.0,6.5,20.0,12.0,Cold
12354,1,0,1,0,0.0,0.0,0,1,33.0,33.0,3,1,2,0,0.0,0.0,12.0,9.0,2.5,Cold
12353,1,0,1,0,0.0,0.0,0,1,33.0,33.0,1,0,0,0,0.0,0.0,-1.0,33.0,4.0,Cold
12352,1,0,1,0,0.0,0.0,0,1,33.0,33.0,2,0,1,0,0.0,0.0,0.0,33.0,1.0,Cold
12351,1,0,1,1,0.0,0.0,0,0,33.0,33.0,3,0,0,0,0.0,0.0,3.0,27.0,7.5,Cold
12350,1,0,1,0,0.0,0.0,0,1,33.0,33.0,5,0,2,0,0.0,0.0,2.25,24.0,2.5,Cold
12349,1,0,2,0,0.0,0.0,0,1,33.0,33.0,2,0,0,0,0.0,0.0,0.0,33.0,8.5,Cold
12348,1,0,2,1,0.0,0.0,0,0,33.0,33.0,4,0,1,1,205.0,0.0,5.67,16.0,16.0,Cold
12347,1,0,1,1,0.0,0.0,0,0,33.0,33.0,3,0,0,0,0.0,0.0,1.0,31.0,10.5,Cold
12346,1,0,1,1,0.0,0.0,0,0,33.0,33.0,4,1,2,0,0.0,0.0,8.67,7.0,11.2,Cold
12345,1,0,2,1,0.0,0.0,0,0,33.0,33.0,4,0,0,0,97.0,0.0,3.0,24.0,13.0,Cold
12344,1,0,1,1,0.0,0.0,0,0,33.0,33.0,4,0,1,0,47.0,0.0,6.33,14.0,10.0,Cold
12343,1,0,1,0,0.0,0.0,0,1,33.0,33.0,2,0,0,0,0.0,0.0,0.0,33.0,4.5,Cold
12342,1,0,6,1,0.0,0.0,0,0,33.0,33.0,3,0,0,0,0.0,0.0,15.5,2.0,15.0,Cold
12341,1,0,2,1,0.0,0.0,0,0,33.0,33.0,5,1,2,0,91.0,10000000.0,3.25,20.0,14.5,Cold
12340,1,0,1,1,0.0,0.0,0,0,33.0,33.0,3,0,1,0,0.0,0.0,0.0,33.0,6.0,Cold
12339,1,0,1,0,0.0,0.0,0,1,33.0,33.0,3,1,3,0,0.0,0.0,10.5,12.0,2.5,Cold
12338,1,0,1,1,0.0,0.0,0,0,33.0,33.0,1,0,0,0,0.0,0.0,-1.0,33.0,7.0,Cold
12337,1,0,2,1,0.0,0.0,0,0,33.0,33.0,3,0,0,0,0.0,0.0,12.0,9.0,8.5,Cold
12336,1,0,2,1,0.0,0.0,0,0,33.0,33.0,4,2,0,1,187.0,0.0,6.33,14.0,21.0,Warm
12335,1,0,1,0,0.0,0.0,0,1,33.0,33.0,2,0,0,0,0.0,0.0,0.0,33.0,4.5,Cold
12334,1,0,2,1,0.0,0.0,0,0,33.0,33.0,4,0,0,0,31.0,0.0,8.0,9.0,13.0,Cold
12333,1,0,2,1,0.0,0.0,0,0,33.0,33.0,3,1,0,1,289.0,0.0,9.5,14.0,19.5,Cold
12332,1,0,1,1,0.0,0.0,0,0,33.0,33.0,4,0,0,0,0.0,0.0,6.33,14.0,7.5,Cold
12331,1,0,2,1,0.0,0.0,0,0,33.0,33.0,3,0,2,0,0.0,0.0,2.5,28.0,7.0,Cold
12330,1,0,1,1,0.0,0.0,0,0,33.0,33.0,1,0,0,0,0.0,0.0,-1.0,33.0,7.0,Cold
12329,2,0,1,0,0.0,0.0,0,1,33.0,33.0,13,0,1,0,143.0,0.0,2.0,9.0,10.0,Cold
12328,1,0,6,1,0.0,0.0,0,0,33.0,33.0,9,4,2,0,0.0,0.0,3.88,2.0,19.5,Cold
12327,1,0,2,1,0.0,0.0,0,0,33.0,33.0,4,1,1,1,154.0,0.0,8.0,9.0,17.5,Cold
12326,1,0,1,1,0.0,0.0,0,0,33.0,33.0,1,1,0,0,0.0,0.0,-1.0,33.0,8.5,Cold
12325,1,0,6,1,0.0,0.0,0,0,35.0,35.0,3,0,0,0,0.0,0.0,13.5,8.0,15.5,Cold
12324,1,0,1,0,0.0,0.0,0,1,35.0,35.0,2,0,0,0,0.0,0.0,0.0,35.0,5.0,Cold
12323,1,0,1,1,0.0,0.0,0,0,35.0,35.0,2,0,1,0,0.0,0.0,4.0,31.0,8.5,Cold
12322,1,0,1,1,0.0,0.0,0,0,35.0,35.0,2,1,0,0,0.0,0.0,4.0,31.0,12.7,Cold
12321,1,0,1,0,0.0,0.0,0,1,35.0,35.0,2,0,0,0,0.0,0.0,0.0,35.0,5.5,Cold
12320,1,0,1,1,0.0,0.0,0,0,35.0,35.0,2,0,0,0,0.0,0.0,0.0,35.0,7.5,Cold
12319,1,0,1,0,0.0,0.0,0,1,35.0,35.0,3,0,0,0,0.0,0.0,2.0,31.0,4.5,Cold
12318,1,0,1,1,0.0,0.0,0,0,35.0,35.0,3,0,0,0,0.0,0.0,13.0,9.0,7.5,Cold
12317,1,0,1,1,0.0,0.0,0,0,35.0,35.0,1,0,0,0,0.0,0.0,-1.0,35.0,7.0,Cold
12316,1,0,2,1,0.0,0.0,0,0,35.0,35.0,3,0,1,0,0.0,0.0,13.0,9.0,9.0,Cold
12315,1,0,2,1,0.0,0.0,0,0,35.0,35.0,4,2,0,1,208.0,0.0,8.67,9.0,21.0,Warm
12314,1,0,1,1,0.0,0.0,0,0,35.0,35.0,2,0,1,0,0.0,0.0,4.0,31.0,5.5,Cold
12313,1,0,2,1,0.0,0.0,0,0,35.0,35.0,2,0,0,0,0.0,0.0,26.0,9.0,8.5,Cold
12312,1,0,1,0,0.0,0.0,0,1,35.0,35.0,2,0,0,0,0.0,0.0,0.0,35.0,5.5,Cold
12311,1,0,2,1,0.0,0.0,0,0,35.0,35.0,4,0,0,1,163.0,0.0,8.67,9.0,18.0,Cold
12310,2,0,1,0,0.0,0.0,0,1,35.0,35.0,11,7,0,0,0.0,0.0,1.9,16.0,21.5,Warm
12309,1,0,1,0,0.0,0.0,0,1,35.0,35.0,5,1,0,0,0.0,0.0,2.75,24.0,6.5,Cold
12308,1,0,2,1,0.0,0.0,0,0,35.0,35.0,2,0,0,0,0.0,0.0,0.0,35.0,11.5,Cold
12307,1,0,2,1,0.0,0.0,0,0,35.0,35.0,2,0,0,0,0.0,0.0,2.0,33.0,9.0,Cold
12306,1,0,2,1,0.0,0.0,0,0,35.0,35.0,2,0,0,0,0.0,0.0,0.0,35.0,9.0,Cold
12305,1,0,1,1,0.0,0.0,0,0,35.0,35.0,4,0,0,0,34.0,0.0,8.67,9.0,12.0,Cold
12304,1,0,1,0,0.0,0.0,0,1,35.0,35.0,2,0,0,0,0.0,0.0,0.0,35.0,5.5,Cold
12303,1,0,2,1,0.0,0.0,0,0,35.0,35.0,2,0,0,0,0.0,0.0,26.0,9.0,8.5,Cold
12302,1,0,1,1,0.0,0.0,0,0,35.0,35.0,3,0,0,0,0.0,0.0,16.5,2.0,7.5,Cold
12301,1,0,1,1,0.0,0.0,0,0,35.0,35.0,7,1,3,0,0.0,0.0,5.0,5.0,10.0,Cold
12300,1,0,1,1,0.0,0.0,0,0,36.0,36.0,1,0,0,0,0.0,0.0,-1.0,36.0,7.0,Cold
12299,1,0,1,1,0.0,0.0,0,0,36.0,36.0,1,0,0,0,0.0,0.0,-1.0,36.0,7.0,Cold
12298,1,0,1,1,0.0,0.0,0,0,37.0,37.0,2,0,0,0,0.0,0.0,0.0,37.0,10.0,Cold
12297,1,0,1,1,0.0,0.0,0,0,40.0,40.0,1,0,0,0,0.0,0.0,-1.0,40.0,7.0,Cold
12295,1,8,6,1,0.0,0.0,0,0,42.0,42.0,3,1,0,0,0.0,0.0,0.0,42.0,22.5,Warm
12293,1,8,2,1,0.0,0.0,0,0,42.0,42.0,9,0,0,1,1178.0,0.0,4.12,9.0,24.0,Warm
12292,1,8,2,0,0.0,0.0,0,1,42.0,42.0,2,0,0,0,23.0,0.0,0.0,42.0,14.0,Cold
12291,1,8,1,0,0.0,0.0,0,1,42.0,42.0,5,1,2,0,0.0,0.0,8.25,9.0,12.2,Cold
12289,1,8,6,1,0.0,0.0,0,0,42.0,42.0,1,1,0,0,0.0,0.0,-1.0,42.0,25.5,Warm
12288,1,8,6,1,0.0,0.0,0,0,42.0,42.0,1,1,0,0,0.0,0.0,-1.0,42.0,25.5,Warm
12287,1,8,1,1,0.0,0.0,0,0,42.0,42.0,1,0,0,0,0.0,0.0,-1.0,42.0,13.5,Cold
12286,1,8,2,1,0.0,0.0,0,0,42.0,42.0,2,0,0,0,39.0,0.0,0.0,42.0,19.0,Cold
12285,1,8,2,1,0.0,0.0,0,0,42.0,42.0,2,0,1,0,0.0,0.0,7.0,35.0,13.0,Cold
12284,1,8,2,1,0.0,0.0,0,0,42.0,42.0,2,0,0,1,493.0,0.0,0.0,42.0,24.0,Warm
12283,1,8,2,1,0.0,0.0,0,0,42.0,42.0,3,1,2,0,0.0,0.0,10.5,21.0,17.0,Cold
12282,1,8,2,0,0.0,0.0,0,1,42.0,42.0,5,2,2,1,473.0,0.0,7.5,12.0,20.0,Cold
12281,1,8,2,1,0.0,0.0,0,0,42.0,42.0,5,1,0,1,461.0,0.0,7.5,12.0,25.5,Warm
12280,1,8,2,1,0.0,0.0,0,0,43.0,43.0,5,0,0,0,82.0,0.0,0.25,42.0,19.0,Cold
12279,1,8,2,1,0.0,0.0,0,0,43.0,43.0,4,2,0,0,91.0,0.0,11.0,9.0,22.0,Warm
12277,1,8,1,1,0.0,0.0,0,0,43.0,43.0,1,0,0,0,0.0,0.0,-1.0,43.0,13.5,Cold
12276,1,8,2,1,0.0,0.0,0,0,43.0,43.0,4,0,1,1,276.0,0.0,11.0,9.0,22.0,Warm
12275,1,8,1,0,0.0,0.0,0,1,43.0,43.0,3,0,1,0,0.0,0.0,7.0,28.0,11.5,Cold
12274,1,8,6,1,0.0,0.0,0,0,43.0,43.0,1,1,0,0,0.0,0.0,-1.0,43.0,22.5,Warm
12273,1,8,2,1,0.0,0.0,0,0,43.0,43.0,2,0,0,0,73.0,0.0,0.0,43.0,19.0,Cold
12272,1,8,1,1,0.0,0.0,0,0,43.0,43.0,8,4,1,0,0.0,0.0,4.29,13.0,21.7,Warm
12271,1,8,1,1,0.0,0.0,0,0,43.0,43.0,1,0,0,0,0.0,0.0,-1.0,43.0,13.5,Cold
12269,1,8,2,0,0.0,0.0,0,1,43.0,43.0,3,1,1,0,71.0,0.0,15.5,12.0,15.5,Cold
12267,1,8,2,0,0.0,0.0,0,1,43.0,43.0,2,1,1,0,0.0,0.0,1.0,42.0,14.7,Cold
12266,1,8,6,1,0.0,0.0,0,0,43.0,43.0,2,0,1,0,0.0,0.0,8.0,35.0,19.5,Cold
12265,1,8,2,1,0.0,0.0,0,0,43.0,43.0,3,0,1,0,48.0,0.0,0.0,43.0,17.0,Cold
12264,1,8,2,1,0.0,0.0,0,0,43.0,43.0,1,0,0,0,0.0,0.0,-1.0,9.0,14.5,Cold
12263,1,8,2,1,0.0,0.0,0,0,43.0,43.0,1,0,0,0,0.0,0.0,-1.0,9.0,14.5,Cold
12262,1,8,2,1,0.0,0.0,0,0,43.0,43.0,3,0,1,0,88.0,0.0,11.0,21.0,17.0,Cold
12261,1,8,6,1,0.0,0.0,0,0,44.0,44.0,1,1,0,0,0.0,0.0,-1.0,42.0,20.5,Warm
12256,1,8,1,1,0.0,0.0,0,0,44.0,44.0,2,0,0,1,210.0,0.0,34.0,9.0,23.0,Warm
12255,1,8,1,1,0.0,0.0,0,0,44.0,44.0,2,0,0,0,20.0,0.0,34.0,9.0,18.0,Cold
12254,1,8,2,1,0.0,0.0,0,0,44.0,44.0,2,0,0,0,0.0,0.0,33.0,9.0,15.0,Cold
12253,1,8,2,1,0.0,0.0,0,0,44.0,44.0,1,0,0,0,0.0,0.0,-1.0,44.0,17.0,Cold
12252,1,8,2,1,0.0,0.0,0,0,44.0,44.0,2,0,0,0,27.0,0.0,34.0,9.0,19.0,Cold
12251,1,8,2,0,0.0,0.0,0,1,44.0,44.0,5,3,2,0,23.0,0.0,0.5,42.0,19.7,Cold
12250,1,8,1,1,0.0,0.0,0,0,44.0,44.0,1,0,0,0,0.0,0.0,-1.0,44.0,13.5,Cold
12249,1,8,1,0,0.0,0.0,0,1,44.0,44.0,1,0,0,0,0.0,0.0,-1.0,9.0,10.0,Cold
12248,1,8,2,1,0.0,0.0,0,0,44.0,44.0,3,0,0,0,0.0,0.0,4.5,35.0,17.5,Cold
12247,1,8,6,1,0.0,0.0,0,0,44.0,44.0,3,3,1,0,0.0,0.0,1.0,42.0,26.5,Warm
12246,1,8,6,1,0.0,0.0,0,0,44.0,44.0,6,3,0,1,341.0,0.0,0.0,44.0,35.5,Warm
12245,1,8,6,1,0.0,0.0,0,0,44.0,44.0,3,2,0,1,183.0,0.0,0.0,44.0,34.0,Warm
12244,1,8,2,1,0.0,0.0,0,0,45.0,45.0,2,0,0,1,242.0,0.0,36.0,9.0,24.0,Warm
12243,1,8,0,1,0.0,0.0,0,0,45.0,45.0,2,0,0,1,206.0,0.0,0.0,44.0,25.0,Warm
12242,1,8,6,1,0.0,0.0,0,0,45.0,45.0,4,3,0,1,609.0,0.0,12.0,9.0,32.5,Warm
12241,1,8,6,1,0.0,0.0,0,0,45.0,45.0,3,0,0,1,381.0,0.0,18.0,9.0,28.0,Warm
12239,1,8,6,1,0.0,0.0,0,0,45.0,45.0,5,0,0,0,217.0,0.0,9.0,9.0,23.0,Warm
12238,1,8,2,1,0.0,0.0,0,0,45.0,45.0,1,0,0,0,0.0,0.0,-1.0,2.0,14.5,Cold
12236,1,8,2,1,0.0,0.0,0,0,45.0,45.0,5,0,0,1,194.0,0.0,10.75,2.0,24.0,Warm
12235,1,8,6,1,0.0,0.0,0,0,45.0,45.0,5,1,1,0,44.0,0.0,0.5,43.0,22.5,Warm
12234,1,8,6,0,0.0,0.0,0,1,45.0,45.0,4,1,1,0,0.0,0.0,11.0,12.0,17.5,Cold
12233,1,8,2,1,0.0,0.0,0,0,45.0,45.0,1,0,0,0,0.0,0.0,-1.0,45.0,17.0,Cold
12232,1,8,2,1,0.0,0.0,0,0,45.0,45.0,4,2,0,0,7.0,0.0,0.67,42.0,22.0,Warm
12231,1,8,6,1,0.0,0.0,0,0,45.0,45.0,9,0,2,1,684.0,0.0,5.0,5.0,26.0,Warm
12230,2,8,2,1,0.0,0.0,0,0,45.0,45.0,1,0,0,0,0.0,0.0,-1.0,45.0,20.0,Cold
12228,1,8,1,1,0.0,0.0,0,0,45.0,45.0,1,0,1,0,0.0,0.0,-1.0,44.0,11.5,Cold
12227,1,8,1,1,0.0,0.0,0,0,45.0,45.0,1,0,0,0,0.0,0.0,-1.0,44.0,13.5,Cold
12226,1,8,2,1,0.0,0.0,0,0,45.0,45.0,2,1,1,0,0.0,0.0,1.0,43.0,17.0,Cold
12225,1,8,2,1,0.0,0.0,0,0,47.0,47.0,5,0,0,0,119.0,0.0,0.75,44.0,19.0,Cold
12224,1,8,2,1,0.0,0.0,0,0,47.0,47.0,4,2,0,1,170.0,0.0,15.0,2.0,27.0,Warm
12223,1,8,0,1,0.0,0.0,0,0,47.0,47.0,1,0,0,0,0.0,0.0,-1.0,47.0,16.0,Cold
12221,1,8,6,1,0.0,0.0,0,0,47.0,47.0,4,1,0,1,328.0,0.0,1.33,43.0,29.5,Warm
12220,1,8,6,1,0.0,0.0,0,0,47.0,47.0,2,0,0,1,167.0,0.0,1.0,44.0,28.0,Warm
12217,1,8,1,1,0.0,0.0,0,0,47.0,47.0,1,0,1,0,0.0,0.0,-1.0,47.0,11.5,Cold
12216,1,8,2,1,0.0,0.0,0,0,47.0,47.0,3,0,1,0,172.0,0.0,21.5,2.0,17.0,Cold
12215,1,8,2,1,0.0,0.0,0,0,47.0,47.0,1,0,0,0,0.0,0.0,-1.0,47.0,17.5,Cold
12214,1,8,6,1,0.0,0.0,0,0,47.0,47.0,6,1,0,0,0.0,0.0,9.0,2.0,22.5,Warm
12213,1,8,2,1,0.0,0.0,0,0,47.0,47.0,4,0,1,1,222.0,0.0,14.33,2.0,22.0,Warm
12212,1,8,1,1,0.0,0.0,0,0,47.0,47.0,1,2,0,0,0.0,0.0,-1.0,47.0,19.0,Cold
12211,1,8,2,1,0.0,0.0,0,0,47.0,47.0,2,0,1,0,0.0,0.0,43.0,2.0,12.5,Cold
12210,1,8,2,1,7000000.0,8000000.0,1,0,47.0,47.0,3,0,1,0,0.0,10000000.0,6.0,35.0,19.5,Cold
12207,1,8,2,1,0.0,0.0,0,0,48.0,48.0,5,0,0,1,452.0,0.0,1.0,44.0,24.0,Warm
12206,1,8,0,1,0.0,0.0,0,0,48.0,48.0,2,1,0,1,221.0,0.0,0.0,48.0,26.5,Warm
12205,1,8,2,1,0.0,0.0,0,0,48.0,48.0,4,0,0,0,164.0,0.0,15.33,2.0,19.0,Cold
12203,1,8,2,1,4000000.0,5000000.0,1,0,48.0,48.0,7,0,4,1,657.0,5000000.0,3.5,27.0,25.0,Warm
12202,1,8,2,1,0.0,0.0,0,0,48.0,48.0,1,0,0,0,0.0,0.0,-1.0,2.0,14.5,Cold
12201,1,8,2,1,0.0,0.0,0,0,48.0,48.0,2,0,0,1,308.0,0.0,46.0,2.0,24.0,Warm
12200,1,8,6,1,0.0,0.0,0,0,48.0,48.0,2,0,0,0,69.0,0.0,1.0,47.0,23.0,Warm
12199,1,8,6,1,0.0,0.0,0,0,48.0,48.0,6,0,4,1,162.0,0.0,1.2,42.0,26.0,Warm
12198,1,8,2,1,0.0,0.0,0,0,48.0,48.0,4,0,0,0,34.0,0.0,4.33,35.0,19.0,Cold
12197,1,8,1,1,0.0,0.0,0,0,48.0,48.0,2,0,0,1,282.0,0.0,0.0,48.0,23.0,Warm
12196,1,8,6,1,0.0,0.0,0,0,48.0,48.0,2,0,0,1,302.0,0.0,0.0,48.0,28.0,Warm
12195,1,8,2,1,0.0,0.0,0,0,48.0,48.0,2,0,0,0,0.0,0.0,4.0,44.0,17.5,Cold
12194,1,8,2,1,4500000.0,5000000.0,1,0,48.0,48.0,7,0,2,1,212.0,5000000.0,4.67,20.0,25.0,Warm
12193,1,8,6,1,0.0,0.0,0,0,48.0,48.0,3,1,1,1,162.0,0.0,0.0,48.0,27.5,Warm
12192,2,8,1,1,0.0,0.0,0,0,48.0,48.0,1,1,0,0,0.0,0.0,-1.0,48.0,20.5,Warm
12190,1,8,2,1,0.0,0.0,0,0,48.0,48.0,3,4,0,1,209.0,0.0,23.0,2.0,30.0,Warm
12188,1,8,2,1,0.0,0.0,0,0,48.0,48.0,1,0,0,0,0.0,0.0,-1.0,2.0,14.5,Cold
12187,1,8,2,1,5500000.0,6000000.0,1,0,48.0,48.0,6,1,0,1,332.0,6000000.0,9.2,2.0,28.5,Warm
12186,1,8,0,1,0.0,0.0,0,0,48.0,48.0,1,0,0,0,0.0,0.0,-1.0,48.0,16.0,Cold
12185,1,8,6,1,0.0,0.0,0,0,48.0,48.0,1,0,0,0,0.0,0.0,-1.0,48.0,18.5,Cold
12184,1,8,2,1,0.0,0.0,0,0,48.0,48.0,2,1,0,1,144.0,0.0,0.0,48.0,25.5,Warm
12183,1,8,0,1,0.0,0.0,0,0,49.0,49.0,3,1,0,0,94.0,0.0,0.0,49.0,21.5,Warm
12182,2,8,6,1,0.0,0.0,0,0,49.0,49.0,2,1,0,1,297.0,0.0,0.0,48.0,32.5,Warm
12181,1,8,0,1,0.0,0.0,0,0,49.0,49.0,4,1,1,1,183.0,0.0,0.67,47.0,24.5,Warm
12180,1,8,0,1,0.0,0.0,0,0,49.0,49.0,2,0,0,1,267.0,0.0,0.0,49.0,25.0,Warm
12179,1,8,0,1,0.0,0.0,0,0,49.0,49.0,2,1,0,0,51.0,0.0,0.0,49.0,21.5,Warm
12178,1,8,6,0,0.0,0.0,0,1,49.0,49.0,1,0,1,0,0.0,0.0,-1.0,49.0,14.0,Cold
12177,1,8,6,1,0.0,0.0,0,0,49.0,49.0,6,1,2,0,54.0,0.0,9.4,2.0,21.7,Warm
12175,1,8,6,1,0.0,0.0,0,0,49.0,49.0,7,1,0,1,833.0,0.0,3.0,31.0,29.5,Warm
12174,1,8,1,1,0.0,0.0,0,0,49.0,49.0,1,0,0,0,41.0,0.0,-1.0,49.0,18.0,Cold
12173,1,8,1,1,0.0,0.0,0,0,49.0,49.0,1,0,0,0,0.0,0.0,-1.0,49.0,16.5,Cold
12168,1,8,0,1,0.0,0.0,0,0,49.0,49.0,2,0,0,0,112.0,0.0,0.0,49.0,20.0,Cold
12167,1,8,6,1,0.0,0.0,0,0,49.0,49.0,3,1,0,0,0.0,0.0,0.0,49.0,25.5,Warm
12166,1,8,2,0,0.0,0.0,0,1,49.0,49.0,3,1,1,0,56.0,0.0,9.5,30.0,15.5,Cold
12165,1,8,6,1,0.0,0.0,0,0,49.0,49.0,8,1,1,0,143.0,0.0,6.71,2.0,23.7,Warm
12164,1,8,2,1,0.0,0.0,0,0,49.0,49.0,5,3,0,0,38.0,0.0,8.25,16.0,23.5,Warm
12163,1,8,0,1,0.0,0.0,0,0,49.0,49.0,2,0,0,0,79.0,0.0,0.0,49.0,20.0,Cold
12162,2,8,2,1,0.0,0.0,0,0,49.0,49.0,2,0,0,0,0.0,0.0,0.0,49.0,23.0,Warm
12161,1,8,2,1,0.0,0.0,0,0,49.0,49.0,2,0,2,0,0.0,0.0,2.0,47.0,15.5,Cold
12160,1,8,0,1,0.0,0.0,0,0,49.0,49.0,4,0,0,0,134.0,0.0,1.33,45.0,20.0,Cold
12159,1,8,6,1,0.0,0.0,0,0,49.0,49.0,3,1,0,0,0.0,0.0,3.0,43.0,22.5,Warm
12158,1,8,1,1,0.0,0.0,0,0,50.0,50.0,1,0,0,0,0.0,0.0,-1.0,50.0,13.5,Cold
12154,1,8,0,1,0.0,0.0,0,0,50.0,50.0,3,0,0,1,176.0,0.0,2.0,45.0,25.0,Warm
12153,2,8,6,0,0.0,0.0,0,1,50.0,50.0,8,2,1,1,718.0,0.0,4.14,21.0,27.0,Warm
12152,1,8,2,0,0.0,0.0,0,1,50.0,50.0,5,1,4,0,0.0,0.0,1.75,43.0,10.2,Cold
12151,1,8,2,1,0.0,0.0,0,0,50.0,50.0,4,0,1,0,0.0,0.0,9.0,23.0,15.5,Cold
12150,1,8,6,1,0.0,0.0,0,0,50.0,50.0,5,0,2,0,0.0,0.0,2.0,42.0,19.0,Cold
12149,1,8,1,0,0.0,0.0,0,1,50.0,50.0,2,0,0,0,54.0,0.0,0.0,50.0,15.0,Cold
12148,1,8,0,1,0.0,0.0,0,0,50.0,50.0,5,0,0,1,329.0,0.0,1.25,45.0,25.0,Warm
12147,1,8,0,1,0.0,0.0,0,0,50.0,50.0,3,0,0,0,0.0,0.0,0.5,49.0,16.0,Cold
12146,1,8,0,1,0.0,0.0,0,0,50.0,50.0,4,0,0,0,19.0,0.0,8.0,26.0,20.0,Cold
12145,1,8,1,1,0.0,0.0,0,0,50.0,50.0,1,0,0,0,0.0,0.0,-1.0,50.0,13.0,Cold
12144,2,8,0,1,0.0,0.0,0,0,51.0,51.0,4,1,0,1,376.0,0.0,0.67,49.0,29.5,Warm
12143,1,8,0,0,0.0,0.0,0,1,51.0,51.0,4,0,0,0,110.0,0.0,0.0,51.0,17.0,Cold
12142,1,8,6,1,0.0,0.0,0,0,51.0,51.0,2,0,1,0,0.0,0.0,0.0,51.0,16.5,Cold
12141,1,8,0,1,0.0,0.0,0,0,51.0,51.0,3,0,1,0,0.0,0.0,0.5,50.0,14.0,Cold
12140,1,8,6,0,0.0,0.0,0,1,51.0,51.0,1,0,0,0,0.0,0.0,-1.0,51.0,15.0,Cold
12139,1,8,1,1,0.0,0.0,0,0,51.0,51.0,1,0,0,0,0.0,0.0,-1.0,44.0,13.5,Cold
12138,1,8,6,1,0.0,0.0,0,0,51.0,51.0,2,0,0,1,819.0,0.0,0.0,50.0,28.0,Warm
12133,1,8,0,1,0.0,0.0,0,0,51.0,51.0,4,1,0,0,71.0,0.0,0.67,49.0,21.5,Warm
12131,1,8,1,1,0.0,0.0,0,0,51.0,51.0,1,0,0,0,0.0,0.0,-1.0,51.0,13.0,Cold
12130,1,8,6,1,0.0,0.0,0,0,51.0,51.0,6,5,0,0,80.0,0.0,1.4,44.0,33.5,Warm
12129,2,8,2,1,0.0,0.0,0,0,51.0,51.0,2,1,0,0,0.0,0.0,0.0,51.0,21.5,Warm
12128,1,8,0,1,0.0,0.0,0,0,51.0,51.0,3,0,0,1,153.0,0.0,0.0,51.0,25.0,Warm
12127,1,8,1,1,0.0,0.0,0,0,51.0,51.0,1,0,1,0,0.0,0.0,-1.0,51.0,11.5,Cold
12126,1,8,0,1,0.0,0.0,0,0,51.0,51.0,6,0,0,1,468.0,0.0,0.4,49.0,25.0,Warm
12125,1,8,2,0,0.0,0.0,0,1,51.0,51.0,3,0,0,0,50.0,0.0,12.5,26.0,16.0,Cold
12124,1,8,6,1,0.0,0.0,0,0,51.0,51.0,5,3,0,0,27.0,0.0,5.0,31.0,30.5,Warm
12123,1,8,0,1,0.0,0.0,0,0,51.0,51.0,2,0,0,0,0.0,0.0,1.0,50.0,16.0,Cold
12122,1,8,6,0,0.0,0.0,0,1,51.0,51.0,8,1,1,1,268.0,0.0,0.29,49.0,25.7,Warm
12121,2,8,2,1,500000.0,5500000.0,1,0,51.0,51.0,9,5,2,0,29.0,5500000.0,4.62,14.0,30.5,Warm
12120,1,8,1,0,0.0,0.0,0,1,51.0,51.0,1,0,0,0,0.0,0.0,-1.0,51.0,10.0,Cold
12119,1,8,0,1,0.0,0.0,0,0,51.0,51.0,2,0,0,0,0.0,0.0,1.0,50.0,16.0,Cold
12118,1,8,1,0,0.0,0.0,0,1,51.0,51.0,1,0,0,0,0.0,0.0,-1.0,51.0,10.0,Cold
12117,1,8,6,0,0.0,0.0,0,1,51.0,51.0,9,1,1,1,477.0,0.0,0.75,45.0,25.7,Warm
12116,1,8,2,1,0.0,0.0,0,0,51.0,51.0,2,0,0,0,0.0,0.0,0.0,51.0,15.0,Cold
12115,1,8,1,0,0.0,0.0,0,1,51.0,51.0,1,0,0,0,0.0,0.0,-1.0,51.0,10.0,Cold
12114,1,8,0,1,0.0,0.0,0,0,51.0,51.0,3,1,0,1,140.0,0.0,0.5,50.0,26.5,Warm
12113,1,8,0,1,0.0,0.0,0,0,51.0,51.0,2,0,0,0,0.0,0.0,1.0,50.0,16.0,Cold
12111,1,8,0,1,0.0,0.0,0,0,52.0,52.0,2,1,0,1,237.0,0.0,0.0,51.0,26.5,Warm
12110,1,8,0,1,0.0,0.0,0,0,52.0,52.0,2,0,1,0,0.0,0.0,2.0,49.0,14.0,Cold
12109,1,8,2,1,0.0,0.0,0,0,52.0,52.0,1,0,1,0,0.0,0.0,-1.0,52.0,13.0,Cold
12108,1,8,0,1,0.0,0.0,0,0,52.0,52.0,2,0,0,0,0.0,0.0,2.0,50.0,16.0,Cold
12107,1,8,1,0,0.0,0.0,0,1,52.0,52.0,1,0,0,0,31.0,0.0,-1.0,52.0,15.0,Cold
12106,1,8,1,1,0.0,0.0,0,0,52.0,52.0,1,1,0,0,0.0,0.0,-1.0,52.0,17.5,Cold
12105,1,8,1,0,0.0,0.0,0,1,52.0,52.0,2,0,0,1,236.0,0.0,1.0,51.0,20.0,Cold
12104,1,8,2,1,0.0,0.0,0,0,52.0,52.0,5,0,1,1,219.0,0.0,11.75,3.0,22.0,Warm
12103,1,8,2,1,0.0,0.0,0,0,52.0,52.0,7,0,0,1,247.0,0.0,8.17,3.0,24.0,Warm
12102,1,8,2,1,0.0,0.0,0,0,52.0,52.0,5,0,0,0,112.0,0.0,12.25,3.0,19.0,Cold
12101,1,8,0,1,7000000.0,800000.0,1,0,52.0,52.0,3,1,0,0,108.0,800000.0,1.0,50.0,24.5,Warm
12100,2,8,2,1,5000000.0,60000000.0,1,0,52.0,52.0,7,1,1,1,122.0,60000000.0,5.33,20.0,34.5,Warm
12099,1,8,0,1,0.0,0.0,0,0,52.0,52.0,2,0,1,0,0.0,0.0,3.0,49.0,14.0,Cold
12098,1,8,6,1,0.0,0.0,0,0,52.0,52.0,7,0,0,1,204.0,0.0,1.67,42.0,28.0,Warm
12097,1,8,6,1,0.0,0.0,0,0,52.0,52.0,5,0,0,0,114.0,0.0,1.0,48.0,23.0,Warm
12096,1,8,0,1,0.0,0.0,0,0,52.0,52.0,1,0,0,0,0.0,0.0,-1.0,50.0,16.0,Cold
12095,1,8,0,1,0.0,0.0,0,0,52.0,52.0,3,0,0,0,81.0,0.0,1.0,50.0,20.0,Cold
12094,1,8,1,0,0.0,0.0,0,1,52.0,52.0,1,0,0,0,27.0,0.0,-1.0,52.0,15.0,Cold
12093,1,8,6,1,0.0,0.0,0,0,52.0,52.0,2,0,0,0,56.0,0.0,0.0,52.0,23.0,Warm
12091,1,8,6,1,0.0,0.0,0,0,52.0,52.0,4,1,2,0,0.0,0.0,5.67,35.0,21.0,Warm
12089,1,8,6,1,0.0,0.0,0,0,52.0,52.0,5,1,3,0,0.0,0.0,1.0,48.0,20.5,Warm
12088,1,8,6,1,0.0,0.0,0,0,52.0,52.0,2,0,0,0,0.0,0.0,7.0,44.0,18.5,Cold
12087,1,8,6,1,0.0,0.0,0,0,52.0,52.0,3,1,0,0,20.0,0.0,1.0,48.0,24.5,Warm
12086,1,8,6,1,0.0,0.0,0,0,52.0,52.0,2,1,0,0,55.0,0.0,0.0,52.0,24.5,Warm
12085,1,8,6,1,0.0,0.0,0,0,52.0,52.0,2,0,0,0,39.0,0.0,0.0,51.0,23.0,Warm
12084,1,8,6,1,0.0,0.0,0,0,52.0,52.0,2,1,0,0,0.0,0.0,8.0,44.0,22.5,Warm
12083,1,8,6,1,0.0,0.0,0,0,52.0,52.0,2,0,0,0,0.0,0.0,8.0,44.0,18.5,Cold
12082,1,8,6,1,0.0,0.0,0,0,52.0,52.0,1,0,0,0,0.0,0.0,-1.0,52.0,21.0,Warm
12081,1,8,6,1,0.0,0.0,0,0,52.0,52.0,3,0,0,0,0.0,0.0,1.0,50.0,18.5,Cold
12080,1,8,6,1,0.0,0.0,0,0,52.0,52.0,2,0,0,0,86.0,0.0,0.0,52.0,23.0,Warm
12079,1,8,6,1,0.0,0.0,0,0,52.0,52.0,4,1,0,0,119.0,0.0,3.0,43.0,24.5,Warm
12078,1,8,6,1,0.0,0.0,0,0,52.0,52.0,1,0,0,0,0.0,0.0,-1.0,52.0,21.0,Warm
12077,1,8,6,1,0.0,0.0,0,0,52.0,52.0,3,0,0,0,0.0,0.0,10.5,31.0,21.0,Warm
12076,1,8,6,1,0.0,0.0,0,0,52.0,52.0,7,0,0,1,540.0,0.0,4.5,25.0,31.0,Warm
12075,1,8,2,1,0.0,0.0,0,0,52.0,52.0,1,1,1,0,0.0,0.0,-1.0,52.0,17.0,Cold
12074,1,8,6,0,0.0,0.0,0,1,52.0,52.0,6,1,4,0,0.0,0.0,1.8,43.0,12.2,Cold
12073,1,8,2,1,0.0,0.0,0,0,52.0,52.0,2,0,0,0,46.0,0.0,0.0,52.0,19.0,Cold
12072,1,8,1,1,0.0,0.0,0,0,52.0,52.0,1,0,0,0,0.0,0.0,-1.0,44.0,13.5,Cold
12071,1,8,6,1,0.0,0.0,0,0,52.0,52.0,2,2,0,0,0.0,0.0,21.0,31.0,28.2,Warm
12070,1,8,6,1,0.0,0.0,0,0,52.0,52.0,6,2,0,0,73.0,0.0,1.8,43.0,26.0,Warm
12069,1,8,6,1,0.0,0.0,0,0,52.0,52.0,9,0,5,0,32.0,0.0,1.12,43.0,19.0,Cold
12068,1,8,1,1,0.0,0.0,0,0,52.0,52.0,1,0,0,0,0.0,0.0,-1.0,44.0,13.5,Cold
12067,1,8,6,0,0.0,0.0,0,1,52.0,52.0,3,0,0,0,0.0,0.0,0.5,51.0,18.0,Cold
12066,1,8,6,1,0.0,0.0,0,0,53.0,53.0,2,2,0,0,0.0,0.0,0.0,53.0,27.0,Warm
12065,1,8,6,1,0.0,0.0,0,0,54.0,54.0,2,0,0,1,558.0,0.0,0.0,54.0,28.0,Warm
12064,1,8,6,1,0.0,0.0,0,0,54.0,54.0,3,1,0,1,319.0,0.0,0.0,53.0,29.5,Warm
12063,1,8,6,1,0.0,0.0,0,0,54.0,54.0,2,0,0,0,0.0,0.0,2.0,51.0,21.0,Warm
12062,1,8,0,1,0.0,0.0,0,0,54.0,54.0,3,0,0,1,201.0,0.0,1.0,50.0,25.0,Warm
12061,2,8,2,0,10000000.0,12000000.0,1,1,54.0,54.0,4,4,0,0,0.0,12000000.0,2.67,44.0,27.5,Warm
12060,1,8,6,1,0.0,0.0,0,0,54.0,54.0,2,0,0,0,51.0,0.0,0.0,53.0,23.0,Warm
12059,1,8,1,0,0.0,0.0,0,1,54.0,54.0,1,0,0,0,52.0,0.0,-1.0,52.0,15.0,Cold
12057,2,8,2,1,0.0,0.0,0,0,54.0,54.0,1,0,0,0,0.0,0.0,-1.0,52.0,20.0,Cold
12056,1,8,6,1,0.0,0.0,0,0,54.0,54.0,3,0,0,0,0.0,0.0,2.5,48.0,18.5,Cold
12055,1,8,1,1,0.0,0.0,0,0,54.0,54.0,2,0,0,0,71.0,0.0,0.0,53.0,18.0,Cold
12054,1,8,0,1,0.0,0.0,0,0,54.0,54.0,3,1,0,0,84.0,0.0,2.0,50.0,24.5,Warm
12053,1,8,0,1,0.0,0.0,0,0,54.0,54.0,4,0,0,1,303.0,0.0,1.33,50.0,25.0,Warm
12052,1,8,6,1,0.0,0.0,0,0,54.0,54.0,2,0,0,0,13.0,0.0,0.0,53.0,23.0,Warm
12051,1,8,6,1,0.0,0.0,0,0,54.0,54.0,3,0,0,0,0.0,0.0,2.5,48.0,18.5,Cold
12050,1,8,6,1,0.0,0.0,0,0,54.0,54.0,2,0,0,1,137.0,0.0,0.0,53.0,28.0,Warm
12049,1,8,2,1,0.0,0.0,0,0,54.0,54.0,3,0,1,1,180.0,0.0,14.0,26.0,22.0,Warm
12048,1,8,0,1,0.0,0.0,0,0,54.0,54.0,3,0,0,1,166.0,0.0,2.0,50.0,25.0,Warm
12047,1,8,6,1,0.0,0.0,0,0,54.0,54.0,4,2,0,0,84.0,0.0,7.67,30.0,26.0,Warm
12045,1,8,2,1,8000000.0,8500000.0,1,0,54.0,54.0,4,1,0,1,165.0,8500000.0,13.33,14.0,28.5,Warm
12044,1,8,6,1,0.0,0.0,0,0,54.0,54.0,1,1,0,0,0.0,0.0,-1.0,53.0,22.5,Warm
12043,1,8,0,1,0.0,0.0,0,0,54.0,54.0,5,0,0,1,291.0,0.0,1.0,50.0,25.0,Warm
12042,1,8,6,1,0.0,0.0,0,0,54.0,54.0,4,0,0,0,0.0,0.0,6.0,35.0,21.0,Warm
12041,1,8,6,1,0.0,0.0,0,0,54.0,54.0,1,0,0,0,0.0,0.0,-1.0,53.0,21.0,Warm
12040,1,8,0,1,0.0,0.0,0,0,54.0,54.0,3,0,0,0,32.0,0.0,2.0,50.0,20.0,Cold
12039,1,8,6,1,0.0,0.0,0,0,54.0,54.0,3,0,0,1,178.0,0.0,11.5,30.0,28.0,Warm
12038,1,8,0,1,0.0,0.0,0,0,54.0,54.0,3,0,0,1,155.0,0.0,2.0,50.0,25.0,Warm
12037,1,8,0,1,0.0,0.0,0,0,54.0,54.0,5,0,0,0,159.0,0.0,1.0,50.0,20.0,Cold
12036,1,8,6,1,0.0,0.0,0,0,55.0,55.0,2,1,1,0,0.0,0.0,20.0,35.0,18.5,Cold
12035,2,8,2,1,0.0,0.0,0,0,55.0,55.0,5,4,1,0,70.0,0.0,1.75,48.0,26.0,Warm
12033,1,8,2,1,0.0,0.0,0,0,55.0,55.0,2,0,0,0,0.0,0.0,2.0,52.0,17.5,Cold
12031,1,8,0,1,0.0,0.0,0,0,55.0,55.0,2,0,0,0,114.0,0.0,0.0,50.0,20.0,Cold
12030,1,8,0,1,0.0,0.0,0,0,55.0,55.0,1,0,0,0,0.0,0.0,-1.0,50.0,16.0,Cold
12029,1,8,6,1,0.0,0.0,0,0,55.0,55.0,1,0,0,0,0.0,0.0,-1.0,53.0,21.0,Warm
12028,1,8,6,1,0.0,0.0,0,0,55.0,55.0,3,0,0,0,28.0,0.0,2.0,49.0,23.0,Warm
12027,1,8,6,1,0.0,0.0,0,0,55.0,55.0,3,1,0,0,61.0,0.0,11.5,30.0,24.5,Warm
12026,1,8,6,1,0.0,0.0,0,0,55.0,55.0,2,1,1,0,0.0,0.0,23.0,30.0,20.5,Warm
12025,1,8,1,1,0.0,0.0,0,0,55.0,55.0,1,0,0,0,27.0,0.0,-1.0,55.0,18.0,Cold
12024,1,8,2,0,5000000.0,5500000.0,1,1,55.0,55.0,6,1,0,1,356.0,5500000.0,5.8,26.0,25.5,Warm
12023,1,8,6,1,0.0,0.0,0,0,56.0,56.0,2,1,0,1,391.0,0.0,0.0,56.0,29.5,Warm
12022,1,8,2,1,8000000.0,9000000.0,1,0,56.0,56.0,3,2,1,1,229.0,9000000.0,17.5,20.0,28.0,Warm
12021,1,8,6,1,0.0,0.0,0,0,56.0,56.0,3,1,0,0,123.0,0.0,0.0,56.0,24.5,Warm
12020,1,8,6,1,0.0,0.0,0,0,56.0,56.0,3,2,0,0,105.0,0.0,6.0,44.0,29.0,Warm
12019,1,8,6,1,0.0,0.0,0,0,56.0,56.0,3,2,0,0,105.0,0.0,2.0,52.0,29.0,Warm
12018,1,8,6,1,0.0,0.0,0,0,56.0,56.0,4,2,0,0,66.0,0.0,2.0,50.0,29.0,Warm
12017,1,8,6,1,0.0,0.0,0,0,56.0,56.0,1,1,1,0,0.0,0.0,-1.0,56.0,20.5,Warm
12016,1,8,2,1,0.0,0.0,0,0,56.0,56.0,3,0,0,1,224.0,0.0,2.5,50.0,24.0,Warm
12015,1,8,0,1,30000000.0,4500000.0,1,0,56.0,56.0,8,0,0,1,670.0,4500000.0,4.57,24.0,31.0,Warm
12014,1,8,6,1,0.0,0.0,0,0,56.0,56.0,4,0,0,0,152.0,0.0,9.0,29.0,23.0,Warm
12013,1,8,2,1,0.0,0.0,0,0,56.0,56.0,2,0,0,0,47.0,0.0,0.0,55.0,19.0,Cold
12012,1,8,6,1,0.0,0.0,0,0,56.0,56.0,4,1,0,0,28.0,0.0,2.67,48.0,24.5,Warm
12011,1,8,6,1,0.0,0.0,0,0,56.0,56.0,2,0,0,0,31.0,0.0,0.0,56.0,23.0,Warm
12010,1,8,6,1,0.0,0.0,0,0,56.0,56.0,4,1,0,0,24.0,0.0,9.0,29.0,24.5,Warm
12009,1,8,6,1,0.0,0.0,0,0,56.0,56.0,4,0,0,0,104.0,0.0,10.67,24.0,23.0,Warm
12008,1,8,6,1,0.0,0.0,0,0,56.0,56.0,4,1,0,1,361.0,0.0,10.67,24.0,29.5,Warm
12007,1,8,6,1,0.0,0.0,0,0,56.0,56.0,2,0,0,0,24.0,0.0,0.0,56.0,23.0,Warm
12006,1,8,6,1,0.0,0.0,0,0,56.0,56.0,2,0,0,0,75.0,0.0,0.0,56.0,23.0,Warm
12005,1,8,6,1,0.0,0.0,0,0,56.0,56.0,2,1,0,0,92.0,0.0,0.0,56.0,24.5,Warm
12004,1,8,6,1,0.0,0.0,0,0,56.0,56.0,3,0,0,0,0.0,0.0,4.0,48.0,21.0,Warm
12003,1,8,6,1,0.0,0.0,0,0,56.0,56.0,2,1,0,0,72.0,0.0,0.0,56.0,24.5,Warm
12002,1,8,6,1,0.0,0.0,0,0,56.0,56.0,2,1,1,0,42.0,0.0,0.0,56.0,22.5,Warm
12001,1,8,6,1,0.0,0.0,0,0,56.0,56.0,2,0,0,0,0.0,0.0,5.0,51.0,21.0,Warm
12000,1,8,6,1,0.0,0.0,0,0,57.0,57.0,5,1,0,0,123.0,0.0,8.0,24.0,25.7,Warm
11999,1,8,1,1,0.0,0.0,0,0,57.0,57.0,1,0,1,0,0.0,0.0,-1.0,55.0,11.5,Cold
11998,1,8,6,1,0.0,0.0,0,0,57.0,57.0,4,2,1,0,64.0,0.0,14.0,14.0,24.0,Warm
11996,1,8,0,1,0.0,0.0,0,0,57.0,57.0,5,0,0,1,222.0,0.0,1.75,50.0,25.0,Warm
11995,1,8,6,0,0.0,0.0,0,1,57.0,57.0,2,2,2,0,0.0,0.0,42.0,14.0,19.0,Cold
11994,1,8,6,1,0.0,0.0,0,0,57.0,57.0,2,0,0,0,0.0,0.0,0.0,56.0,21.0,Warm
11993,1,8,0,1,0.0,0.0,0,0,57.0,57.0,7,0,0,1,423.0,0.0,2.17,44.0,25.0,Warm
11992,1,8,6,1,0.0,0.0,0,0,57.0,57.0,1,0,0,0,0.0,0.0,-1.0,57.0,21.5,Warm
11991,1,8,2,1,0.0,0.0,0,0,57.0,57.0,5,0,1,1,438.0,0.0,3.5,43.0,22.0,Warm
11990,1,8,6,1,0.0,0.0,0,0,57.0,57.0,2,0,0,0,0.0,0.0,0.0,56.0,18.5,Cold
11989,1,8,0,0,0.0,0.0,0,1,57.0,57.0,1,0,1,0,0.0,0.0,-1.0,57.0,11.0,Cold
11988,1,8,0,1,0.0,0.0,0,0,57.0,57.0,4,1,1,1,247.0,0.0,2.33,50.0,24.5,Warm
11987,1,8,6,1,0.0,0.0,0,0,57.0,57.0,5,0,1,1,472.0,0.0,0.5,55.0,26.0,Warm
11986,1,8,2,1,10000000.0,0.0,0,0,57.0,57.0,7,1,0,1,269.0,0.0,9.17,2.0,29.5,Warm
11985,1,8,6,1,0.0,0.0,0,0,57.0,57.0,7,2,1,0,111.0,0.0,0.83,52.0,24.0,Warm
11984,1,8,0,1,0.0,0.0,0,0,57.0,57.0,4,0,0,1,692.0,0.0,2.33,50.0,25.0,Warm
11983,1,8,0,1,0.0,0.0,0,0,57.0,57.0,2,0,0,0,0.0,0.0,7.0,50.0,16.0,Cold
11982,1,8,6,1,10000000.0,0.0,0,0,57.0,57.0,2,0,0,1,174.0,0.0,0.0,57.0,32.0,Warm
11981,1,8,6,1,0.0,0.0,0,0,57.0,57.0,4,0,0,0,74.0,0.0,14.33,13.0,23.0,Warm
11980,1,8,6,1,0.0,0.0,0,0,57.0,57.0,3,1,1,0,60.0,0.0,2.5,51.0,22.5,Warm
11979,1,8,6,1,0.0,0.0,0,0,57.0,57.0,3,0,0,0,0.0,0.0,16.5,23.0,21.0,Warm
11978,1,8,6,1,0.0,0.0,0,0,57.0,57.0,2,0,0,0,0.0,0.0,7.0,49.0,21.0,Warm
11977,1,8,6,1,0.0,0.0,0,0,57.0,57.0,2,0,0,0,42.0,0.0,0.0,57.0,23.0,Warm
11976,1,8,6,1,0.0,0.0,0,0,57.0,57.0,3,1,0,0,110.0,0.0,21.5,13.0,24.5,Warm
11975,1,8,6,1,0.0,0.0,0,0,57.0,57.0,2,0,0,0,52.0,0.0,0.0,56.0,23.0,Warm
11974,1,8,6,1,0.0,0.0,0,0,57.0,57.0,2,1,0,1,166.0,0.0,0.0,56.0,29.5,Warm
11973,1,8,6,1,0.0,0.0,0,0,57.0,57.0,2,0,0,0,0.0,0.0,5.0,51.0,21.0,Warm
11972,1,8,6,1,0.0,0.0,0,0,57.0,57.0,2,0,0,0,76.0,0.0,0.0,56.0,23.0,Warm
11971,1,8,6,1,0.0,0.0,0,0,57.0,57.0,2,0,0,0,14.0,0.0,0.0,56.0,23.0,Warm
11970,1,8,6,1,0.0,0.0,0,0,57.0,57.0,2,0,0,0,61.0,0.0,0.0,56.0,23.0,Warm
11969,1,8,2,1,0.0,0.0,0,0,57.0,57.0,1,0,0,0,0.0,0.0,-1.0,57.0,17.5,Cold
11968,1,8,2,1,0.0,0.0,0,0,57.0,57.0,3,1,1,0,0.0,0.0,7.5,42.0,14.5,Cold
11967,1,8,6,1,0.0,0.0,0,0,57.0,57.0,3,0,0,0,28.0,0.0,21.5,13.0,23.0,Warm
11966,1,8,6,1,0.0,0.0,0,0,57.0,57.0,2,0,1,0,0.0,0.0,1.0,56.0,19.0,Cold
11965,1,8,6,1,0.0,0.0,0,0,58.0,58.0,2,0,0,0,0.0,0.0,1.0,56.0,18.5,Cold
11964,1,8,0,1,0.0,0.0,0,0,58.0,58.0,3,0,0,0,0.0,0.0,3.5,50.0,16.0,Cold
11963,1,8,0,0,0.0,0.0,0,1,58.0,58.0,2,0,0,0,60.0,0.0,3.0,54.0,17.0,Cold
11962,2,8,0,1,1200000.0,12500000.0,1,0,58.0,58.0,27,2,0,1,8070.0,12500000.0,2.12,3.0,35.0,Warm
11961,1,8,6,1,0.0,0.0,0,0,58.0,58.0,4,0,0,0,0.0,0.0,14.67,13.0,21.0,Warm
11960,2,8,2,1,0.0,0.0,0,0,58.0,58.0,5,4,0,1,201.0,0.0,3.5,44.0,33.0,Warm
11959,1,8,6,1,0.0,0.0,0,0,58.0,58.0,11,1,0,1,431.0,0.0,3.4,23.0,29.5,Warm
11958,1,8,6,1,0.0,0.0,0,0,58.0,58.0,2,2,0,0,0.0,0.0,0.0,57.0,22.0,Warm
11957,1,8,6,1,0.0,0.0,0,0,58.0,58.0,3,2,0,0,38.0,0.0,3.0,51.0,26.0,Warm
11956,1,8,0,1,7500000.0,9000000.0,1,0,58.0,58.0,5,0,0,1,387.0,9000000.0,2.0,50.0,28.0,Warm
11955,1,8,2,1,0.0,0.0,0,0,58.0,58.0,2,0,0,0,69.0,0.0,0.0,58.0,19.0,Cold
11954,1,8,0,1,8000000.0,8500000.0,1,0,58.0,58.0,5,0,0,1,276.0,8500000.0,2.0,50.0,28.0,Warm
11953,1,8,6,1,0.0,0.0,0,0,58.0,58.0,3,0,0,0,0.0,0.0,1.0,55.0,21.0,Warm
11952,1,8,0,0,0.0,0.0,0,1,58.0,58.0,3,0,0,0,102.0,0.0,1.0,56.0,17.0,Cold
11951,1,8,6,1,0.0,0.0,0,0,58.0,58.0,1,0,0,0,0.0,0.0,-1.0,58.0,21.0,Warm
11950,1,8,6,1,0.0,0.0,0,0,58.0,58.0,1,1,1,0,0.0,0.0,-1.0,57.0,20.5,Warm
11949,1,8,6,1,0.0,0.0,0,0,58.0,58.0,3,1,1,0,0.0,0.0,22.0,13.0,20.5,Warm
11948,1,8,6,1,0.0,0.0,0,0,58.0,58.0,4,0,0,0,80.0,0.0,12.33,20.0,23.0,Warm
11947,1,8,6,1,0.0,0.0,0,0,58.0,58.0,2,1,0,1,194.0,0.0,0.0,57.0,29.5,Warm
11946,1,8,6,1,0.0,0.0,0,0,58.0,58.0,1,0,0,0,0.0,0.0,-1.0,57.0,21.0,Warm
11945,1,8,6,1,0.0,0.0,0,0,58.0,58.0,2,1,0,0,38.0,0.0,0.0,57.0,24.5,Warm
11944,1,8,0,1,0.0,0.0,0,0,58.0,58.0,4,0,0,0,46.0,0.0,2.67,50.0,20.0,Cold
11943,1,8,2,1,0.0,0.0,0,0,58.0,58.0,2,0,0,0,52.0,0.0,0.0,58.0,19.0,Cold
11942,1,8,6,1,0.0,0.0,0,0,58.0,58.0,2,0,0,1,134.0,0.0,0.0,58.0,28.0,Warm
11941,1,8,1,1,0.0,0.0,0,0,58.0,58.0,1,1,0,0,0.0,0.0,-1.0,58.0,17.5,Cold
11940,1,8,6,1,0.0,0.0,0,0,58.0,58.0,7,3,0,1,731.0,0.0,1.5,49.0,32.5,Warm
11939,1,8,0,1,4500000.0,5000000.0,1,0,58.0,58.0,4,0,0,1,231.0,5000000.0,2.67,50.0,28.0,Warm
11938,1,8,1,1,75000000.0,85000000.0,1,0,58.0,58.0,1,1,0,0,0.0,85000000.0,-1.0,58.0,25.5,Warm
11937,1,8,1,1,0.0,0.0,0,0,58.0,58.0,1,1,0,0,0.0,0.0,-1.0,58.0,17.5,Cold
11936,1,8,2,1,0.0,0.0,0,0,59.0,59.0,1,0,0,0,0.0,0.0,-1.0,59.0,17.5,Cold
11935,1,8,6,1,0.0,0.0,0,0,59.0,59.0,1,0,0,0,0.0,0.0,-1.0,57.0,21.0,Warm
11934,1,8,1,1,0.0,0.0,0,0,59.0,59.0,1,0,0,0,0.0,0.0,-1.0,59.0,13.0,Cold
11933,1,8,8,1,0.0,0.0,0,0,59.0,59.0,2,0,0,1,139.0,0.0,0.0,58.0,32.0,Warm
11932,1,8,6,1,0.0,0.0,0,0,59.0,59.0,1,0,0,0,0.0,0.0,-1.0,57.0,21.0,Warm
11931,1,8,6,1,0.0,0.0,0,0,59.0,59.0,5,1,1,0,65.0,0.0,9.25,20.0,22.5,Warm
11930,1,8,6,1,0.0,0.0,0,0,59.0,59.0,2,1,0,0,30.0,0.0,1.0,58.0,24.5,Warm
11929,1,8,6,1,0.0,0.0,0,0,59.0,59.0,4,1,0,0,129.0,0.0,14.67,13.0,24.5,Warm
11928,1,8,6,1,0.0,0.0,0,0,59.0,59.0,3,0,0,0,0.0,0.0,23.0,13.0,18.5,Cold
11927,1,8,0,0,0.0,0.0,0,1,59.0,59.0,5,0,0,1,268.0,0.0,2.25,50.0,22.0,Warm
11926,1,8,0,1,0.0,0.0,0,0,59.0,59.0,4,0,0,0,36.0,0.0,3.0,50.0,20.0,Cold
11925,1,8,6,1,0.0,0.0,0,0,59.0,59.0,2,1,0,0,0.0,0.0,4.0,55.0,20.5,Warm
11924,1,8,6,1,0.0,0.0,0,0,59.0,59.0,2,1,0,0,0.0,0.0,2.0,55.0,22.5,Warm
11922,1,8,0,1,0.0,0.0,0,0,59.0,59.0,3,0,0,0,0.0,0.0,4.5,50.0,16.0,Cold
11921,1,8,6,1,0.0,0.0,0,0,59.0,59.0,2,0,0,0,30.0,0.0,0.0,58.0,23.0,Warm
11920,1,8,0,1,0.0,0.0,0,0,59.0,59.0,7,2,0,0,166.0,0.0,1.5,50.0,23.0,Warm
11919,1,8,6,1,0.0,0.0,0,0,59.0,59.0,2,0,0,0,0.0,0.0,3.0,55.0,19.0,Cold
11918,1,8,6,1,0.0,0.0,0,0,59.0,59.0,2,1,0,0,49.0,0.0,0.0,58.0,24.5,Warm
11917,1,8,6,1,0.0,0.0,0,0,59.0,59.0,4,3,3,0,61.0,0.0,0.0,57.0,25.5,Warm
11916,1,8,6,1,0.0,0.0,0,0,59.0,59.0,6,0,0,0,0.0,0.0,8.8,13.0,18.5,Cold
11915,1,8,6,1,0.0,0.0,0,0,59.0,59.0,3,2,0,1,126.0,0.0,0.0,57.0,31.0,Warm
11914,1,8,6,1,0.0,0.0,0,0,59.0,59.0,2,0,0,0,47.0,0.0,0.0,58.0,23.0,Warm
11913,1,8,6,1,0.0,0.0,0,0,59.0,59.0,2,0,0,0,26.0,0.0,0.0,57.0,23.0,Warm
11912,1,8,6,1,0.0,0.0,0,0,59.0,59.0,6,1,0,0,82.0,0.0,3.0,44.0,24.5,Warm
11911,1,8,6,1,0.0,0.0,0,0,59.0,59.0,4,1,0,0,0.0,0.0,16.0,11.0,20.5,Warm
11910,1,8,6,1,0.0,0.0,0,0,59.0,59.0,2,0,0,0,0.0,0.0,4.0,55.0,21.0,Warm
11909,1,8,6,1,0.0,0.0,0,0,59.0,59.0,2,0,0,0,0.0,0.0,6.0,51.0,18.5,Cold
11908,1,8,6,1,0.0,0.0,0,0,59.0,59.0,2,1,0,0,58.0,0.0,0.0,57.0,24.5,Warm
11907,1,8,1,1,0.0,0.0,0,0,59.0,59.0,1,0,0,0,0.0,0.0,-1.0,58.0,16.0,Cold
11906,1,8,6,1,0.0,0.0,0,0,59.0,59.0,4,0,0,0,0.0,0.0,15.67,11.0,18.5,Cold
11905,1,8,6,1,0.0,0.0,0,0,59.0,59.0,2,1,1,0,44.0,0.0,0.0,58.0,22.5,Warm
11904,1,8,6,1,0.0,0.0,0,0,59.0,59.0,2,0,0,0,0.0,0.0,2.0,55.0,18.5,Cold
11903,1,8,6,1,0.0,0.0,0,0,59.0,59.0,2,0,0,0,38.0,0.0,0.0,59.0,23.0,Warm
11902,1,8,6,1,0.0,0.0,0,0,59.0,59.0,2,1,1,0,63.0,0.0,0.0,59.0,22.5,Warm
11901,1,8,6,1,0.0,0.0,0,0,59.0,59.0,3,0,0,0,0.0,0.0,24.5,10.0,18.5,Cold
11900,1,8,6,1,0.0,0.0,0,0,59.0,59.0,4,1,1,0,30.0,0.0,15.67,10.0,22.5,Warm
11899,1,8,6,1,0.0,0.0,0,0,59.0,59.0,3,2,0,0,52.0,0.0,0.0,57.0,26.0,Warm
11898,1,8,6,1,0.0,0.0,0,0,59.0,59.0,1,1,1,0,0.0,0.0,-1.0,59.0,20.5,Warm
11897,1,8,6,1,0.0,0.0,0,0,59.0,59.0,4,1,0,0,119.0,0.0,16.33,10.0,24.5,Warm
11896,1,8,6,1,0.0,0.0,0,0,59.0,59.0,5,2,0,1,153.0,0.0,12.25,10.0,31.0,Warm
11895,1,8,6,1,0.0,0.0,0,0,59.0,59.0,1,0,0,0,0.0,0.0,-1.0,57.0,21.0,Warm
11894,1,8,6,1,0.0,0.0,0,0,59.0,59.0,3,0,0,0,0.0,0.0,24.0,10.0,18.5,Cold
11893,1,8,6,1,0.0,0.0,0,0,59.0,59.0,4,1,0,0,83.0,0.0,16.33,10.0,24.5,Warm
11892,1,8,6,1,0.0,0.0,0,0,59.0,59.0,5,1,1,0,0.0,0.0,12.25,10.0,18.0,Cold
11891,1,8,1,0,0.0,0.0,0,1,59.0,59.0,1,0,0,1,809.0,0.0,-1.0,59.0,20.0,Cold
11890,1,8,6,1,0.0,0.0,0,0,59.0,59.0,2,0,0,0,80.0,0.0,0.0,59.0,23.0,Warm
11889,1,8,6,1,0.0,0.0,0,0,59.0,59.0,2,1,0,0,92.0,0.0,0.0,59.0,24.5,Warm
11888,1,8,6,1,0.0,0.0,0,0,59.0,59.0,2,0,0,0,46.0,0.0,0.0,57.0,23.0,Warm
11887,1,8,6,1,0.0,0.0,0,0,59.0,59.0,2,1,0,0,0.0,0.0,2.0,55.0,22.5,Warm
11886,1,8,6,1,0.0,0.0,0,0,59.0,59.0,2,1,0,1,184.0,0.0,0.0,57.0,29.5,Warm
11885,1,8,6,1,0.0,0.0,0,0,59.0,59.0,1,0,0,0,0.0,0.0,-1.0,58.0,21.0,Warm
11884,1,8,6,1,0.0,0.0,0,0,59.0,59.0,3,0,0,0,0.0,0.0,24.0,10.0,18.5,Cold
11883,1,8,6,1,0.0,0.0,0,0,59.0,59.0,2,0,0,0,63.0,0.0,0.0,58.0,23.0,Warm
11882,1,8,1,1,0.0,0.0,0,0,59.0,59.0,3,1,0,0,82.0,0.0,24.5,10.0,19.5,Cold
11881,1,8,6,1,0.0,0.0,0,0,61.0,61.0,2,1,1,0,29.0,0.0,0.0,60.0,22.5,Warm
11880,1,8,6,1,0.0,0.0,0,0,61.0,61.0,1,1,1,0,0.0,0.0,-1.0,60.0,20.5,Warm
11879,1,8,6,1,0.0,0.0,0,0,61.0,61.0,2,1,1,0,34.0,0.0,0.0,59.0,22.5,Warm
11878,2,8,0,1,8500000.0,9500000.0,1,0,61.0,61.0,6,2,0,1,401.0,9500000.0,2.0,49.0,34.0,Warm
11877,1,8,6,1,0.0,0.0,0,0,61.0,61.0,5,1,1,0,24.0,0.0,12.5,9.0,22.5,Warm
11876,1,8,6,1,0.0,0.0,0,0,61.0,61.0,2,1,0,0,107.0,0.0,0.0,60.0,24.5,Warm
11875,1,8,0,1,0.0,0.0,0,0,61.0,61.0,3,0,0,0,0.0,0.0,4.5,50.0,16.0,Cold
11874,1,8,0,1,2500000.0,3000000.0,1,0,61.0,61.0,4,0,0,0,35.0,3000000.0,3.0,50.0,23.0,Warm
11873,1,8,0,1,0.0,0.0,0,0,61.0,61.0,2,0,0,0,0.0,0.0,3.0,56.0,16.0,Cold
11872,1,8,6,1,0.0,0.0,0,0,61.0,61.0,6,2,0,0,131.0,0.0,10.0,10.0,26.0,Warm
11871,1,8,0,1,0.0,0.0,0,0,61.0,61.0,3,0,1,0,63.0,0.0,1.5,56.0,18.0,Cold
11870,1,8,0,1,0.0,0.0,0,0,61.0,61.0,5,0,0,1,202.0,0.0,2.5,49.0,25.0,Warm
11869,1,8,0,1,0.0,0.0,0,0,61.0,61.0,4,1,0,0,150.0,0.0,1.0,56.0,21.5,Warm
11868,1,8,6,1,0.0,0.0,0,0,61.0,61.0,3,1,0,0,62.0,0.0,2.0,55.0,24.5,Warm
11867,1,8,0,1,0.0,0.0,0,0,61.0,61.0,3,1,0,0,48.0,0.0,1.5,56.0,21.5,Warm
11866,1,8,0,1,0.0,0.0,0,0,61.0,61.0,3,0,0,0,127.0,0.0,1.5,56.0,20.0,Cold
11865,1,8,2,1,0.0,0.0,0,0,61.0,61.0,3,1,0,1,442.0,0.0,2.5,53.0,25.5,Warm
11864,1,8,0,1,0.0,0.0,0,0,61.0,61.0,1,0,0,0,0.0,0.0,-1.0,59.0,16.0,Cold
11863,1,8,0,1,7000000.0,8500000.0,1,0,61.0,61.0,7,2,0,0,205.0,8500000.0,1.5,50.0,26.0,Warm
11862,1,8,0,1,0.0,0.0,0,0,61.0,61.0,1,0,0,0,0.0,0.0,-1.0,59.0,16.0,Cold
11861,1,8,6,1,0.0,0.0,0,0,61.0,61.0,3,1,0,0,31.0,0.0,5.0,49.0,24.5,Warm
11860,1,8,0,1,0.0,0.0,0,0,61.0,61.0,2,1,0,0,111.0,0.0,0.0,59.0,21.5,Warm
11859,1,8,6,1,0.0,0.0,0,0,61.0,61.0,3,1,1,1,138.0,0.0,2.0,55.0,27.5,Warm
11858,1,8,0,1,0.0,0.0,0,0,61.0,61.0,2,0,0,0,41.0,0.0,0.0,59.0,20.0,Cold
11857,1,8,0,1,0.0,0.0,0,0,61.0,61.0,4,0,0,1,260.0,0.0,3.33,49.0,25.0,Warm
11856,1,8,0,1,0.0,0.0,0,0,61.0,61.0,5,0,1,0,115.0,0.0,2.25,50.0,18.0,Cold
11855,1,8,0,1,0.0,0.0,0,0,61.0,61.0,1,0,0,0,0.0,0.0,-1.0,58.0,16.0,Cold
11854,1,8,0,1,0.0,0.0,0,0,61.0,61.0,1,0,0,0,0.0,0.0,-1.0,58.0,16.0,Cold
11853,1,8,0,1,0.0,0.0,0,0,61.0,61.0,3,0,0,0,0.0,0.0,4.5,50.0,16.0,Cold
11852,1,8,6,1,0.0,0.0,0,0,61.0,61.0,4,3,0,0,169.0,0.0,16.67,9.0,27.5,Warm
11851,1,8,6,1,0.0,0.0,0,0,62.0,62.0,2,0,0,0,107.0,0.0,0.0,59.0,23.0,Warm
11850,1,8,6,1,0.0,0.0,0,0,62.0,62.0,2,0,0,0,0.0,0.0,5.0,55.0,21.0,Warm
11849,1,8,6,1,0.0,0.0,0,0,62.0,62.0,2,1,0,0,36.0,0.0,0.0,60.0,24.5,Warm
11848,1,8,6,1,0.0,0.0,0,0,62.0,62.0,1,0,0,0,0.0,0.0,-1.0,59.0,21.0,Warm
11847,1,8,6,1,0.0,0.0,0,0,62.0,62.0,2,1,0,0,58.0,0.0,0.0,60.0,24.5,Warm
11846,1,8,6,1,0.0,0.0,0,0,62.0,62.0,4,1,0,0,109.0,0.0,4.0,48.0,24.5,Warm
11845,1,8,6,1,0.0,0.0,0,0,62.0,62.0,3,0,0,0,0.0,0.0,25.5,8.0,18.5,Cold
11844,1,8,0,1,10000000.0,12000000.0,1,0,62.0,62.0,7,0,0,1,294.0,12000000.0,1.83,50.0,29.0,Warm
11843,1,8,6,1,0.0,0.0,0,0,62.0,62.0,2,2,0,0,0.0,0.0,4.0,55.0,24.0,Warm
11842,1,8,6,1,0.0,0.0,0,0,62.0,62.0,6,5,0,0,119.0,0.0,0.0,59.0,30.5,Warm
11841,1,8,6,0,0.0,0.0,0,1,62.0,62.0,3,0,1,0,0.0,0.0,13.5,35.0,16.5,Cold
11840,1,8,2,1,0.0,0.0,0,0,62.0,62.0,4,0,3,0,0.0,0.0,4.33,49.0,15.5,Cold
11839,1,8,6,1,0.0,0.0,0,0,62.0,62.0,1,1,1,0,0.0,0.0,-1.0,59.0,20.5,Warm
11838,1,8,6,1,0.0,0.0,0,0,62.0,62.0,3,0,0,0,0.0,0.0,25.5,8.0,21.0,Warm
11837,1,8,6,1,0.0,0.0,0,0,62.0,62.0,2,0,0,0,19.0,0.0,0.0,59.0,23.0,Warm
11836,1,8,6,1,0.0,0.0,0,0,62.0,62.0,2,0,0,0,0.0,0.0,5.0,55.0,21.0,Warm
11835,1,8,2,1,0.0,0.0,0,0,62.0,62.0,3,0,1,0,105.0,0.0,3.0,56.0,17.0,Cold
11834,1,8,6,1,0.0,0.0,0,0,62.0,62.0,6,0,4,0,53.0,0.0,3.8,43.0,21.0,Warm
11833,1,8,2,1,0.0,0.0,0,0,62.0,62.0,2,1,2,0,0.0,0.0,15.0,47.0,15.0,Cold
11832,1,8,2,1,0.0,0.0,0,0,62.0,62.0,1,0,0,0,0.0,0.0,-1.0,58.0,17.5,Cold
11831,1,8,6,1,0.0,0.0,0,0,62.0,62.0,2,1,1,0,20.0,0.0,0.0,62.0,22.5,Warm
11830,1,8,2,1,500000.0,0.0,0,0,62.0,62.0,6,2,1,1,238.0,0.0,8.2,20.0,26.0,Warm
11829,1,8,0,1,0.0,0.0,0,0,62.0,62.0,4,0,0,0,0.0,0.0,3.67,50.0,16.0,Cold
11828,1,8,0,1,7000000.0,8500000.0,1,0,62.0,62.0,10,0,0,1,720.0,8500000.0,1.33,50.0,28.0,Warm
11827,1,8,0,1,0.0,0.0,0,0,62.0,62.0,7,2,0,1,398.0,0.0,2.0,50.0,28.0,Warm
11826,1,8,6,1,0.0,0.0,0,0,62.0,62.0,3,0,0,0,0.0,0.0,27.0,8.0,21.0,Warm
11825,1,8,6,1,0.0,0.0,0,0,62.0,62.0,5,1,1,0,90.0,0.0,13.5,8.0,22.5,Warm
11824,1,8,6,1,0.0,0.0,0,0,62.0,62.0,3,0,0,0,0.0,0.0,25.5,9.0,18.5,Cold
11823,1,8,6,1,0.0,0.0,0,0,62.0,62.0,4,0,0,0,0.0,0.0,17.0,9.0,18.5,Cold
11822,1,8,6,1,0.0,0.0,0,0,62.0,62.0,2,0,0,0,14.0,0.0,0.0,60.0,23.0,Warm
11821,1,8,6,1,0.0,0.0,0,0,62.0,62.0,2,3,0,0,0.0,0.0,4.0,56.0,28.5,Warm
11820,1,8,6,1,0.0,0.0,0,0,62.0,62.0,2,0,0,0,0.0,0.0,4.0,55.0,21.0,Warm
11819,1,8,6,1,0.0,0.0,0,0,62.0,62.0,4,2,0,0,131.0,0.0,17.33,7.0,26.0,Warm
11818,1,8,6,1,0.0,0.0,0,0,62.0,62.0,3,0,0,0,0.0,0.0,25.0,9.0,18.5,Cold
11817,1,8,6,1,0.0,0.0,0,0,62.0,62.0,3,0,0,0,0.0,0.0,26.5,9.0,18.5,Cold
11816,1,8,6,1,0.0,0.0,0,0,62.0,62.0,2,1,1,0,0.0,0.0,7.0,55.0,20.5,Warm
11815,1,8,1,1,0.0,0.0,0,0,62.0,62.0,2,1,1,0,40.0,0.0,0.0,62.0,17.5,Cold
11814,1,8,1,1,0.0,0.0,0,0,62.0,62.0,2,1,0,0,35.0,0.0,0.0,62.0,19.5,Cold
11813,1,8,6,1,0.0,0.0,0,0,62.0,62.0,1,1,1,0,0.0,0.0,-1.0,59.0,20.5,Warm
11812,1,8,6,1,0.0,0.0,0,0,62.0,62.0,5,2,0,0,116.0,0.0,13.0,7.0,26.0,Warm
11811,1,8,6,1,0.0,0.0,0,0,62.0,62.0,2,0,0,0,38.0,0.0,0.0,60.0,23.0,Warm
11810,1,8,1,1,0.0,0.0,0,0,62.0,62.0,2,0,2,0,0.0,0.0,0.0,62.0,14.5,Cold
11809,1,8,6,1,0.0,0.0,0,0,62.0,62.0,4,1,0,0,106.0,0.0,17.67,7.0,24.5,Warm
11808,1,8,1,1,0.0,0.0,0,0,62.0,62.0,2,0,0,0,81.0,0.0,0.0,59.0,18.0,Cold
11807,1,8,1,1,0.0,0.0,0,0,62.0,62.0,2,0,0,0,61.0,0.0,51.0,9.0,18.0,Cold
11806,1,8,6,1,0.0,0.0,0,0,62.0,62.0,4,0,0,0,78.0,0.0,19.0,3.0,23.0,Warm
11805,1,8,6,1,0.0,0.0,0,0,62.0,62.0,3,1,0,0,89.0,0.0,0.0,62.0,24.5,Warm
11804,1,8,6,1,0.0,0.0,0,0,62.0,62.0,8,2,3,1,483.0,0.0,3.86,35.0,29.0,Warm
11803,1,8,0,1,0.0,0.0,0,0,62.0,62.0,4,0,1,0,0.0,0.0,4.0,50.0,14.0,Cold
11802,1,8,1,1,0.0,0.0,0,0,62.0,62.0,3,0,0,0,24.0,0.0,27.5,7.0,18.0,Cold
11801,1,8,6,1,0.0,0.0,0,0,62.0,62.0,5,0,0,0,48.0,0.0,14.75,3.0,23.0,Warm
11800,1,8,1,1,0.0,0.0,0,0,62.0,62.0,2,2,2,0,0.0,0.0,0.0,62.0,17.0,Cold
11799,1,8,0,1,9500000.0,10000000.0,1,0,63.0,63.0,4,0,0,1,313.0,10000000.0,2.33,56.0,29.0,Warm
11798,2,8,0,1,2100000.0,2100000.0,1,0,63.0,63.0,4,2,0,0,140.0,2100000.0,2.33,56.0,29.0,Warm
11796,1,8,0,1,5000000.0,5000000.0,1,0,63.0,63.0,6,0,0,1,479.0,5000000.0,2.8,49.0,28.0,Warm
11795,2,8,0,1,0.0,0.0,0,0,63.0,63.0,8,1,0,1,307.0,0.0,2.0,49.0,29.5,Warm
11794,1,8,0,1,0.0,0.0,0,0,63.0,63.0,4,0,1,0,1.0,0.0,4.33,49.0,18.0,Cold
11793,1,8,0,1,9500000.0,10000000.0,1,0,63.0,63.0,3,0,0,1,464.0,10000000.0,6.5,49.0,29.0,Warm
11792,1,8,0,1,0.0,0.0,0,0,63.0,63.0,5,0,0,0,0.0,0.0,3.75,47.0,16.0,Cold
11791,2,8,0,0,14500000.0,15000000.0,1,1,63.0,63.0,1,0,0,0,0.0,15000000.0,-1.0,63.0,22.5,Warm
11790,1,8,6,1,500000.0,0.0,0,0,63.0,63.0,1,0,0,0,0.0,0.0,-1.0,61.0,22.5,Warm
11789,1,8,0,1,0.0,0.0,0,0,63.0,63.0,7,0,0,1,314.0,0.0,2.33,49.0,25.0,Warm
11788,1,8,6,1,75000000.0,8500000.0,1,0,63.0,63.0,8,3,2,1,456.0,8500000.0,1.14,55.0,36.5,Warm
11787,1,8,0,0,0.0,0.0,0,1,63.0,63.0,2,0,0,0,54.0,0.0,0.0,62.0,17.0,Cold
11786,1,8,2,1,7700000.0,0.0,0,0,63.0,63.0,4,0,1,1,206.0,0.0,9.33,35.0,25.0,Warm
11785,1,8,2,1,0.0,0.0,0,0,64.0,64.0,2,1,1,0,18.0,0.0,0.0,61.0,18.5,Cold
11784,1,8,2,1,0.0,0.0,0,0,64.0,64.0,3,0,1,0,80.0,0.0,7.0,47.0,17.0,Cold
11783,1,8,2,1,0.0,0.0,0,0,64.0,64.0,2,1,2,0,0.0,0.0,2.0,62.0,15.0,Cold
11782,1,8,1,1,0.0,0.0,0,0,64.0,64.0,1,1,1,0,0.0,0.0,-1.0,64.0,15.5,Cold
11781,1,8,2,1,0.0,0.0,0,0,64.0,64.0,4,0,2,0,0.0,0.0,7.0,43.0,15.5,Cold
11780,2,8,2,1,0.0,0.0,0,0,64.0,64.0,5,2,1,1,192.0,0.0,11.25,19.0,28.0,Warm
11779,1,8,6,1,0.0,0.0,0,0,64.0,64.0,3,0,1,0,111.0,0.0,0.5,58.0,21.0,Warm
11777,1,8,0,1,0.0,0.0,0,0,64.0,64.0,2,0,0,0,0.0,0.0,4.0,58.0,16.0,Cold
11776,1,8,0,1,14500000.0,35000000.0,1,0,64.0,64.0,3,0,0,0,0.0,35000000.0,3.0,58.0,24.5,Warm
11775,1,8,0,1,5000000.0,5700000.0,1,0,65.0,65.0,4,1,0,1,304.0,5700000.0,1.33,58.0,29.5,Warm
11774,1,8,0,1,0.0,0.0,0,0,65.0,65.0,2,0,0,0,0.0,0.0,4.0,58.0,16.0,Cold
11773,1,8,0,1,0.0,0.0,0,0,65.0,65.0,3,0,0,0,0.0,0.0,3.0,58.0,18.5,Cold
11772,1,8,2,1,0.0,0.0,0,0,65.0,65.0,3,1,1,1,241.0,0.0,7.5,50.0,23.5,Warm
11771,1,8,1,1,0.0,0.0,0,0,65.0,65.0,1,1,1,0,0.0,0.0,-1.0,65.0,15.5,Cold
11770,1,8,1,1,0.0,0.0,0,0,65.0,65.0,1,1,1,0,0.0,0.0,-1.0,65.0,15.5,Cold
11769,1,8,2,0,0.0,0.0,0,1,65.0,65.0,2,0,0,0,0.0,0.0,3.0,62.0,14.0,Cold
11768,1,8,2,1,0.0,0.0,0,0,65.0,65.0,3,1,2,0,19.0,0.0,2.0,61.0,16.5,Cold
11767,1,8,1,1,0.0,0.0,0,0,65.0,65.0,1,0,0,0,0.0,0.0,-1.0,65.0,16.0,Cold
11766,1,8,2,1,0.0,0.0,0,0,65.0,65.0,3,2,2,1,185.0,0.0,5.0,55.0,23.0,Warm
11765,1,8,1,1,0.0,0.0,0,0,65.0,65.0,1,1,1,0,0.0,0.0,-1.0,65.0,15.5,Cold
11763,1,8,0,0,0.0,0.0,0,1,65.0,65.0,1,0,0,0,0.0,0.0,-1.0,64.0,15.0,Cold
11762,1,8,0,1,0.0,0.0,0,0,65.0,65.0,3,0,0,0,15.0,0.0,3.0,58.0,20.0,Cold
11761,1,8,0,1,0.0,0.0,0,0,65.0,65.0,3,0,0,0,147.0,0.0,2.5,58.0,20.0,Cold
11760,1,8,1,1,0.0,0.0,0,0,65.0,65.0,1,0,0,0,24.0,0.0,-1.0,63.0,18.0,Cold
11759,1,8,1,1,0.0,0.0,0,0,66.0,66.0,1,1,1,0,0.0,0.0,-1.0,66.0,15.5,Cold
11758,1,8,1,1,0.0,0.0,0,0,66.0,66.0,1,0,0,0,0.0,0.0,-1.0,66.0,16.0,Cold
11757,1,8,1,1,0.0,0.0,0,0,66.0,66.0,1,2,0,0,0.0,0.0,-1.0,66.0,19.0,Cold
11756,1,8,2,1,0.0,0.0,0,0,66.0,66.0,5,1,0,1,478.0,0.0,16.25,1.0,25.5,Warm
11755,1,8,2,1,0.0,0.0,0,0,66.0,66.0,3,0,0,1,139.0,0.0,9.5,47.0,24.0,Warm
11754,1,8,1,1,0.0,0.0,0,0,66.0,66.0,1,0,0,0,0.0,0.0,-1.0,66.0,16.0,Cold
11753,1,8,6,1,0.0,0.0,0,0,66.0,66.0,1,0,0,0,0.0,0.0,-1.0,59.0,18.5,Cold
11752,1,8,0,1,1450000.0,15000000.0,1,0,66.0,66.0,2,0,0,0,68.0,15000000.0,0.0,63.0,24.0,Warm
11751,1,8,6,1,0.0,0.0,0,0,66.0,66.0,2,0,1,0,0.0,0.0,16.0,43.0,17.0,Cold
11750,1,8,2,0,6000000.0,7000000.0,1,1,66.0,66.0,3,0,0,1,281.0,7000000.0,3.5,52.0,24.0,Warm
11749,1,8,1,1,0.0,0.0,0,0,66.0,66.0,1,0,1,0,0.0,0.0,-1.0,66.0,14.0,Cold
11748,1,8,1,1,0.0,0.0,0,0,66.0,66.0,1,0,0,0,0.0,0.0,-1.0,66.0,16.0,Cold
11747,1,8,1,1,0.0,0.0,0,0,66.0,66.0,1,0,0,0,0.0,0.0,-1.0,66.0,16.0,Cold
11746,1,8,1,1,0.0,0.0,0,0,66.0,66.0,1,1,1,0,0.0,0.0,-1.0,66.0,15.5,Cold
11745,1,8,1,1,0.0,0.0,0,0,66.0,66.0,1,0,1,0,0.0,0.0,-1.0,66.0,14.0,Cold
11744,1,8,2,1,0.0,0.0,0,0,66.0,66.0,2,0,0,0,0.0,0.0,39.0,27.0,17.5,Cold
11743,1,8,1,1,0.0,0.0,0,0,66.0,66.0,1,1,1,0,0.0,0.0,-1.0,66.0,15.5,Cold
11742,1,8,1,1,0.0,0.0,0,0,66.0,66.0,1,0,0,0,0.0,0.0,-1.0,66.0,16.0,Cold
11741,1,8,1,1,0.0,0.0,0,0,66.0,66.0,1,0,0,0,0.0,0.0,-1.0,66.0,16.0,Cold
11740,1,8,2,1,0.0,0.0,0,0,66.0,66.0,3,0,0,0,69.0,0.0,5.0,56.0,19.0,Cold
11739,1,8,1,1,0.0,0.0,0,0,66.0,66.0,1,0,0,0,0.0,0.0,-1.0,66.0,16.0,Cold
11738,1,8,1,1,0.0,0.0,0,0,66.0,66.0,2,0,1,0,25.0,0.0,2.0,64.0,16.0,Cold
11737,1,8,1,1,0.0,0.0,0,0,66.0,66.0,1,0,1,0,0.0,0.0,-1.0,66.0,14.0,Cold
11736,1,8,1,0,0.0,0.0,0,1,66.0,66.0,1,0,0,0,0.0,0.0,-1.0,66.0,13.0,Cold
11735,1,8,1,1,0.0,0.0,0,0,66.0,66.0,1,0,0,0,9.0,0.0,-1.0,63.0,18.0,Cold
11734,1,8,0,1,0.0,0.0,0,0,66.0,66.0,1,0,1,0,0.0,0.0,-1.0,58.0,14.0,Cold
11733,1,8,0,1,10000000.0,10000000.0,1,0,66.0,66.0,3,3,0,1,306.0,10000000.0,0.0,58.0,33.5,Warm
11732,1,8,6,1,0.0,0.0,0,0,66.0,66.0,2,0,0,0,0.0,0.0,5.0,61.0,18.5,Cold
11731,1,8,2,1,0.0,0.0,0,0,66.0,66.0,5,0,0,1,322.0,0.0,2.5,49.0,24.0,Warm
11730,1,8,6,1,0.0,0.0,0,0,66.0,66.0,3,0,0,0,0.0,0.0,4.5,57.0,18.5,Cold
11729,1,8,6,1,0.0,0.0,0,0,66.0,66.0,4,0,1,0,60.0,0.0,16.67,9.0,21.0,Warm
11728,1,8,2,0,0.0,0.0,0,1,66.0,66.0,4,0,1,1,278.0,0.0,11.0,26.0,19.0,Cold
11727,1,8,2,1,90000000.0,10000000.0,1,0,66.0,66.0,4,0,2,0,0.0,10000000.0,13.0,20.0,23.5,Warm
11726,1,8,2,1,7000000.0,8000000.0,1,0,66.0,66.0,5,0,1,1,421.0,8000000.0,8.0,27.0,25.0,Warm
11725,2,8,6,1,0.0,0.0,0,0,66.0,66.0,4,0,0,0,6.0,0.0,3.0,57.0,26.0,Warm
11722,1,8,6,1,0.0,0.0,0,0,66.0,66.0,3,1,0,0,0.0,0.0,31.5,3.0,25.5,Warm
11721,1,8,6,1,0.0,0.0,0,0,66.0,66.0,4,2,0,0,29.0,0.0,21.0,3.0,29.0,Warm
11720,1,8,6,1,0.0,0.0,0,0,66.0,66.0,3,1,0,0,0.0,0.0,31.5,3.0,25.5,Warm
11719,1,8,6,1,0.0,0.0,0,0,66.0,66.0,2,2,0,0,0.0,0.0,0.0,66.0,27.0,Warm
11718,1,8,6,1,0.0,0.0,0,0,66.0,66.0,4,2,0,0,0.0,0.0,19.67,7.0,27.0,Warm
11717,1,8,6,8,0.0,0.0,0,0,66.0,66.0,3,3,0,0,0.0,0.0,0.0,66.0,30.5,Warm
11716,1,8,1,1,0.0,0.0,0,0,68.0,68.0,2,2,1,0,97.0,0.0,2.0,66.0,19.0,Cold
11715,1,8,1,1,0.0,0.0,0,0,68.0,68.0,1,0,0,0,0.0,0.0,-1.0,68.0,16.0,Cold
11714,1,8,1,1,0.0,0.0,0,0,68.0,68.0,1,1,1,0,0.0,0.0,-1.0,68.0,15.5,Cold
11713,1,8,1,1,0.0,0.0,0,0,68.0,68.0,1,0,0,0,0.0,0.0,-1.0,68.0,16.0,Cold
11712,1,8,1,1,0.0,0.0,0,0,68.0,68.0,1,1,1,0,0.0,0.0,-1.0,68.0,15.5,Cold
11711,1,8,1,1,0.0,0.0,0,0,68.0,68.0,1,2,0,0,0.0,0.0,-1.0,68.0,19.0,Cold
11710,1,8,6,1,0.0,0.0,0,0,68.0,68.0,1,0,0,0,0.0,0.0,-1.0,59.0,19.0,Cold
11709,1,8,0,0,0.0,0.0,0,1,68.0,68.0,2,0,0,0,89.0,0.0,10.0,58.0,17.0,Cold
11708,1,8,6,1,0.0,0.0,0,0,68.0,68.0,2,0,0,0,14.0,0.0,7.0,61.0,23.0,Warm
11707,1,8,6,1,0.0,0.0,0,0,68.0,68.0,3,0,0,0,0.0,0.0,6.0,56.0,18.5,Cold
11706,1,8,0,1,0.0,0.0,0,0,68.0,68.0,5,1,1,0,68.0,0.0,2.5,58.0,19.5,Cold
11705,1,8,0,1,0.0,0.0,0,0,68.0,68.0,3,0,0,1,376.0,0.0,5.0,58.0,25.0,Warm
11704,1,8,0,1,14500000.0,15000000.0,1,0,69.0,69.0,6,3,1,1,457.0,15000000.0,10.0,9.0,34.5,Warm
11703,1,8,2,1,5000000.0,6000000.0,1,0,69.0,69.0,5,0,0,1,252.0,6000000.0,9.25,15.0,27.0,Warm
11702,1,8,0,1,0.0,0.0,0,0,69.0,69.0,3,0,0,0,12.0,0.0,5.0,58.0,20.0,Cold
11701,2,8,6,8,0.0,0.0,0,0,69.0,69.0,4,1,0,0,0.0,0.0,4.0,49.0,30.5,Warm
11699,1,8,6,1,0.0,0.0,0,0,69.0,69.0,3,0,0,0,0.0,0.0,7.5,44.0,19.0,Cold
11698,1,8,1,1,0.0,0.0,0,0,69.0,69.0,1,1,1,0,0.0,0.0,-1.0,69.0,15.5,Cold
11697,1,8,1,1,0.0,0.0,0,0,70.0,70.0,1,0,0,0,0.0,0.0,-1.0,70.0,16.0,Cold
11696,1,8,1,1,0.0,0.0,0,0,70.0,70.0,1,0,0,0,0.0,0.0,-1.0,70.0,16.0,Cold
11695,1,8,1,1,0.0,0.0,0,0,70.0,70.0,1,0,0,0,0.0,0.0,-1.0,70.0,16.0,Cold
11694,1,8,6,1,0.0,0.0,0,0,70.0,70.0,3,0,0,0,0.0,0.0,7.5,44.0,19.0,Cold
11693,1,8,1,1,0.0,0.0,0,0,70.0,70.0,1,0,0,0,0.0,0.0,-1.0,70.0,16.0,Cold
11692,1,8,1,1,0.0,0.0,0,0,70.0,70.0,2,1,1,0,27.0,0.0,1.0,69.0,17.5,Cold
11691,1,8,2,1,0.0,0.0,0,0,70.0,70.0,4,1,1,0,27.0,0.0,6.67,50.0,18.5,Cold
11690,1,8,1,1,0.0,0.0,0,0,70.0,70.0,1,1,1,0,0.0,0.0,-1.0,70.0,15.5,Cold
11689,2,8,2,1,16000000.0,17000000.0,1,0,70.0,70.0,8,0,0,1,836.0,17000000.0,2.0,56.0,31.0,Warm
11688,1,8,1,1,0.0,0.0,0,0,70.0,70.0,1,0,0,0,0.0,0.0,-1.0,70.0,16.0,Cold
11687,1,8,1,1,0.0,0.0,0,0,70.0,70.0,1,1,0,0,0.0,0.0,-1.0,70.0,17.5,Cold
11686,1,8,1,1,0.0,0.0,0,0,70.0,70.0,1,0,0,0,0.0,0.0,-1.0,70.0,16.0,Cold
11685,1,8,6,1,0.0,0.0,0,0,70.0,70.0,5,1,2,0,41.0,0.0,15.0,2.0,20.5,Warm
11684,1,8,6,1,0.0,0.0,0,0,70.0,70.0,4,2,1,1,310.0,0.0,4.33,57.0,32.0,Warm
11683,1,8,1,1,0.0,0.0,0,0,70.0,70.0,1,1,1,0,0.0,0.0,-1.0,70.0,15.5,Cold
11682,1,8,1,1,0.0,0.0,0,0,70.0,70.0,1,0,0,0,0.0,0.0,-1.0,70.0,16.0,Cold
11681,1,8,1,1,0.0,0.0,0,0,70.0,70.0,1,1,1,0,0.0,0.0,-1.0,70.0,15.5,Cold
11680,1,8,1,1,0.0,0.0,0,0,70.0,70.0,1,0,0,0,0.0,0.0,-1.0,70.0,16.0,Cold
11679,1,8,6,1,0.0,0.0,0,0,70.0,70.0,2,0,1,0,0.0,0.0,14.0,56.0,19.5,Cold
11678,1,8,1,1,0.0,0.0,0,0,70.0,70.0,1,1,1,0,0.0,0.0,-1.0,70.0,15.5,Cold
11677,1,8,2,1,0.0,0.0,0,0,70.0,70.0,2,1,1,0,26.0,0.0,0.0,59.0,18.5,Cold
11676,1,8,1,0,7000000.0,7500000.0,1,1,70.0,70.0,1,0,0,0,0.0,7500000.0,-1.0,70.0,16.0,Cold
11675,1,8,1,1,0.0,0.0,0,0,70.0,70.0,1,1,0,0,0.0,0.0,-1.0,70.0,17.5,Cold
11674,1,8,0,1,0.0,0.0,0,0,70.0,70.0,3,0,0,0,137.0,0.0,21.0,26.0,20.0,Cold
11673,1,8,2,0,0.0,0.0,0,1,70.0,70.0,3,0,0,0,107.0,0.0,0.5,61.0,16.0,Cold
11672,1,8,6,1,0.0,0.0,0,0,70.0,70.0,4,0,2,0,52.0,0.0,5.67,42.0,21.0,Warm
11671,1,8,6,1,0.0,0.0,0,0,70.0,70.0,3,0,1,0,82.0,0.0,8.0,43.0,21.0,Warm
11670,2,8,6,1,0.0,0.0,0,0,70.0,70.0,6,0,0,1,500.0,0.0,2.6,57.0,31.0,Warm
11668,1,8,0,1,10000000.0,12000000.0,1,0,71.0,71.0,1,0,0,0,0.0,12000000.0,-1.0,70.0,22.5,Warm
11667,1,8,0,1,10000000.0,10000000.0,1,0,71.0,71.0,1,0,0,0,0.0,10000000.0,-1.0,71.0,22.5,Warm
11666,1,8,0,1,8000000.0,10000000.0,1,0,71.0,71.0,1,0,0,0,0.0,10000000.0,-1.0,71.0,22.5,Warm
11665,1,8,2,1,10000000.0,0.0,0,0,71.0,71.0,6,2,0,1,234.0,0.0,1.0,54.0,31.0,Warm
11664,1,8,6,1,0.0,0.0,0,0,71.0,71.0,5,0,3,1,484.0,0.0,4.0,43.0,26.0,Warm
11663,1,8,6,1,0.0,0.0,0,0,71.0,71.0,2,1,1,0,0.0,0.0,17.0,42.0,21.0,Warm
11662,1,8,0,1,10000000.0,12500000.0,1,0,71.0,71.0,1,0,0,0,0.0,12500000.0,-1.0,70.0,22.5,Warm
11661,2,8,0,1,8000000.0,9000000.0,1,0,71.0,71.0,2,1,0,0,0.0,9000000.0,2.0,68.0,23.5,Warm
11660,1,8,2,1,0.0,0.0,0,0,71.0,71.0,2,1,1,0,37.0,0.0,0.0,59.0,18.5,Cold
11659,1,8,2,1,0.0,0.0,0,0,71.0,71.0,2,0,0,1,124.0,0.0,0.0,59.0,24.0,Warm
11658,1,8,6,1,0.0,0.0,0,0,71.0,71.0,1,0,1,0,0.0,0.0,-1.0,59.0,17.0,Cold
11657,1,8,0,1,7500000.0,8500000.0,1,0,71.0,71.0,1,0,0,0,0.0,8500000.0,-1.0,70.0,21.5,Warm
11656,1,8,2,1,14000000.0,15000000.0,1,0,71.0,71.0,3,0,1,1,244.0,15000000.0,3.5,52.0,26.0,Warm
11655,1,8,6,1,0.0,0.0,0,0,71.0,71.0,2,0,0,0,0.0,0.0,16.0,43.0,19.0,Cold
11654,1,8,6,1,0.0,0.0,0,0,71.0,71.0,4,0,2,1,275.0,0.0,14.0,17.0,26.0,Warm
11653,1,8,0,1,0.0,0.0,0,0,71.0,71.0,1,0,0,0,0.0,0.0,-1.0,45.0,16.0,Cold
11652,1,8,2,1,0.0,0.0,0,0,71.0,71.0,3,0,0,1,478.0,0.0,23.5,12.0,24.0,Warm
11651,1,8,2,1,6000000.0,7000000.0,1,0,71.0,71.0,2,0,0,1,302.0,7000000.0,0.0,59.0,27.0,Warm
11650,1,8,2,1,0.0,0.0,0,0,71.0,71.0,2,0,0,0,70.0,0.0,0.0,59.0,19.0,Cold
11649,1,8,6,1,0.0,0.0,0,0,71.0,71.0,4,0,2,0,0.0,0.0,5.67,42.0,17.0,Cold
11648,2,8,1,1,30000000.0,4000000.0,1,0,72.0,72.0,1,1,0,0,0.0,4000000.0,-1.0,72.0,26.5,Warm
11647,1,8,6,1,0.0,0.0,0,0,72.0,72.0,2,0,0,0,0.0,0.0,12.0,47.0,19.0,Cold
11646,1,8,0,1,11000000.0,12500000.0,1,0,72.0,72.0,2,0,0,0,0.0,12500000.0,25.0,47.0,22.5,Warm
11645,1,8,0,1,0.0,0.0,0,0,72.0,72.0,1,0,0,0,0.0,0.0,-1.0,71.0,16.0,Cold
11644,3,8,6,1,0.0,0.0,0,0,72.0,72.0,2,2,1,0,0.0,0.0,16.0,56.0,29.0,Warm
11643,1,8,1,1,0.0,0.0,0,0,72.0,72.0,1,0,1,0,0.0,0.0,-1.0,71.0,11.5,Cold
11642,2,8,1,1,0.0,0.0,0,0,72.0,72.0,2,0,1,0,0.0,0.0,15.0,55.0,14.5,Cold
11641,1,8,1,1,0.0,0.0,0,0,72.0,72.0,2,0,1,0,0.0,0.0,3.0,68.0,11.5,Cold
11640,1,8,1,1,0.0,0.0,0,0,72.0,72.0,1,0,0,0,0.0,0.0,-1.0,70.0,13.5,Cold
11639,1,8,6,1,0.0,0.0,0,0,72.0,72.0,3,0,0,0,0.0,0.0,6.5,57.0,21.0,Warm
11638,1,8,1,1,0.0,0.0,0,0,72.0,72.0,2,0,0,0,0.0,0.0,4.0,68.0,16.0,Cold
11637,1,8,1,1,0.0,0.0,0,0,72.0,72.0,2,2,0,0,0.0,0.0,0.0,72.0,19.0,Cold
11636,1,8,1,1,0.0,0.0,0,0,72.0,72.0,2,0,1,0,0.0,0.0,44.0,27.0,12.0,Cold
11635,2,8,6,1,0.0,0.0,0,0,72.0,72.0,4,1,0,1,780.0,0.0,3.67,61.0,32.5,Warm
11634,1,8,6,1,0.0,0.0,0,0,72.0,72.0,3,0,0,0,97.0,0.0,4.5,61.0,23.0,Warm
11633,1,8,6,1,0.0,0.0,0,0,73.0,73.0,3,0,0,1,210.0,0.0,5.0,61.0,28.0,Warm
11632,1,8,1,1,0.0,0.0,0,0,73.0,73.0,1,0,1,0,0.0,0.0,-1.0,72.0,11.5,Cold
11631,2,8,6,1,0.0,0.0,0,0,73.0,73.0,3,0,0,0,23.0,0.0,2.0,57.0,26.0,Warm
11630,1,8,1,1,0.0,0.0,0,0,73.0,73.0,2,1,0,1,207.0,0.0,0.0,72.0,24.5,Warm
11629,1,8,1,1,0.0,0.0,0,0,73.0,73.0,1,0,0,0,0.0,0.0,-1.0,73.0,13.5,Cold
11628,1,8,6,1,0.0,0.0,0,0,73.0,73.0,1,0,0,0,0.0,0.0,-1.0,61.0,18.5,Cold
11627,1,8,6,1,0.0,0.0,0,0,73.0,73.0,9,0,0,1,641.0,0.0,1.5,61.0,28.0,Warm
11626,1,8,6,1,0.0,0.0,0,0,73.0,73.0,1,0,0,0,0.0,0.0,-1.0,61.0,18.5,Cold
11625,1,8,6,1,0.0,0.0,0,0,73.0,73.0,1,0,0,0,0.0,0.0,-1.0,71.0,18.5,Cold
11624,1,8,1,1,0.0,0.0,0,0,73.0,73.0,2,2,0,0,0.0,0.0,25.0,48.0,22.0,Warm
11623,1,8,6,1,0.0,0.0,0,0,73.0,73.0,2,0,0,0,0.0,0.0,2.0,59.0,21.0,Warm
11622,1,8,2,1,0.0,0.0,0,0,73.0,73.0,1,0,0,0,0.0,0.0,-1.0,52.0,17.5,Cold
11621,1,8,1,1,0.0,0.0,0,0,73.0,73.0,2,0,0,0,20.0,0.0,0.0,73.0,18.0,Cold
11620,2,8,2,1,0.0,0.0,0,0,73.0,73.0,2,1,0,0,0.0,0.0,18.0,55.0,21.5,Warm
11619,1,8,1,1,0.0,0.0,0,0,73.0,73.0,1,0,0,0,0.0,0.0,-1.0,73.0,13.5,Cold
11618,1,8,1,1,0.0,0.0,0,0,73.0,73.0,1,1,0,0,0.0,0.0,-1.0,73.0,17.5,Cold
11617,1,8,1,1,0.0,0.0,0,0,73.0,73.0,1,0,0,0,0.0,0.0,-1.0,73.0,13.5,Cold
11616,1,8,1,1,0.0,0.0,0,0,73.0,73.0,2,0,0,1,480.0,0.0,0.0,73.0,23.0,Warm
11615,2,8,1,1,0.0,0.0,0,0,75.0,75.0,2,0,0,0,0.0,0.0,18.0,55.0,16.5,Cold
11614,1,8,6,1,0.0,0.0,0,0,75.0,75.0,4,1,1,1,335.0,0.0,4.0,61.0,27.5,Warm
11613,1,8,6,1,0.0,0.0,0,0,75.0,75.0,3,0,0,1,427.0,0.0,6.0,61.0,28.0,Warm
11612,1,8,6,1,0.0,0.0,0,0,75.0,75.0,2,0,0,0,0.0,0.0,12.0,61.0,18.5,Cold
11611,1,8,6,1,0.0,0.0,0,0,75.0,75.0,2,0,0,0,0.0,0.0,12.0,61.0,18.5,Cold
11610,2,8,6,1,0.0,0.0,0,0,75.0,75.0,6,2,0,1,299.0,0.0,2.4,61.0,34.0,Warm
11609,2,8,6,1,0.0,0.0,0,0,75.0,75.0,3,0,0,1,269.0,0.0,1.0,59.0,31.0,Warm
11608,1,8,6,1,0.0,0.0,0,0,75.0,75.0,1,0,0,0,0.0,0.0,-1.0,61.0,18.5,Cold
11607,1,8,1,1,0.0,0.0,0,0,75.0,75.0,2,0,2,0,0.0,0.0,7.0,68.0,11.5,Cold
11606,1,8,1,1,0.0,0.0,0,0,75.0,75.0,1,0,0,0,0.0,0.0,-1.0,75.0,16.0,Cold
11605,2,8,6,1,0.0,0.0,0,0,76.0,76.0,2,0,0,1,162.0,0.0,0.0,61.0,31.0,Warm
11604,2,8,6,1,0.0,0.0,0,0,76.0,76.0,2,0,0,0,65.0,0.0,0.0,61.0,26.0,Warm
11602,1,8,6,1,0.0,0.0,0,0,76.0,76.0,2,1,1,0,21.0,0.0,0.0,61.0,22.5,Warm
11601,1,8,6,1,0.0,0.0,0,0,76.0,76.0,1,0,0,0,0.0,0.0,-1.0,61.0,18.5,Cold
11600,1,8,1,1,0.0,0.0,0,0,76.0,76.0,1,0,0,0,0.0,0.0,-1.0,75.0,13.5,Cold
11599,1,8,6,1,0.0,0.0,0,0,76.0,76.0,3,1,1,1,291.0,0.0,7.5,61.0,27.5,Warm
11598,1,8,6,1,0.0,0.0,0,0,76.0,76.0,1,0,0,0,0.0,0.0,-1.0,61.0,18.5,Cold
11597,1,8,6,1,0.0,0.0,0,0,76.0,76.0,1,0,0,0,0.0,0.0,-1.0,61.0,18.5,Cold
11595,1,8,1,1,0.0,0.0,0,0,76.0,76.0,1,0,1,0,0.0,0.0,-1.0,76.0,11.5,Cold
11594,2,8,6,1,0.0,0.0,0,0,76.0,76.0,3,0,0,0,0.0,0.0,9.5,57.0,21.5,Warm
11593,1,8,6,1,0.0,0.0,0,0,77.0,77.0,4,0,0,1,602.0,0.0,5.0,61.0,28.0,Warm
11592,1,8,1,1,0.0,0.0,0,0,77.0,77.0,1,0,0,0,0.0,0.0,-1.0,77.0,13.5,Cold
11591,2,8,6,1,0.0,0.0,0,0,77.0,77.0,5,1,1,0,168.0,0.0,0.5,59.0,25.5,Warm
11590,1,8,1,1,0.0,0.0,0,0,77.0,77.0,1,0,1,0,0.0,0.0,-1.0,77.0,11.5,Cold
11589,1,8,1,1,0.0,0.0,0,0,77.0,77.0,1,0,0,0,18.0,0.0,-1.0,73.0,18.0,Cold
11588,1,8,1,1,0.0,0.0,0,0,77.0,77.0,1,0,0,0,0.0,0.0,-1.0,77.0,13.5,Cold
11587,1,8,1,1,0.0,0.0,0,0,77.0,77.0,1,0,0,0,0.0,0.0,-1.0,77.0,16.0,Cold
11586,1,8,1,1,0.0,0.0,0,0,77.0,77.0,2,0,0,0,22.0,0.0,0.0,77.0,18.0,Cold
11585,1,8,1,1,0.0,0.0,0,0,77.0,77.0,2,1,0,1,183.0,0.0,0.0,77.0,24.5,Warm
11584,1,8,6,1,0.0,0.0,0,0,77.0,77.0,2,0,0,0,39.0,0.0,0.0,61.0,23.0,Warm
11583,1,8,1,1,0.0,0.0,0,0,77.0,77.0,2,3,0,1,187.0,0.0,0.0,77.0,27.5,Warm
11582,1,8,6,1,0.0,0.0,0,0,77.0,77.0,3,0,0,0,14.0,0.0,0.0,61.0,23.0,Warm
11581,1,8,6,1,0.0,0.0,0,0,77.0,77.0,1,1,0,0,0.0,0.0,-1.0,61.0,20.0,Cold
11580,2,8,1,1,0.0,0.0,0,0,78.0,78.0,5,5,1,0,120.0,0.0,5.75,55.0,29.5,Warm
11579,1,8,6,1,0.0,0.0,0,0,78.0,78.0,3,0,0,0,89.0,0.0,8.5,61.0,23.0,Warm
11578,1,8,1,1,0.0,0.0,0,0,78.0,78.0,1,0,0,0,29.0,0.0,-1.0,73.0,18.0,Cold
11577,1,8,1,1,0.0,0.0,0,0,78.0,78.0,1,0,1,0,0.0,0.0,-1.0,78.0,11.5,Cold
11576,2,8,2,1,0.0,0.0,0,0,78.0,78.0,4,4,0,1,295.0,0.0,7.67,55.0,36.0,Warm
11575,1,8,6,1,0.0,0.0,0,0,78.0,78.0,3,1,1,1,131.0,0.0,8.5,61.0,27.5,Warm
11574,1,8,1,1,0.0,0.0,0,0,79.0,79.0,1,0,0,0,59.0,0.0,-1.0,73.0,18.0,Cold
11572,1,8,1,1,0.0,0.0,0,0,79.0,79.0,2,0,0,0,34.0,0.0,0.0,79.0,18.0,Cold
11570,1,8,6,1,0.0,0.0,0,0,79.0,79.0,2,1,0,0,0.0,0.0,21.0,57.0,22.5,Warm
11569,1,8,1,1,0.0,0.0,0,0,79.0,79.0,6,0,0,1,1809.0,0.0,0.8,69.0,23.0,Warm
11568,1,8,2,1,0.0,0.0,0,0,80.0,80.0,1,1,1,0,0.0,0.0,-1.0,79.0,16.5,Cold
11567,1,8,1,1,0.0,0.0,0,0,80.0,80.0,1,0,0,0,0.0,0.0,-1.0,79.0,16.0,Cold
11566,1,8,1,1,0.0,0.0,0,0,80.0,80.0,1,0,0,0,0.0,0.0,-1.0,79.0,16.0,Cold
11565,1,8,1,1,0.0,0.0,0,0,80.0,80.0,2,0,0,1,196.0,0.0,0.0,80.0,23.0,Warm
11564,1,8,1,1,0.0,0.0,0,0,80.0,80.0,1,0,0,0,30.0,0.0,-1.0,50.0,18.0,Cold
11563,1,8,1,1,0.0,0.0,0,0,80.0,80.0,1,0,0,0,0.0,0.0,-1.0,80.0,16.0,Cold
11561,1,8,1,1,0.0,0.0,0,0,80.0,80.0,1,0,0,0,0.0,0.0,-1.0,80.0,13.5,Cold
11560,1,8,1,1,0.0,0.0,0,0,80.0,80.0,1,1,0,0,0.0,0.0,-1.0,79.0,17.5,Cold
11558,1,8,1,1,0.0,0.0,0,0,80.0,80.0,2,0,0,0,72.0,0.0,0.0,80.0,18.0,Cold
11556,1,8,1,1,0.0,0.0,0,0,80.0,80.0,1,0,0,0,0.0,0.0,-1.0,80.0,16.0,Cold
11555,1,8,1,1,0.0,0.0,0,0,80.0,80.0,1,0,1,0,0.0,0.0,-1.0,80.0,11.5,Cold
11554,1,8,1,1,0.0,0.0,0,0,80.0,80.0,1,0,0,0,0.0,0.0,-1.0,80.0,16.0,Cold
11553,1,8,1,1,0.0,0.0,0,0,80.0,80.0,1,0,0,0,0.0,0.0,-1.0,80.0,16.0,Cold
11552,1,8,1,1,0.0,0.0,0,0,80.0,80.0,1,0,1,0,0.0,0.0,-1.0,80.0,11.5,Cold
11551,1,8,6,1,0.0,0.0,0,0,80.0,80.0,2,1,1,0,39.0,0.0,0.0,59.0,22.5,Warm
11550,1,8,6,1,0.0,0.0,0,0,80.0,80.0,2,0,0,1,991.0,0.0,20.0,57.0,28.0,Warm
11548,1,8,6,1,0.0,0.0,0,0,80.0,80.0,6,2,0,0,83.0,0.0,5.4,52.0,26.0,Warm
11546,1,8,6,1,0.0,0.0,0,0,82.0,82.0,1,0,0,0,0.0,0.0,-1.0,82.0,21.0,Warm
11545,1,8,1,1,0.0,0.0,0,0,82.0,82.0,1,0,0,0,0.0,0.0,-1.0,80.0,13.5,Cold
11544,1,8,1,1,0.0,0.0,0,0,82.0,82.0,1,0,0,0,0.0,0.0,-1.0,73.0,13.5,Cold
11543,1,8,6,1,0.0,0.0,0,0,82.0,82.0,1,0,0,0,0.0,0.0,-1.0,82.0,21.0,Warm
11542,1,8,1,1,0.0,0.0,0,0,82.0,82.0,2,1,1,0,36.0,0.0,0.0,80.0,17.5,Cold
11541,1,8,6,1,0.0,0.0,0,0,82.0,82.0,1,0,0,0,0.0,0.0,-1.0,82.0,21.0,Warm
11540,1,8,1,1,0.0,0.0,0,0,82.0,82.0,4,2,1,1,203.0,0.0,1.33,78.0,24.0,Warm
11539,1,8,1,1,0.0,0.0,0,0,82.0,82.0,1,0,0,0,0.0,0.0,-1.0,82.0,13.5,Cold
11538,1,8,6,1,0.0,0.0,0,0,82.0,82.0,4,1,0,0,1.0,0.0,8.67,55.0,24.5,Warm
11537,1,8,1,1,0.0,0.0,0,0,82.0,82.0,1,0,1,0,0.0,0.0,-1.0,80.0,11.5,Cold
11530,1,8,1,1,0.0,0.0,0,0,82.0,82.0,4,0,0,0,0.0,0.0,25.67,4.0,13.5,Cold
11527,1,8,1,1,0.0,0.0,0,0,82.0,82.0,1,0,0,1,121.0,0.0,-1.0,82.0,23.0,Warm
11526,2,8,1,1,0.0,0.0,0,0,82.0,82.0,3,0,1,0,74.0,0.0,13.5,55.0,19.0,Cold
11525,1,8,6,1,0.0,0.0,0,0,82.0,82.0,2,0,0,0,79.0,0.0,0.0,59.0,23.0,Warm
11524,1,8,6,1,0.0,0.0,0,0,82.0,82.0,2,0,2,0,0.0,0.0,3.0,79.0,16.5,Cold
11523,1,8,1,1,0.0,0.0,0,0,82.0,82.0,2,0,0,1,344.0,0.0,0.0,82.0,23.0,Warm
11522,1,8,2,1,0.0,0.0,0,0,85.0,85.0,2,0,0,1,127.0,0.0,0.0,85.0,24.0,Warm
11521,2,8,6,1,0.0,0.0,0,0,85.0,85.0,4,1,0,1,136.0,0.0,5.0,44.0,32.5,Warm
11519,1,8,1,1,0.0,0.0,0,0,85.0,85.0,2,0,0,0,26.0,0.0,0.0,82.0,18.0,Cold
11518,1,8,2,1,0.0,0.0,0,0,85.0,85.0,1,0,0,0,0.0,0.0,-1.0,85.0,14.5,Cold
11517,2,8,2,1,0.0,0.0,0,0,85.0,85.0,2,0,0,0,0.0,0.0,28.0,57.0,20.0,Cold
11515,1,8,1,1,0.0,0.0,0,0,85.0,85.0,2,0,0,0,81.0,0.0,0.0,82.0,18.0,Cold
11514,1,8,1,1,0.0,0.0,0,0,86.0,86.0,1,0,1,0,0.0,0.0,-1.0,82.0,11.5,Cold
11513,1,8,6,1,0.0,0.0,0,0,86.0,86.0,2,0,1,0,0.0,0.0,3.0,79.0,16.5,Cold
11512,1,8,2,1,0.0,0.0,0,0,86.0,86.0,2,0,0,0,0.0,0.0,28.0,57.0,14.5,Cold
11511,1,8,6,1,0.0,0.0,0,0,86.0,86.0,3,0,0,0,0.0,0.0,39.0,7.0,21.0,Warm
11510,1,8,2,1,0.0,0.0,0,0,86.0,86.0,1,1,0,0,0.0,0.0,-1.0,86.0,18.5,Cold
11509,1,8,6,1,0.0,0.0,0,0,86.0,86.0,1,0,0,0,0.0,0.0,-1.0,86.0,18.5,Cold
11508,1,8,1,1,0.0,0.0,0,0,86.0,86.0,4,0,0,1,455.0,0.0,2.67,78.0,23.0,Warm
11507,1,8,6,1,0.0,0.0,0,0,86.0,86.0,7,0,0,0,0.0,0.0,5.83,44.0,21.0,Warm
11506,1,8,6,1,0.0,0.0,0,0,86.0,86.0,2,0,0,0,0.0,0.0,7.0,79.0,21.0,Warm
11505,1,8,1,1,0.0,0.0,0,0,86.0,86.0,1,0,0,0,0.0,0.0,-1.0,86.0,13.5,Cold
11504,1,8,1,1,0.0,0.0,0,0,86.0,86.0,1,0,1,0,0.0,0.0,-1.0,86.0,11.5,Cold
11503,2,8,1,1,0.0,0.0,0,0,86.0,86.0,3,0,1,0,0.0,0.0,15.5,55.0,14.5,Cold
11502,1,8,6,1,0.0,0.0,0,0,86.0,86.0,3,0,0,0,116.0,0.0,39.5,7.0,23.0,Warm
11501,1,8,2,1,0.0,0.0,0,0,86.0,86.0,1,0,0,0,0.0,0.0,-1.0,86.0,17.0,Cold
11500,1,8,2,1,0.0,0.0,0,0,86.0,86.0,3,0,0,0,39.0,0.0,14.5,57.0,19.0,Cold
11498,1,8,1,1,0.0,0.0,0,0,86.0,86.0,1,0,0,0,0.0,0.0,-1.0,86.0,16.0,Cold
11497,1,8,6,1,0.0,0.0,0,0,87.0,87.0,4,0,0,1,484.0,0.0,0.0,87.0,28.0,Warm
11496,1,8,6,1,0.0,0.0,0,0,87.0,87.0,2,1,0,0,0.0,0.0,80.0,7.0,20.5,Warm
11495,1,8,1,1,0.0,0.0,0,0,87.0,87.0,1,0,0,0,90.0,0.0,-1.0,87.0,18.0,Cold
11494,1,8,6,1,0.0,0.0,0,0,87.0,87.0,3,2,0,0,103.0,0.0,0.0,87.0,26.0,Warm
11493,1,8,6,1,0.0,0.0,0,0,87.0,87.0,1,0,0,0,0.0,0.0,-1.0,87.0,21.0,Warm
11492,1,8,6,1,0.0,0.0,0,0,87.0,87.0,1,0,0,0,0.0,0.0,-1.0,87.0,21.0,Warm
11491,1,8,6,1,0.0,0.0,0,0,87.0,87.0,2,0,0,0,20.0,0.0,0.0,87.0,23.0,Warm
11490,1,8,6,1,0.0,0.0,0,0,87.0,87.0,3,0,0,0,0.0,0.0,0.0,87.0,21.0,Warm
11489,1,8,1,1,0.0,0.0,0,0,87.0,87.0,1,0,0,0,0.0,0.0,-1.0,87.0,16.0,Cold
11488,1,8,6,1,0.0,0.0,0,0,87.0,87.0,2,1,0,0,114.0,0.0,0.0,87.0,24.5,Warm
11487,1,8,6,1,0.0,0.0,0,0,87.0,87.0,3,1,0,0,0.0,0.0,40.0,7.0,20.5,Warm
11486,1,8,1,1,0.0,0.0,0,0,87.0,87.0,2,0,0,0,47.0,0.0,0.0,87.0,18.0,Cold
11485,1,8,6,1,0.0,0.0,0,0,87.0,87.0,4,1,1,0,13.0,0.0,26.67,7.0,22.5,Warm
11483,1,8,6,1,0.0,0.0,0,0,87.0,87.0,2,0,0,0,0.0,0.0,7.0,80.0,21.0,Warm
11482,1,8,6,1,0.0,0.0,0,0,87.0,87.0,2,1,1,0,43.0,0.0,0.0,87.0,22.5,Warm
11481,1,8,6,1,0.0,0.0,0,0,87.0,87.0,1,0,0,0,0.0,0.0,-1.0,87.0,21.0,Warm
11480,1,8,6,1,0.0,0.0,0,0,87.0,87.0,2,0,0,0,0.0,0.0,0.0,87.0,18.5,Cold
11479,1,8,6,1,0.0,0.0,0,0,87.0,87.0,1,0,0,0,0.0,0.0,-1.0,87.0,18.5,Cold
11478,1,8,1,1,0.0,0.0,0,0,87.0,87.0,1,0,0,0,0.0,0.0,-1.0,87.0,16.0,Cold
11477,1,8,6,1,0.0,0.0,0,0,87.0,87.0,2,0,0,0,0.0,0.0,7.0,80.0,21.0,Warm
11476,1,8,6,1,0.0,0.0,0,0,87.0,87.0,3,0,0,0,0.0,0.0,41.5,4.0,18.5,Cold
11475,1,8,6,1,0.0,0.0,0,0,87.0,87.0,1,0,0,0,0.0,0.0,-1.0,87.0,18.5,Cold
11473,1,8,6,1,0.0,0.0,0,0,87.0,87.0,2,1,0,0,69.0,0.0,0.0,87.0,24.5,Warm
11472,1,8,6,1,0.0,0.0,0,0,87.0,87.0,5,2,0,0,115.0,0.0,21.0,3.0,26.0,Warm
11471,1,8,6,1,0.0,0.0,0,0,87.0,87.0,1,0,0,0,0.0,0.0,-1.0,87.0,18.5,Cold
11470,1,8,1,1,0.0,0.0,0,0,87.0,87.0,1,0,1,0,0.0,0.0,-1.0,87.0,11.5,Cold
11469,1,8,1,1,0.0,0.0,0,0,89.0,89.0,1,0,0,0,0.0,0.0,-1.0,87.0,13.5,Cold
11468,1,8,6,1,0.0,0.0,0,0,89.0,89.0,1,0,0,0,0.0,0.0,-1.0,87.0,21.0,Warm
11467,1,8,6,1,0.0,0.0,0,0,89.0,89.0,4,0,0,0,0.0,0.0,28.0,4.0,21.0,Warm
11465,1,8,6,1,0.0,0.0,0,0,89.0,89.0,1,1,1,0,0.0,0.0,-1.0,88.0,20.5,Warm
11464,1,8,1,1,0.0,0.0,0,0,89.0,89.0,1,0,0,0,0.0,0.0,-1.0,89.0,16.0,Cold
11463,1,8,6,1,0.0,0.0,0,0,89.0,89.0,5,1,2,0,90.0,0.0,10.0,48.0,20.5,Warm
11462,1,8,6,1,0.0,0.0,0,0,89.0,89.0,6,1,0,1,1840.0,0.0,1.4,82.0,29.5,Warm
11461,1,8,6,1,0.0,0.0,0,0,89.0,89.0,1,0,0,0,0.0,0.0,-1.0,89.0,18.5,Cold
11460,1,8,6,1,0.0,0.0,0,0,89.0,89.0,2,0,0,0,0.0,0.0,9.0,79.0,18.5,Cold
11459,1,8,6,1,0.0,0.0,0,0,89.0,89.0,3,0,0,0,0.0,0.0,42.0,4.0,18.5,Cold
11458,1,8,6,1,0.0,0.0,0,0,89.0,89.0,1,0,0,0,0.0,0.0,-1.0,89.0,18.5,Cold
11457,1,8,1,1,0.0,0.0,0,0,89.0,89.0,2,0,0,0,35.0,0.0,0.0,89.0,18.0,Cold
11456,1,8,6,1,0.0,0.0,0,0,89.0,89.0,3,0,0,0,0.0,0.0,41.0,6.0,18.5,Cold
11455,1,8,6,1,0.0,0.0,0,0,89.0,89.0,2,0,0,0,0.0,0.0,82.0,6.0,18.5,Cold
11454,1,8,6,1,0.0,0.0,0,0,90.0,90.0,4,1,0,0,71.0,0.0,27.33,6.0,24.5,Warm
11453,1,8,6,1,0.0,0.0,0,0,90.0,90.0,3,0,0,0,0.0,0.0,42.5,3.0,21.0,Warm
11452,1,8,6,1,0.0,0.0,0,0,90.0,90.0,3,1,0,1,836.0,0.0,0.5,89.0,29.5,Warm
11450,2,8,6,1,0.0,0.0,0,0,90.0,90.0,2,0,0,0,0.0,0.0,33.0,57.0,21.5,Warm
11449,1,8,1,1,0.0,0.0,0,0,90.0,90.0,1,1,0,0,0.0,0.0,-1.0,90.0,17.5,Cold
11448,2,8,6,1,0.0,0.0,0,0,90.0,90.0,2,0,0,0,0.0,0.0,1.0,89.0,27.0,Warm
11447,1,8,1,1,0.0,0.0,0,0,90.0,90.0,5,0,0,0,203.0,0.0,1.0,86.0,18.0,Cold
11446,1,8,1,1,0.0,0.0,0,0,90.0,90.0,3,0,0,1,268.0,0.0,2.0,86.0,23.0,Warm
11445,1,8,1,1,0.0,0.0,0,0,90.0,90.0,1,0,0,1,440.0,0.0,-1.0,90.0,23.0,Warm
11444,1,8,2,1,0.0,0.0,0,0,90.0,90.0,2,0,1,0,0.0,0.0,48.0,42.0,15.0,Cold
11443,1,8,6,1,0.0,0.0,0,0,90.0,90.0,2,0,0,0,79.0,0.0,0.0,90.0,23.0,Warm
11442,1,8,6,1,0.0,0.0,0,0,90.0,90.0,1,0,0,0,0.0,0.0,-1.0,90.0,21.0,Warm
11441,1,8,1,1,0.0,0.0,0,0,90.0,90.0,1,0,1,0,0.0,0.0,-1.0,90.0,11.5,Cold
11439,2,8,6,1,0.0,0.0,0,0,91.0,91.0,2,0,0,0,0.0,0.0,33.0,57.0,21.5,Warm
11438,1,8,6,1,0.0,0.0,0,0,91.0,91.0,3,0,0,0,0.0,0.0,23.5,44.0,24.0,Warm
11437,1,8,6,1,0.0,0.0,0,0,91.0,91.0,2,1,1,0,0.0,0.0,0.0,91.0,20.5,Warm
11436,1,8,1,1,0.0,0.0,0,0,91.0,91.0,1,0,1,0,0.0,0.0,-1.0,91.0,11.5,Cold
11435,1,8,1,1,0.0,0.0,0,0,91.0,91.0,2,0,0,0,0.0,0.0,5.0,86.0,16.0,Cold
11434,2,8,6,1,0.0,0.0,0,0,91.0,91.0,2,1,0,1,891.0,0.0,0.0,91.0,32.5,Warm
11433,1,8,6,1,0.0,0.0,0,0,91.0,91.0,3,0,0,0,0.0,0.0,17.0,57.0,24.0,Warm
11431,1,8,1,1,0.0,0.0,0,0,91.0,91.0,2,0,0,1,278.0,0.0,0.0,91.0,23.0,Warm
11430,1,8,6,1,0.0,0.0,0,0,91.0,91.0,1,1,1,0,0.0,0.0,-1.0,91.0,20.5,Warm
11429,1,8,6,1,0.0,0.0,0,0,91.0,91.0,1,0,0,0,0.0,0.0,-1.0,91.0,18.5,Cold
11428,1,8,6,1,0.0,0.0,0,0,91.0,91.0,2,0,0,1,187.0,0.0,0.0,59.0,28.0,Warm
11427,1,8,6,1,0.0,0.0,0,0,92.0,92.0,2,2,0,0,109.0,0.0,1.0,91.0,26.0,Warm
11426,1,8,6,1,0.0,0.0,0,0,92.0,92.0,1,0,0,0,0.0,0.0,-1.0,91.0,21.0,Warm
11425,1,8,6,1,0.0,0.0,0,0,92.0,92.0,2,0,0,1,376.0,0.0,0.0,92.0,28.0,Warm
11424,1,8,6,1,0.0,0.0,0,0,92.0,92.0,2,1,0,0,0.0,0.0,86.0,6.0,25.5,Warm
11423,2,8,6,1,0.0,0.0,0,0,92.0,92.0,1,0,0,0,0.0,0.0,-1.0,92.0,24.0,Warm
11422,1,8,6,1,0.0,0.0,0,0,92.0,92.0,4,0,0,1,376.0,0.0,11.67,57.0,28.0,Warm
11421,1,8,1,1,0.0,0.0,0,0,92.0,92.0,2,0,0,0,0.0,0.0,3.0,89.0,16.0,Cold
11420,1,8,1,1,0.0,0.0,0,0,92.0,92.0,2,0,0,0,0.0,0.0,6.0,86.0,16.0,Cold
11419,1,8,1,1,0.0,0.0,0,0,92.0,92.0,2,1,0,1,218.0,0.0,0.0,92.0,24.5,Warm
11418,1,8,1,1,0.0,0.0,0,0,92.0,92.0,1,0,1,0,0.0,0.0,-1.0,92.0,11.5,Cold
11417,1,8,1,1,0.0,0.0,0,0,92.0,92.0,2,0,0,1,133.0,0.0,0.0,92.0,23.0,Warm
11415,1,8,6,1,0.0,0.0,0,0,92.0,92.0,1,0,0,0,0.0,0.0,-1.0,92.0,18.5,Cold
11414,2,8,6,8,0.0,0.0,0,0,92.0,92.0,4,0,0,0,0.0,0.0,4.33,47.0,29.0,Warm
11412,1,8,1,1,0.0,0.0,0,0,93.0,93.0,2,0,0,1,432.0,0.0,0.0,92.0,23.0,Warm
11411,1,8,1,1,0.0,0.0,0,0,93.0,93.0,1,0,0,0,99.0,0.0,-1.0,93.0,18.0,Cold
11410,1,8,2,1,0.0,0.0,0,0,93.0,93.0,3,3,0,0,29.0,0.0,20.5,52.0,23.5,Warm
11409,2,8,6,1,0.0,0.0,0,0,93.0,93.0,19,1,0,1,1050.0,0.0,2.0,57.0,32.5,Warm
11408,2,8,6,1,0.0,0.0,0,0,93.0,93.0,3,0,0,1,1294.0,0.0,18.0,57.0,31.0,Warm
11407,1,8,1,1,0.0,0.0,0,0,93.0,93.0,1,0,0,0,0.0,0.0,-1.0,93.0,16.0,Cold
11406,1,8,6,1,0.0,0.0,0,0,93.0,93.0,5,4,0,0,0.0,0.0,8.75,44.0,24.5,Warm
11404,1,8,1,1,0.0,0.0,0,0,93.0,93.0,2,0,0,1,215.0,0.0,0.0,93.0,23.0,Warm
11403,1,8,6,1,0.0,0.0,0,0,93.0,93.0,3,0,0,0,0.0,0.0,18.0,57.0,18.5,Cold
11402,2,8,6,1,0.0,0.0,0,0,93.0,93.0,2,0,0,1,280.0,0.0,0.0,93.0,31.0,Warm
11401,1,8,1,1,0.0,0.0,0,0,93.0,93.0,1,0,1,0,0.0,0.0,-1.0,93.0,11.5,Cold
11399,1,8,6,1,0.0,0.0,0,0,94.0,94.0,1,0,0,0,0.0,0.0,-1.0,94.0,21.0,Warm
11398,1,8,6,1,0.0,0.0,0,0,94.0,94.0,2,1,0,0,0.0,0.0,0.0,94.0,22.5,Warm
11397,1,8,6,1,0.0,0.0,0,0,94.0,94.0,3,0,0,1,408.0,0.0,0.0,94.0,28.0,Warm
11396,1,8,6,1,0.0,0.0,0,0,94.0,94.0,1,0,0,0,0.0,0.0,-1.0,94.0,18.5,Cold
11395,1,8,6,1,0.0,0.0,0,0,94.0,94.0,2,0,0,0,4.0,0.0,0.0,94.0,23.0,Warm
11394,1,8,6,1,0.0,0.0,0,0,94.0,94.0,1,0,0,0,0.0,0.0,-1.0,94.0,18.5,Cold
11393,1,8,6,1,0.0,0.0,0,0,94.0,94.0,1,0,0,0,0.0,0.0,-1.0,94.0,18.5,Cold
11391,1,8,6,1,0.0,0.0,0,0,94.0,94.0,1,0,0,0,0.0,0.0,-1.0,94.0,18.5,Cold
11390,1,8,6,1,0.0,0.0,0,0,94.0,94.0,1,0,0,0,0.0,0.0,-1.0,94.0,18.5,Cold
11388,1,8,6,1,0.0,0.0,0,0,96.0,96.0,3,0,0,1,629.0,0.0,19.5,57.0,28.0,Warm
11386,2,8,6,1,0.0,0.0,0,0,96.0,96.0,3,0,0,1,924.0,0.0,11.5,73.0,31.0,Warm
11385,2,8,6,1,0.0,0.0,0,0,96.0,96.0,1,0,0,0,0.0,0.0,-1.0,96.0,24.0,Warm
11384,2,8,6,1,0.0,0.0,0,0,96.0,96.0,3,1,0,1,407.0,0.0,19.5,57.0,32.5,Warm
11383,1,8,6,1,0.0,0.0,0,0,96.0,96.0,3,0,0,1,359.0,0.0,0.0,96.0,28.0,Warm
11381,1,8,6,1,0.0,0.0,0,0,96.0,96.0,2,0,0,1,210.0,0.0,0.0,96.0,28.0,Warm
11379,1,8,6,1,0.0,0.0,0,0,97.0,97.0,2,0,0,1,203.0,0.0,0.0,97.0,28.0,Warm
11378,2,8,6,1,0.0,0.0,0,0,97.0,97.0,1,1,0,0,0.0,0.0,-1.0,97.0,25.5,Warm
11377,1,8,6,1,0.0,0.0,0,0,97.0,97.0,1,0,0,0,0.0,0.0,-1.0,97.0,21.0,Warm
11376,1,8,6,1,0.0,0.0,0,0,97.0,97.0,2,0,0,0,0.0,0.0,1.0,87.0,18.5,Cold
11375,1,8,1,1,0.0,0.0,0,0,97.0,97.0,3,0,0,0,71.0,0.0,1.0,91.0,18.0,Cold
11374,1,8,6,1,0.0,0.0,0,0,97.0,97.0,3,1,0,1,671.0,0.0,12.0,73.0,29.5,Warm
11373,1,8,1,1,0.0,0.0,0,0,97.0,97.0,3,0,0,1,245.0,0.0,2.0,89.0,23.0,Warm
11372,1,8,1,1,0.0,0.0,0,0,97.0,97.0,2,0,1,0,0.0,0.0,4.0,89.0,11.5,Cold
11371,1,8,6,1,0.0,0.0,0,0,97.0,97.0,1,0,0,0,0.0,0.0,-1.0,97.0,18.5,Cold
11370,1,8,6,1,0.0,0.0,0,0,97.0,97.0,4,1,0,0,0.0,0.0,3.67,68.0,20.0,Cold
11369,1,8,6,1,0.0,0.0,0,0,98.0,98.0,2,1,0,1,965.0,0.0,0.0,97.0,29.5,Warm
11368,1,8,1,1,0.0,0.0,0,0,98.0,98.0,1,0,0,0,0.0,0.0,-1.0,97.0,13.5,Cold
11367,1,8,6,1,0.0,0.0,0,0,98.0,98.0,2,0,0,0,12.0,0.0,0.0,98.0,23.0,Warm
11366,2,8,6,1,0.0,0.0,0,0,98.0,98.0,2,0,0,1,204.0,0.0,0.0,98.0,31.0,Warm
11365,1,8,6,1,0.0,0.0,0,0,98.0,98.0,3,0,0,0,119.0,0.0,0.0,98.0,23.0,Warm
11364,1,8,6,1,0.0,0.0,0,0,98.0,98.0,2,0,0,1,278.0,0.0,0.0,98.0,28.0,Warm
11363,2,8,6,1,0.0,0.0,0,0,98.0,98.0,2,0,0,1,182.0,0.0,0.0,98.0,31.0,Warm
11362,1,8,1,1,0.0,0.0,0,0,98.0,98.0,1,0,1,0,0.0,0.0,-1.0,98.0,11.5,Cold
11361,1,8,1,1,0.0,0.0,0,0,98.0,98.0,1,0,0,0,0.0,0.0,-1.0,98.0,13.5,Cold
11360,2,8,6,1,0.0,0.0,0,0,99.0,99.0,2,0,0,0,0.0,0.0,41.0,57.0,24.0,Warm
11359,2,8,1,1,0.0,0.0,0,0,99.0,99.0,3,1,0,1,937.0,0.0,11.0,77.0,27.5,Warm
11358,2,8,6,1,0.0,0.0,0,0,99.0,99.0,1,1,0,0,0.0,0.0,-1.0,99.0,25.5,Warm
11357,1,8,1,1,0.0,0.0,0,0,99.0,99.0,2,0,0,0,30.0,0.0,0.0,99.0,18.0,Cold
11356,2,8,6,1,0.0,0.0,0,0,99.0,99.0,7,0,0,1,2973.0,0.0,2.0,87.0,31.0,Warm
11355,1,8,1,1,0.0,0.0,0,0,99.0,99.0,1,0,1,0,0.0,0.0,-1.0,99.0,11.5,Cold
11354,1,8,6,1,0.0,0.0,0,0,99.0,99.0,2,0,0,0,0.0,0.0,42.0,57.0,18.5,Cold
11353,1,8,1,1,0.0,0.0,0,0,99.0,99.0,3,0,1,1,298.0,0.0,0.0,99.0,21.0,Warm
11352,2,8,1,1,0.0,0.0,0,0,100.0,100.0,2,0,1,0,0.0,0.0,45.0,55.0,14.5,Cold
11351,1,8,1,1,0.0,0.0,0,0,100.0,100.0,1,0,1,0,0.0,0.0,-1.0,100.0,11.5,Cold
11350,1,8,1,1,0.0,0.0,0,0,100.0,100.0,2,1,0,1,302.0,0.0,0.0,100.0,24.5,Warm
11349,1,8,1,1,0.0,0.0,0,0,101.0,101.0,2,0,0,0,73.0,0.0,0.0,100.0,18.0,Cold
11347,1,8,1,1,0.0,0.0,0,0,101.0,101.0,1,0,0,0,0.0,0.0,-1.0,101.0,13.5,Cold
11346,1,8,1,1,0.0,0.0,0,0,101.0,101.0,1,0,0,0,103.0,0.0,-1.0,101.0,18.0,Cold
11345,1,8,1,1,0.0,0.0,0,0,101.0,101.0,2,0,0,0,30.0,0.0,0.0,101.0,18.0,Cold
11344,1,8,1,1,0.0,0.0,0,0,101.0,101.0,2,0,0,0,30.0,0.0,0.0,101.0,18.0,Cold
11343,1,8,1,1,0.0,0.0,0,0,101.0,101.0,1,1,0,0,0.0,0.0,-1.0,101.0,17.5,Cold
11342,1,8,6,1,0.0,0.0,0,0,101.0,101.0,3,0,0,0,176.0,0.0,0.0,101.0,23.0,Warm
11341,1,8,6,1,0.0,0.0,0,0,101.0,101.0,1,0,0,0,0.0,0.0,-1.0,101.0,18.5,Cold
11339,1,8,1,1,0.0,0.0,0,0,101.0,101.0,1,0,1,0,0.0,0.0,-1.0,101.0,11.5,Cold
11338,1,8,1,1,0.0,0.0,0,0,101.0,101.0,1,0,0,0,69.0,0.0,-1.0,73.0,18.0,Cold
11337,2,8,1,1,0.0,0.0,0,0,101.0,101.0,2,0,1,0,0.0,0.0,46.0,55.0,14.5,Cold
11336,1,8,1,1,0.0,0.0,0,0,101.0,101.0,1,0,0,0,0.0,0.0,-1.0,101.0,13.5,Cold
11335,1,8,1,1,0.0,0.0,0,0,101.0,101.0,2,0,0,0,100.0,0.0,28.0,73.0,18.0,Cold
11334,1,8,1,1,0.0,0.0,0,0,101.0,101.0,1,0,0,0,0.0,0.0,-1.0,101.0,16.0,Cold
11333,1,8,1,1,0.0,0.0,0,0,101.0,101.0,1,0,0,0,0.0,0.0,-1.0,101.0,13.5,Cold
11332,1,8,1,1,0.0,0.0,0,0,101.0,101.0,2,0,0,1,134.0,0.0,0.0,101.0,23.0,Warm
11331,1,8,6,1,0.0,0.0,0,0,101.0,101.0,3,0,0,0,122.0,0.0,14.0,73.0,23.0,Warm
11330,1,8,1,1,0.0,0.0,0,0,101.0,101.0,4,0,0,0,84.0,0.0,0.0,101.0,18.0,Cold
11329,1,8,1,1,0.0,0.0,0,0,103.0,103.0,2,0,0,0,46.0,0.0,0.0,101.0,18.0,Cold
11328,1,8,1,1,0.0,0.0,0,0,103.0,103.0,2,3,0,0,0.0,0.0,2.0,101.0,23.5,Warm
11327,1,8,6,1,0.0,0.0,0,0,103.0,103.0,1,0,0,0,0.0,0.0,-1.0,101.0,21.0,Warm
11326,1,8,2,1,0.0,0.0,0,0,103.0,103.0,2,1,0,0,0.0,0.0,51.0,52.0,19.0,Cold
11325,1,8,1,1,0.0,0.0,0,0,103.0,103.0,2,0,0,0,69.0,0.0,30.0,73.0,18.0,Cold
11324,1,8,1,1,0.0,0.0,0,0,103.0,103.0,2,0,0,1,266.0,0.0,0.0,103.0,23.0,Warm
11323,2,8,1,1,0.0,0.0,0,0,103.0,103.0,3,1,0,1,157.0,0.0,15.0,73.0,27.5,Warm
11322,1,8,2,1,0.0,0.0,0,0,103.0,103.0,6,1,0,1,606.0,0.0,17.2,17.0,25.5,Warm
11321,1,8,2,1,0.0,0.0,0,0,103.0,103.0,2,0,1,0,0.0,0.0,51.0,52.0,13.0,Cold
11320,1,8,1,1,0.0,0.0,0,0,103.0,103.0,2,1,0,1,452.0,0.0,0.0,103.0,24.5,Warm
11319,1,8,1,1,0.0,0.0,0,0,103.0,103.0,1,0,0,0,0.0,0.0,-1.0,103.0,16.0,Cold
11318,1,8,6,1,0.0,0.0,0,0,103.0,103.0,2,0,1,0,0.0,0.0,51.0,52.0,17.0,Cold
11317,1,8,6,1,0.0,0.0,0,0,103.0,103.0,3,0,0,0,75.0,0.0,23.0,57.0,23.0,Warm
11316,1,8,1,1,0.0,0.0,0,0,103.0,103.0,3,0,0,0,24.0,0.0,38.5,26.0,18.0,Cold
11315,2,8,6,1,0.0,0.0,0,0,104.0,104.0,3,0,0,1,667.0,0.0,1.5,101.0,31.0,Warm
11314,1,8,1,1,0.0,0.0,0,0,104.0,104.0,1,0,0,0,46.0,0.0,-1.0,73.0,18.0,Cold
11313,1,8,6,1,0.0,0.0,0,0,104.0,104.0,5,2,3,0,51.0,0.0,14.25,47.0,22.0,Warm
11312,1,8,6,1,0.0,0.0,0,0,104.0,104.0,2,2,0,0,0.0,0.0,52.0,52.0,24.5,Warm
11311,1,8,1,1,0.0,0.0,0,0,104.0,104.0,2,0,0,1,184.0,0.0,28.0,76.0,23.0,Warm
11310,1,8,1,1,0.0,0.0,0,0,104.0,104.0,3,0,0,1,721.0,0.0,14.0,73.0,23.0,Warm
11309,1,8,1,1,0.0,0.0,0,0,104.0,104.0,1,0,0,0,0.0,0.0,-1.0,104.0,16.0,Cold
11307,1,8,1,1,0.0,0.0,0,0,104.0,104.0,1,1,0,0,0.0,0.0,-1.0,104.0,17.5,Cold
11306,2,8,6,1,0.0,0.0,0,0,104.0,104.0,13,1,0,1,5910.0,0.0,7.42,15.0,32.5,Warm
11305,1,8,2,1,0.0,0.0,0,0,104.0,104.0,2,0,0,0,0.0,0.0,52.0,52.0,15.0,Cold
11304,2,8,2,1,0.0,0.0,0,0,104.0,104.0,7,5,0,1,462.0,0.0,9.5,47.0,34.5,Warm
11303,1,8,1,1,0.0,0.0,0,0,104.0,104.0,2,0,0,1,264.0,0.0,0.0,104.0,23.0,Warm
11302,1,8,1,1,0.0,0.0,0,0,104.0,104.0,2,0,2,0,0.0,0.0,3.0,101.0,11.5,Cold
11301,1,8,2,1,0.0,0.0,0,0,104.0,104.0,5,0,0,1,898.0,0.0,13.0,52.0,24.0,Warm
11300,1,8,6,1,0.0,0.0,0,0,105.0,105.0,1,0,0,0,0.0,0.0,-1.0,57.0,18.5,Cold
11299,1,8,1,1,0.0,0.0,0,0,105.0,105.0,2,0,0,1,159.0,0.0,0.0,104.0,23.0,Warm
11298,1,8,6,1,0.0,0.0,0,0,105.0,105.0,4,0,0,0,0.0,0.0,17.67,52.0,19.0,Cold
11297,1,8,6,1,0.0,0.0,0,0,105.0,105.0,2,1,0,0,0.0,0.0,102.0,3.0,22.5,Warm
11296,1,8,2,0,0.0,0.0,0,1,105.0,105.0,4,0,2,0,16.0,0.0,26.0,27.0,10.0,Cold
11295,1,8,1,1,0.0,0.0,0,0,105.0,105.0,2,0,2,0,0.0,0.0,2.0,103.0,11.5,Cold
11294,1,8,1,1,0.0,0.0,0,0,105.0,105.0,4,0,0,1,305.0,0.0,1.33,101.0,23.0,Warm
11293,1,8,2,1,0.0,0.0,0,0,105.0,105.0,4,0,0,0,52.0,0.0,17.67,52.0,19.0,Cold
11291,1,8,6,1,0.0,0.0,0,0,105.0,105.0,1,0,0,0,0.0,0.0,-1.0,105.0,21.0,Warm
11289,1,8,0,1,0.0,0.0,0,0,106.0,106.0,3,0,0,1,505.0,0.0,28.0,49.0,25.0,Warm
11288,1,8,2,1,0.0,0.0,0,0,106.0,106.0,2,0,2,0,0.0,0.0,53.0,52.0,11.0,Cold
11287,1,8,2,1,0.0,0.0,0,0,106.0,106.0,3,1,0,1,653.0,0.0,26.5,52.0,25.5,Warm
11284,2,8,6,1,0.0,0.0,0,0,106.0,106.0,4,0,0,1,450.0,0.0,16.33,57.0,31.0,Warm
11283,1,8,1,1,0.0,0.0,0,0,106.0,106.0,1,0,0,1,168.0,0.0,-1.0,73.0,23.0,Warm
11281,2,8,2,1,0.0,0.0,0,0,106.0,106.0,8,3,0,1,1735.0,0.0,8.86,44.0,34.5,Warm
11280,1,8,2,1,0.0,0.0,0,0,107.0,107.0,3,0,1,0,0.0,0.0,35.0,36.0,15.5,Cold
11279,1,8,1,1,0.0,0.0,0,0,107.0,107.0,3,0,0,1,144.0,0.0,0.0,107.0,23.0,Warm
11278,1,8,1,1,0.0,0.0,0,0,107.0,107.0,3,0,0,0,86.0,0.0,0.0,107.0,18.0,Cold
11277,1,8,2,1,0.0,0.0,0,0,107.0,107.0,2,0,0,0,0.0,0.0,55.0,52.0,17.5,Cold
11276,1,8,6,1,0.0,0.0,0,0,107.0,107.0,2,0,0,0,0.0,0.0,50.0,57.0,21.0,Warm
11275,1,8,1,1,0.0,0.0,0,0,107.0,107.0,1,0,0,0,0.0,0.0,-1.0,107.0,13.5,Cold
11274,1,8,6,1,0.0,0.0,0,0,107.0,107.0,4,0,0,1,787.0,0.0,16.67,57.0,28.0,Warm
11273,1,8,2,1,0.0,0.0,0,0,107.0,107.0,5,0,3,0,63.0,0.0,16.25,42.0,15.0,Cold
11272,1,8,1,1,0.0,0.0,0,0,107.0,107.0,2,0,0,1,505.0,0.0,0.0,107.0,23.0,Warm
11271,1,8,1,1,0.0,0.0,0,0,107.0,107.0,1,0,0,0,0.0,0.0,-1.0,107.0,13.5,Cold
11268,1,8,6,1,0.0,0.0,0,0,107.0,107.0,2,0,0,0,0.0,0.0,50.0,57.0,21.0,Warm
11267,1,8,1,1,0.0,0.0,0,0,107.0,107.0,4,0,1,0,178.0,0.0,18.33,52.0,16.0,Cold
11266,1,8,2,1,0.0,0.0,0,0,108.0,108.0,3,0,2,0,0.0,0.0,28.0,52.0,13.5,Cold
11265,1,8,2,0,0.0,0.0,0,1,108.0,108.0,2,1,2,0,0.0,0.0,57.0,51.0,12.7,Cold
11264,2,8,1,1,0.0,0.0,0,0,108.0,108.0,5,0,0,1,616.0,0.0,13.25,55.0,26.0,Warm
11262,1,8,1,1,0.0,0.0,0,0,108.0,108.0,2,1,0,1,243.0,0.0,0.0,108.0,24.5,Warm
11261,1,8,1,1,0.0,0.0,0,0,108.0,108.0,1,0,0,0,0.0,0.0,-1.0,108.0,13.5,Cold
11260,1,8,1,1,0.0,0.0,0,0,108.0,108.0,2,0,0,1,179.0,0.0,0.0,107.0,23.0,Warm
11259,1,8,1,1,0.0,0.0,0,0,108.0,108.0,1,0,0,0,0.0,0.0,-1.0,108.0,16.0,Cold
11258,1,8,1,1,0.0,0.0,0,0,108.0,108.0,2,0,0,0,0.0,0.0,0.0,108.0,13.5,Cold
11257,1,8,1,1,0.0,0.0,0,0,108.0,108.0,2,0,0,0,118.0,0.0,0.0,108.0,18.0,Cold
11256,1,8,1,1,0.0,0.0,0,0,108.0,108.0,2,0,0,0,34.0,0.0,0.0,108.0,18.0,Cold
11255,1,8,6,1,0.0,0.0,0,0,108.0,108.0,1,0,0,0,0.0,0.0,-1.0,57.0,18.5,Cold
11254,1,8,1,1,0.0,0.0,0,0,108.0,108.0,1,0,1,0,0.0,0.0,-1.0,108.0,14.0,Cold
11253,1,8,1,1,0.0,0.0,0,0,108.0,108.0,2,0,2,0,0.0,0.0,0.0,108.0,11.5,Cold
11252,1,8,1,1,0.0,0.0,0,0,108.0,108.0,1,0,0,0,0.0,0.0,-1.0,108.0,16.0,Cold
11251,1,8,1,1,0.0,0.0,0,0,108.0,108.0,2,0,0,1,390.0,0.0,0.0,108.0,23.0,Warm
11250,1,8,1,1,0.0,0.0,0,0,108.0,108.0,1,0,0,0,0.0,0.0,-1.0,108.0,16.0,Cold
11249,1,8,1,1,0.0,0.0,0,0,108.0,108.0,1,0,0,0,0.0,0.0,-1.0,107.0,13.5,Cold
11248,1,8,2,1,0.0,0.0,0,0,108.0,108.0,4,1,1,1,206.0,0.0,18.67,52.0,23.5,Warm
11247,1,8,1,1,0.0,0.0,0,0,108.0,108.0,2,0,0,1,145.0,0.0,0.0,108.0,23.0,Warm
11246,1,8,1,1,0.0,0.0,0,0,108.0,108.0,3,0,0,1,785.0,0.0,0.0,108.0,23.0,Warm
11245,1,8,1,1,0.0,0.0,0,0,108.0,108.0,2,0,0,1,202.0,0.0,0.0,108.0,23.0,Warm
11244,1,8,6,1,0.0,0.0,0,0,115.0,115.0,1,1,0,0,0.0,0.0,-1.0,115.0,25.5,Warm
11243,1,8,6,1,0.0,0.0,0,0,115.0,115.0,3,1,0,0,43.0,0.0,56.0,3.0,27.5,Warm
11242,1,8,6,1,0.0,0.0,0,0,115.0,115.0,4,1,0,0,51.0,0.0,9.67,86.0,27.5,Warm
11241,1,8,6,1,0.0,0.0,0,0,115.0,115.0,2,2,0,0,0.0,0.0,112.0,3.0,27.0,Warm
11240,1,8,6,1,0.0,0.0,0,0,115.0,115.0,1,1,0,0,0.0,0.0,-1.0,115.0,25.5,Warm
11239,1,8,6,1,0.0,0.0,0,0,115.0,115.0,2,1,0,0,0.0,0.0,112.0,3.0,25.5,Warm
11238,1,8,6,1,0.0,0.0,0,0,115.0,115.0,2,1,0,0,0.0,0.0,112.0,3.0,25.5,Warm
11237,1,8,2,0,0.0,0.0,0,1,116.0,116.0,2,1,1,0,0.0,0.0,64.0,52.0,14.7,Cold
11236,1,8,2,0,0.0,0.0,0,1,116.0,116.0,4,2,1,1,169.0,0.0,21.67,51.0,23.2,Warm
11235,1,8,1,1,0.0,0.0,0,0,116.0,116.0,3,1,1,0,0.0,0.0,9.0,98.0,15.5,Cold
11234,1,8,1,1,0.0,0.0,0,0,116.0,116.0,2,0,0,0,0.0,0.0,10.0,106.0,16.0,Cold
11232,1,8,2,1,0.0,0.0,0,0,116.0,116.0,4,1,2,0,28.0,0.0,21.67,51.0,17.7,Cold
11231,1,8,2,1,0.0,0.0,0,0,116.0,116.0,5,0,3,1,401.0,0.0,18.5,42.0,20.0,Cold
11230,1,8,1,1,0.0,0.0,0,0,116.0,116.0,2,1,0,0,0.0,0.0,8.0,108.0,15.5,Cold
11229,1,8,2,1,0.0,0.0,0,0,116.0,116.0,3,0,2,0,0.0,0.0,32.5,51.0,11.0,Cold
11228,1,8,1,1,0.0,0.0,0,0,116.0,116.0,1,0,0,0,0.0,0.0,-1.0,116.0,13.5,Cold
11227,1,8,2,1,0.0,0.0,0,0,117.0,117.0,3,0,0,0,0.0,0.0,0.5,116.0,17.5,Cold
11226,1,8,1,1,0.0,0.0,0,0,117.0,117.0,2,0,0,0,81.0,0.0,1.0,116.0,18.0,Cold
11225,1,8,1,1,0.0,0.0,0,0,117.0,117.0,2,0,0,0,0.0,0.0,10.0,107.0,16.0,Cold
11224,1,8,2,1,0.0,0.0,0,0,117.0,117.0,3,0,0,0,0.0,0.0,0.5,116.0,17.0,Cold
11223,1,8,1,1,0.0,0.0,0,0,117.0,117.0,2,0,0,0,0.0,0.0,1.0,116.0,16.0,Cold
11222,1,8,1,1,0.0,0.0,0,0,118.0,118.0,2,1,0,1,232.0,0.0,0.0,118.0,24.5,Warm
11221,1,8,6,1,0.0,0.0,0,0,118.0,118.0,5,0,0,0,0.0,0.0,16.25,43.0,18.5,Cold
11220,1,8,2,1,0.0,0.0,0,0,118.0,118.0,3,0,0,0,0.0,0.0,1.0,116.0,17.0,Cold
11219,1,8,2,1,0.0,0.0,0,0,118.0,118.0,3,0,0,1,322.0,0.0,1.0,116.0,24.0,Warm
11218,1,8,1,1,0.0,0.0,0,0,118.0,118.0,2,1,0,0,0.0,0.0,2.0,116.0,17.5,Cold
11217,1,8,1,1,0.0,0.0,0,0,118.0,118.0,2,0,0,0,29.0,0.0,0.0,118.0,18.0,Cold
11216,1,8,2,1,0.0,0.0,0,0,118.0,118.0,6,3,1,0,78.0,0.0,13.6,50.0,21.5,Warm
11215,1,8,6,1,0.0,0.0,0,0,118.0,118.0,5,0,1,0,0.0,0.0,18.25,45.0,19.0,Cold
11214,1,8,1,1,0.0,0.0,0,0,119.0,119.0,2,0,0,0,92.0,0.0,1.0,117.0,18.0,Cold
11213,1,8,2,0,0.0,0.0,0,1,119.0,119.0,4,1,1,1,921.0,0.0,1.0,116.0,21.7,Warm
11212,2,8,6,1,0.0,0.0,0,0,119.0,119.0,13,1,0,1,1669.0,0.0,1.5,101.0,35.5,Warm
11211,1,8,6,1,0.0,0.0,0,0,119.0,119.0,2,0,0,0,0.0,0.0,3.0,116.0,18.5,Cold
11210,1,8,1,1,0.0,0.0,0,0,119.0,119.0,2,1,0,1,335.0,0.0,0.0,119.0,24.5,Warm
11209,1,8,1,1,0.0,0.0,0,0,119.0,119.0,2,0,0,0,71.0,0.0,0.0,119.0,18.0,Cold
11208,1,8,1,1,0.0,0.0,0,0,119.0,119.0,1,0,0,0,0.0,0.0,-1.0,119.0,13.5,Cold
11207,1,8,1,1,0.0,0.0,0,0,120.0,120.0,2,0,0,1,361.0,0.0,0.0,120.0,23.0,Warm
11206,1,8,1,1,0.0,0.0,0,0,120.0,120.0,1,0,0,0,0.0,0.0,-1.0,120.0,16.0,Cold
11205,1,8,1,1,0.0,0.0,0,0,120.0,120.0,1,0,0,0,0.0,0.0,-1.0,120.0,13.5,Cold
11204,1,8,6,1,0.0,0.0,0,0,120.0,120.0,3,0,0,0,87.0,0.0,2.0,116.0,23.0,Warm
11203,1,8,6,1,0.0,0.0,0,0,120.0,120.0,11,0,3,1,604.0,0.0,7.7,43.0,26.0,Warm
11202,1,8,6,1,0.0,0.0,0,0,120.0,120.0,5,0,0,1,347.0,0.0,3.0,108.0,28.0,Warm
11201,1,8,1,1,0.0,0.0,0,0,120.0,120.0,3,0,0,1,220.0,0.0,0.0,120.0,23.0,Warm
11200,1,8,6,1,0.0,0.0,0,0,120.0,120.0,1,3,0,0,0.0,0.0,-1.0,119.0,25.5,Warm
11199,1,8,1,1,0.0,0.0,0,0,120.0,120.0,2,1,1,0,0.0,0.0,1.0,119.0,15.5,Cold
11198,1,8,1,1,0.0,0.0,0,0,120.0,120.0,1,0,0,0,0.0,0.0,-1.0,120.0,16.0,Cold
11197,1,8,1,1,0.0,0.0,0,0,120.0,120.0,1,0,0,0,0.0,0.0,-1.0,120.0,16.0,Cold
11196,1,8,1,1,0.0,0.0,0,0,121.0,121.0,1,0,0,0,0.0,0.0,-1.0,120.0,13.5,Cold
11195,1,8,6,1,0.0,0.0,0,0,121.0,121.0,5,0,0,0,96.0,0.0,16.0,57.0,23.0,Warm
11194,1,8,6,1,0.0,0.0,0,0,121.0,121.0,3,0,0,1,160.0,0.0,2.5,116.0,28.0,Warm
11193,1,8,6,1,0.0,0.0,0,0,121.0,121.0,3,1,0,1,222.0,0.0,2.5,116.0,29.5,Warm
11192,1,8,1,1,0.0,0.0,0,0,121.0,121.0,3,0,0,0,12.0,0.0,1.0,119.0,18.0,Cold
11191,1,8,1,1,0.0,0.0,0,0,121.0,121.0,5,0,0,1,313.0,0.0,0.25,120.0,23.0,Warm
11190,2,8,6,1,0.0,0.0,0,0,121.0,121.0,11,0,0,1,2193.0,0.0,10.9,12.0,31.0,Warm
11189,1,8,1,1,0.0,0.0,0,0,122.0,122.0,3,0,0,1,276.0,0.0,1.0,120.0,23.0,Warm
11188,1,8,6,1,0.0,0.0,0,0,122.0,122.0,3,0,0,0,55.0,0.0,3.0,116.0,23.0,Warm
11187,1,8,6,1,0.0,0.0,0,0,122.0,122.0,3,0,0,1,180.0,0.0,3.0,116.0,28.0,Warm
11186,1,8,1,1,0.0,0.0,0,0,122.0,122.0,2,0,0,0,0.0,0.0,35.0,45.0,16.0,Cold
11185,2,8,1,1,0.0,0.0,0,0,122.0,122.0,11,5,2,1,1783.0,0.0,6.7,55.0,34.5,Warm
11184,1,8,1,1,0.0,0.0,0,0,122.0,122.0,2,0,0,1,128.0,0.0,0.0,122.0,23.0,Warm
11183,1,8,1,1,0.0,0.0,0,0,122.0,122.0,1,0,0,0,0.0,0.0,-1.0,122.0,13.5,Cold
11182,1,8,2,1,0.0,0.0,0,0,122.0,122.0,4,0,1,0,33.0,0.0,23.67,51.0,17.0,Cold
11181,1,8,1,1,0.0,0.0,0,0,122.0,122.0,5,0,0,1,136.0,0.0,6.0,98.0,23.0,Warm
11180,1,8,1,1,0.0,0.0,0,0,122.0,122.0,1,0,1,0,0.0,0.0,-1.0,122.0,11.5,Cold
11179,1,8,1,1,0.0,0.0,0,0,122.0,122.0,4,1,0,1,724.0,0.0,0.67,120.0,24.5,Warm
11178,1,8,2,1,0.0,0.0,0,0,122.0,122.0,4,0,1,0,0.0,0.0,23.67,51.0,15.5,Cold
11177,1,8,1,1,0.0,0.0,0,0,122.0,122.0,5,0,0,1,1466.0,0.0,1.25,117.0,23.0,Warm
11176,1,8,1,1,0.0,0.0,0,0,122.0,122.0,3,0,2,0,0.0,0.0,2.5,117.0,11.5,Cold
11175,1,8,6,1,0.0,0.0,0,0,122.0,122.0,2,0,0,0,0.0,0.0,6.0,116.0,18.5,Cold
11174,1,8,6,1,0.0,0.0,0,0,122.0,122.0,3,1,0,0,0.0,0.0,32.5,57.0,22.5,Warm
11173,1,8,6,1,0.0,0.0,0,0,122.0,122.0,2,0,0,0,0.0,0.0,6.0,116.0,21.0,Warm
11172,1,8,6,1,0.0,0.0,0,0,122.0,122.0,3,0,0,1,145.0,0.0,3.0,116.0,28.0,Warm
11171,2,8,6,1,0.0,0.0,0,0,122.0,122.0,4,1,0,0,0.0,0.0,21.67,57.0,25.5,Warm
11170,1,8,1,1,0.0,0.0,0,0,122.0,122.0,1,0,0,0,0.0,0.0,-1.0,122.0,16.0,Cold
11169,1,8,1,1,0.0,0.0,0,0,122.0,122.0,2,1,0,0,0.0,0.0,0.0,122.0,17.5,Cold
11168,1,8,1,1,0.0,0.0,0,0,122.0,122.0,3,0,0,1,143.0,0.0,2.0,118.0,23.0,Warm
11167,1,8,1,1,0.0,0.0,0,0,122.0,122.0,1,0,0,0,0.0,0.0,-1.0,122.0,13.5,Cold
11166,1,8,6,1,0.0,0.0,0,0,122.0,122.0,7,4,0,0,254.0,0.0,11.83,51.0,32.0,Warm
11165,1,8,6,1,0.0,0.0,0,0,124.0,124.0,2,0,0,0,43.0,0.0,0.0,116.0,23.0,Warm
11164,1,8,1,1,0.0,0.0,0,0,124.0,124.0,2,0,0,0,0.0,0.0,2.0,122.0,13.5,Cold
11163,1,8,2,1,0.0,0.0,0,0,124.0,124.0,1,0,0,0,0.0,0.0,-1.0,124.0,17.0,Cold
11162,1,8,1,1,0.0,0.0,0,0,124.0,124.0,2,0,0,0,119.0,0.0,0.0,124.0,18.0,Cold
11161,1,8,6,1,0.0,0.0,0,0,124.0,124.0,2,0,0,0,0.0,0.0,8.0,116.0,21.0,Warm
11160,1,8,6,1,0.0,0.0,0,0,124.0,124.0,1,0,0,0,0.0,0.0,-1.0,116.0,18.5,Cold
11159,1,8,1,1,0.0,0.0,0,0,124.0,124.0,3,0,0,1,532.0,0.0,1.0,122.0,23.0,Warm
11158,1,8,6,1,0.0,0.0,0,0,124.0,124.0,4,0,0,1,270.0,0.0,2.67,116.0,28.0,Warm
11157,1,8,6,1,0.0,0.0,0,0,124.0,124.0,1,0,0,0,0.0,0.0,-1.0,116.0,18.5,Cold
11156,1,8,6,1,0.0,0.0,0,0,124.0,124.0,4,1,0,0,107.0,0.0,2.67,116.0,24.5,Warm
11155,1,8,6,1,0.0,0.0,0,0,124.0,124.0,4,2,0,1,306.0,0.0,2.67,116.0,31.0,Warm
11154,1,8,1,1,0.0,0.0,0,0,124.0,124.0,2,0,0,0,102.0,0.0,0.0,124.0,18.0,Cold
11153,1,8,1,1,0.0,0.0,0,0,124.0,124.0,1,0,1,0,0.0,0.0,-1.0,124.0,14.0,Cold
11152,1,8,1,1,0.0,0.0,0,0,124.0,124.0,1,0,0,0,0.0,0.0,-1.0,124.0,14.0,Cold
11151,1,8,6,1,0.0,0.0,0,0,125.0,125.0,2,0,0,0,0.0,0.0,9.0,116.0,18.5,Cold
11150,1,8,6,1,0.0,0.0,0,0,125.0,125.0,3,0,0,0,0.0,0.0,34.0,57.0,18.5,Cold
11149,1,8,6,1,0.0,0.0,0,0,125.0,125.0,3,0,0,1,144.0,0.0,4.5,116.0,28.0,Warm
11148,1,8,6,1,0.0,0.0,0,0,125.0,125.0,2,0,0,0,0.0,0.0,9.0,116.0,18.5,Cold
11147,1,8,6,1,0.0,0.0,0,0,125.0,125.0,2,0,0,0,0.0,0.0,9.0,116.0,18.5,Cold
11146,1,8,6,1,0.0,0.0,0,0,125.0,125.0,2,0,0,0,0.0,0.0,9.0,116.0,18.5,Cold
11145,1,8,6,1,0.0,0.0,0,0,125.0,125.0,1,0,0,0,0.0,0.0,-1.0,116.0,18.5,Cold
11144,1,8,1,1,0.0,0.0,0,0,125.0,125.0,1,0,0,0,0.0,0.0,-1.0,122.0,13.5,Cold
11143,1,8,6,1,0.0,0.0,0,0,125.0,125.0,7,1,0,1,333.0,0.0,1.5,116.0,29.5,Warm
11142,1,8,1,1,0.0,0.0,0,0,125.0,125.0,2,0,0,0,47.0,0.0,0.0,122.0,18.0,Cold
11141,1,8,1,1,0.0,0.0,0,0,125.0,125.0,1,0,0,0,0.0,0.0,-1.0,124.0,16.0,Cold
11140,1,8,1,1,0.0,0.0,0,0,125.0,125.0,2,0,0,1,497.0,0.0,0.0,124.0,23.0,Warm
11139,1,8,1,1,0.0,0.0,0,0,125.0,125.0,1,0,0,0,0.0,0.0,-1.0,124.0,13.5,Cold
11138,1,8,1,1,0.0,0.0,0,0,125.0,125.0,2,0,0,1,265.0,0.0,0.0,125.0,23.0,Warm
11137,1,8,1,1,0.0,0.0,0,0,125.0,125.0,3,1,0,1,275.0,0.0,3.0,119.0,24.5,Warm
11136,1,8,1,1,0.0,0.0,0,0,125.0,125.0,1,0,1,0,0.0,0.0,-1.0,125.0,14.0,Cold
11135,1,8,1,1,0.0,0.0,0,0,125.0,125.0,5,2,0,1,396.0,0.0,2.0,117.0,26.0,Warm
11134,1,8,6,1,0.0,0.0,0,0,125.0,125.0,3,1,1,0,0.0,0.0,4.5,116.0,20.5,Warm
11133,1,8,1,1,0.0,0.0,0,0,125.0,125.0,1,0,0,0,0.0,0.0,-1.0,125.0,16.0,Cold
11132,1,8,1,1,0.0,0.0,0,0,125.0,125.0,1,0,0,0,0.0,0.0,-1.0,125.0,16.0,Cold
11131,1,8,6,1,0.0,0.0,0,0,125.0,125.0,4,1,1,0,57.0,0.0,3.0,116.0,22.5,Warm
11130,1,8,1,1,0.0,0.0,0,0,125.0,125.0,2,0,1,0,0.0,0.0,5.0,120.0,14.0,Cold
11129,1,8,6,1,0.0,0.0,0,0,125.0,125.0,8,1,2,1,228.0,0.0,17.57,2.0,26.7,Warm
11128,1,8,1,1,0.0,0.0,0,0,125.0,125.0,1,0,0,0,0.0,0.0,-1.0,125.0,13.5,Cold
11127,1,8,6,1,0.0,0.0,0,0,125.0,125.0,4,2,2,0,105.0,0.0,3.0,116.0,24.0,Warm
11126,1,8,6,1,0.0,0.0,0,0,125.0,125.0,3,0,0,1,248.0,0.0,3.0,119.0,28.0,Warm
11125,1,8,1,1,0.0,0.0,0,0,125.0,125.0,3,0,0,1,350.0,0.0,0.5,124.0,23.0,Warm
11124,1,8,6,1,0.0,0.0,0,0,125.0,125.0,3,0,0,0,119.0,0.0,4.5,116.0,23.0,Warm
11123,1,8,1,1,0.0,0.0,0,0,125.0,125.0,1,0,1,0,0.0,0.0,-1.0,125.0,11.5,Cold
11122,1,8,6,1,0.0,0.0,0,0,126.0,126.0,3,1,0,0,0.0,0.0,42.0,42.0,20.0,Cold
11121,1,8,6,8,0.0,0.0,0,0,126.0,126.0,3,1,0,1,284.0,0.0,14.0,98.0,31.5,Warm
11120,1,8,6,1,0.0,0.0,0,0,127.0,127.0,2,0,0,0,0.0,0.0,9.0,116.0,21.0,Warm
11119,1,8,1,1,0.0,0.0,0,0,127.0,127.0,1,0,0,0,0.0,0.0,-1.0,126.0,13.5,Cold
11118,1,8,6,1,0.0,0.0,0,0,127.0,127.0,1,0,0,0,0.0,0.0,-1.0,116.0,18.5,Cold
11117,1,8,1,1,0.0,0.0,0,0,127.0,127.0,1,0,0,0,0.0,0.0,-1.0,126.0,13.5,Cold
11116,1,8,1,1,0.0,0.0,0,0,127.0,127.0,2,3,0,1,208.0,0.0,0.0,126.0,27.5,Warm
11115,1,8,1,1,0.0,0.0,0,0,127.0,127.0,2,0,0,0,66.0,0.0,0.0,126.0,18.0,Cold
11114,1,8,6,1,0.0,0.0,0,0,127.0,127.0,3,0,0,0,29.0,0.0,26.0,73.0,23.0,Warm
11113,1,8,1,1,0.0,0.0,0,0,127.0,127.0,3,0,0,1,155.0,0.0,0.0,126.0,23.0,Warm
11112,1,8,6,1,0.0,0.0,0,0,127.0,127.0,3,0,0,0,112.0,0.0,9.0,107.0,23.0,Warm
11111,1,8,1,1,0.0,0.0,0,0,127.0,127.0,1,0,0,0,0.0,0.0,-1.0,126.0,13.5,Cold
11110,1,8,1,1,0.0,0.0,0,0,127.0,127.0,1,0,0,0,0.0,0.0,-1.0,126.0,16.0,Cold
11109,1,8,6,1,0.0,0.0,0,0,127.0,127.0,4,1,0,1,991.0,0.0,17.33,73.0,29.5,Warm
11108,1,8,1,1,0.0,0.0,0,0,127.0,127.0,3,1,1,1,688.0,0.0,0.5,125.0,22.5,Warm
11107,1,8,1,1,0.0,0.0,0,0,127.0,127.0,3,1,0,0,80.0,0.0,0.0,126.0,19.5,Cold
11106,1,8,6,1,0.0,0.0,0,0,127.0,127.0,4,0,0,0,16.0,0.0,3.0,116.0,23.0,Warm
11105,1,8,1,1,0.0,0.0,0,0,127.0,127.0,2,1,1,0,54.0,0.0,0.0,126.0,17.5,Cold
11104,1,8,1,1,0.0,0.0,0,0,128.0,128.0,1,0,0,0,0.0,0.0,-1.0,128.0,13.5,Cold
11103,1,8,6,1,0.0,0.0,0,0,130.0,130.0,14,9,1,1,465.0,0.0,5.92,52.0,38.0,Warm
11102,1,8,1,1,0.0,0.0,0,0,130.0,130.0,2,0,1,0,0.0,0.0,0.0,126.0,14.0,Cold
11101,1,8,6,1,0.0,0.0,0,0,130.0,130.0,4,1,1,0,107.0,0.0,4.0,116.0,22.5,Warm
11100,1,8,6,0,0.0,0.0,0,1,130.0,130.0,10,3,3,1,331.0,0.0,9.22,43.0,26.7,Warm
11099,1,8,1,1,0.0,0.0,0,0,130.0,130.0,1,0,0,0,0.0,0.0,-1.0,128.0,13.5,Cold
11098,1,8,6,1,0.0,0.0,0,0,130.0,130.0,3,0,0,1,354.0,0.0,6.0,116.0,28.0,Warm
11097,1,8,6,1,0.0,0.0,0,0,130.0,130.0,1,0,0,0,0.0,0.0,-1.0,116.0,18.5,Cold
11096,1,8,6,1,0.0,0.0,0,0,130.0,130.0,4,0,0,1,125.0,0.0,3.33,119.0,28.0,Warm
11095,1,8,1,1,0.0,0.0,0,0,130.0,130.0,4,0,1,0,40.0,0.0,0.33,125.0,16.0,Cold
11094,1,8,1,1,0.0,0.0,0,0,130.0,130.0,3,0,0,1,289.0,0.0,0.5,127.0,23.0,Warm
11093,1,8,6,1,0.0,0.0,0,0,130.0,130.0,3,0,0,1,461.0,0.0,6.0,116.0,28.0,Warm
11092,1,8,6,1,0.0,0.0,0,0,131.0,131.0,2,0,0,1,166.0,0.0,0.0,116.0,28.0,Warm
11091,1,8,1,1,0.0,0.0,0,0,131.0,131.0,1,0,0,0,0.0,0.0,-1.0,126.0,13.5,Cold
11090,2,8,6,1,0.0,0.0,0,0,131.0,131.0,5,0,0,1,315.0,0.0,18.5,57.0,31.0,Warm
11089,1,8,1,1,0.0,0.0,0,0,131.0,131.0,1,0,0,0,0.0,0.0,-1.0,131.0,13.5,Cold
11088,2,8,6,1,0.0,0.0,0,0,131.0,131.0,7,0,0,1,426.0,0.0,12.33,57.0,31.0,Warm
11087,1,8,1,1,0.0,0.0,0,0,131.0,131.0,1,0,0,0,0.0,0.0,-1.0,92.0,13.5,Cold
11086,1,8,1,1,0.0,0.0,0,0,131.0,131.0,1,0,0,0,0.0,0.0,-1.0,92.0,13.5,Cold
11085,1,8,1,1,0.0,0.0,0,0,131.0,131.0,1,1,0,0,0.0,0.0,-1.0,131.0,17.5,Cold
11084,1,8,1,1,0.0,0.0,0,0,131.0,131.0,2,1,1,0,34.0,0.0,0.0,131.0,17.5,Cold
11083,1,8,6,1,0.0,0.0,0,0,131.0,131.0,3,0,0,1,585.0,0.0,7.5,116.0,28.0,Warm
11082,1,8,1,1,0.0,0.0,0,0,133.0,133.0,1,0,0,0,0.0,0.0,-1.0,92.0,13.5,Cold
11081,1,8,6,1,0.0,0.0,0,0,133.0,133.0,2,0,0,0,0.0,0.0,15.0,116.0,21.0,Warm
11080,1,8,6,1,0.0,0.0,0,0,133.0,133.0,6,1,0,0,0.0,0.0,17.4,44.0,22.5,Warm
11079,1,8,6,1,0.0,0.0,0,0,133.0,133.0,11,4,0,1,144.0,0.0,7.9,52.0,34.0,Warm
11078,1,8,6,1,0.0,0.0,0,0,133.0,133.0,11,5,0,1,121.0,0.0,8.8,43.0,35.5,Warm
11077,1,8,6,1,0.0,0.0,0,0,133.0,133.0,11,2,0,0,123.0,0.0,7.9,52.0,26.0,Warm
11076,1,8,6,1,0.0,0.0,0,0,133.0,133.0,7,0,0,0,0.0,0.0,5.33,99.0,21.0,Warm
11075,1,8,6,1,0.0,0.0,0,0,133.0,133.0,8,0,0,0,54.0,0.0,11.71,49.0,23.0,Warm
11074,1,8,6,1,0.0,0.0,0,0,133.0,133.0,3,0,0,0,0.0,0.0,1.5,68.0,18.5,Cold
11073,1,8,6,1,0.0,0.0,0,0,133.0,133.0,5,3,0,1,359.0,0.0,19.75,52.0,32.5,Warm
11072,1,8,6,1,0.0,0.0,0,0,133.0,133.0,3,0,0,0,0.0,0.0,1.5,68.0,18.5,Cold
11071,1,8,6,1,0.0,0.0,0,0,133.0,133.0,9,2,0,0,18.0,0.0,9.88,52.0,26.0,Warm
11070,1,8,6,1,0.0,0.0,0,0,133.0,133.0,10,4,0,0,63.0,0.0,8.78,52.0,29.0,Warm
11069,1,8,6,1,0.0,0.0,0,0,133.0,133.0,21,2,0,0,341.0,0.0,4.4,43.0,26.0,Warm
11068,1,8,6,1,0.0,0.0,0,0,133.0,133.0,12,4,0,0,41.0,0.0,7.27,51.0,29.0,Warm
11067,1,8,6,1,0.0,0.0,0,0,133.0,133.0,10,0,0,0,31.0,0.0,9.67,44.0,23.0,Warm
11066,1,8,6,1,0.0,0.0,0,0,133.0,133.0,6,1,0,0,56.0,0.0,15.8,52.0,24.5,Warm
11065,1,8,6,1,0.0,0.0,0,0,133.0,133.0,7,0,0,0,0.0,0.0,16.67,31.0,18.5,Cold
11064,1,8,6,1,0.0,0.0,0,0,133.0,133.0,3,0,0,0,0.0,0.0,4.0,63.0,18.5,Cold
11063,1,8,6,1,0.0,0.0,0,0,133.0,133.0,9,1,0,1,444.0,0.0,10.88,44.0,29.5,Warm
11062,1,8,6,1,0.0,0.0,0,0,133.0,133.0,9,2,0,0,21.0,0.0,9.88,52.0,26.0,Warm
11061,1,8,6,1,0.0,0.0,0,0,133.0,133.0,8,0,0,0,0.0,0.0,9.0,68.0,21.0,Warm
11060,1,8,6,1,0.0,0.0,0,0,133.0,133.0,15,6,0,1,185.0,0.0,8.21,16.0,37.0,Warm
11059,1,8,6,1,0.0,0.0,0,0,133.0,133.0,7,2,0,1,143.0,0.0,13.17,52.0,31.0,Warm
11058,1,8,6,1,0.0,0.0,0,0,133.0,133.0,9,0,0,0,54.0,0.0,11.0,43.0,23.0,Warm
11057,1,8,6,1,0.0,0.0,0,0,133.0,133.0,9,0,0,0,35.0,0.0,9.88,52.0,23.0,Warm
11056,1,8,6,1,0.0,0.0,0,0,133.0,133.0,6,0,0,0,0.0,0.0,6.4,99.0,18.5,Cold
11055,1,8,6,1,0.0,0.0,0,0,133.0,133.0,6,0,0,0,0.0,0.0,12.6,68.0,18.5,Cold
11054,1,8,6,1,0.0,0.0,0,0,133.0,133.0,8,0,0,0,0.0,0.0,10.29,59.0,21.0,Warm
11053,1,8,6,1,0.0,0.0,0,0,133.0,133.0,10,2,0,1,175.0,0.0,9.78,43.0,31.0,Warm
11052,1,8,6,1,0.0,0.0,0,0,133.0,133.0,10,7,0,0,0.0,0.0,4.0,95.0,31.5,Warm
11051,1,8,6,1,0.0,0.0,0,0,133.0,133.0,6,0,0,0,0.0,0.0,17.6,43.0,21.0,Warm
11050,1,8,6,1,0.0,0.0,0,0,133.0,133.0,7,0,0,1,228.0,0.0,3.17,52.0,28.0,Warm
11049,1,8,6,1,0.0,0.0,0,0,133.0,133.0,10,2,0,1,213.0,0.0,8.78,52.0,31.0,Warm
11048,1,8,6,1,0.0,0.0,0,0,133.0,133.0,8,1,0,0,0.0,0.0,10.29,59.0,22.5,Warm
11047,1,8,6,1,0.0,0.0,0,0,133.0,133.0,7,2,0,0,98.0,0.0,14.67,43.0,26.0,Warm
11046,1,8,6,1,0.0,0.0,0,0,133.0,133.0,3,0,0,0,0.0,0.0,1.5,68.0,18.5,Cold
11045,1,8,6,1,0.0,0.0,0,0,133.0,133.0,11,4,1,1,552.0,0.0,8.7,44.0,32.0,Warm
11044,1,8,6,1,0.0,0.0,0,0,133.0,133.0,20,2,0,0,242.0,0.0,4.16,52.0,26.0,Warm
11043,1,8,6,1,0.0,0.0,0,0,133.0,133.0,6,1,0,0,89.0,0.0,15.8,52.0,24.5,Warm
11042,1,8,6,1,0.0,0.0,0,0,133.0,133.0,8,1,0,0,0.0,0.0,11.71,49.0,22.5,Warm
11041,1,8,6,1,0.0,0.0,0,0,133.0,133.0,3,1,0,0,115.0,0.0,9.5,52.0,24.5,Warm
11040,1,8,6,1,0.0,0.0,0,0,133.0,133.0,12,1,0,0,146.0,0.0,7.18,52.0,24.5,Warm
11039,1,8,6,1,0.0,0.0,0,0,133.0,133.0,16,1,0,0,124.0,0.0,5.27,52.0,24.5,Warm
11038,1,8,6,1,0.0,0.0,0,0,133.0,133.0,14,4,0,1,176.0,0.0,6.69,44.0,34.0,Warm
11037,1,8,6,1,0.0,0.0,0,0,133.0,133.0,3,1,1,1,236.0,0.0,6.0,116.0,27.5,Warm
11036,1,8,6,1,0.0,0.0,0,0,133.0,133.0,9,0,0,0,0.0,0.0,7.62,70.0,21.0,Warm
11035,1,8,1,0,0.0,0.0,0,1,133.0,133.0,2,0,0,0,0.0,0.0,0.0,133.0,13.0,Cold
11034,1,8,3,8,90.0,100000.0,1,0,133.0,133.0,3,0,0,0,0.0,100000.0,0.0,133.0,22.0,Warm
11033,1,8,1,0,1000.0,100000000.0,1,1,133.0,133.0,2,0,0,0,0.0,100000000.0,0.0,133.0,19.0,Cold
11032,1,8,1,1,0.0,0.0,0,0,135.0,135.0,1,0,0,0,0.0,0.0,-1.0,131.0,13.5,Cold
11031,1,8,1,1,0.0,0.0,0,0,136.0,136.0,1,0,0,0,0.0,0.0,-1.0,92.0,13.5,Cold
11030,1,8,6,1,0.0,0.0,0,0,136.0,136.0,4,0,1,0,18.0,0.0,3.33,126.0,21.0,Warm
11029,1,8,1,1,0.0,0.0,0,0,136.0,136.0,1,0,0,0,0.0,0.0,-1.0,136.0,13.5,Cold
11027,1,8,6,1,0.0,0.0,0,0,136.0,136.0,2,1,0,0,0.0,0.0,19.0,116.0,24.5,Warm
11026,1,8,1,1,0.0,0.0,0,0,136.0,136.0,1,0,0,0,0.0,0.0,-1.0,136.0,13.5,Cold
11025,1,8,1,1,0.0,0.0,0,0,136.0,136.0,1,1,0,0,0.0,0.0,-1.0,136.0,17.5,Cold
11024,1,8,6,1,0.0,0.0,0,0,136.0,136.0,2,0,0,0,10.0,0.0,20.0,116.0,23.0,Warm
11023,1,8,2,0,0.0,0.0,0,1,136.0,136.0,4,2,3,0,0.0,0.0,28.0,52.0,15.4,Cold
11021,1,8,6,1,0.0,0.0,0,0,137.0,137.0,2,0,0,0,0.0,0.0,19.0,116.0,21.5,Warm
11020,1,8,1,1,0.0,0.0,0,0,137.0,137.0,3,0,2,0,0.0,0.0,4.0,128.0,11.5,Cold
11019,1,8,6,1,0.0,0.0,0,0,137.0,137.0,3,0,0,1,362.0,0.0,39.0,57.0,28.0,Warm
11018,1,8,1,1,0.0,0.0,0,0,137.0,137.0,1,0,0,0,0.0,0.0,-1.0,131.0,13.5,Cold
11017,1,8,1,1,0.0,0.0,0,0,137.0,137.0,2,1,0,0,0.0,0.0,7.0,129.0,17.5,Cold
11016,1,8,6,1,0.0,0.0,0,0,137.0,137.0,2,0,0,1,393.0,0.0,0.0,116.0,28.0,Warm
11015,1,8,1,1,0.0,0.0,0,0,137.0,137.0,3,1,0,1,492.0,0.0,0.0,131.0,24.5,Warm
11014,1,8,2,1,0.0,0.0,0,0,137.0,137.0,3,1,1,0,52.0,0.0,16.5,59.0,18.5,Cold
11013,1,8,6,1,0.0,0.0,0,0,137.0,137.0,4,0,2,0,32.0,0.0,5.0,43.0,21.0,Warm
11012,1,8,6,1,0.0,0.0,0,0,137.0,137.0,7,2,4,0,25.0,0.0,7.5,91.0,20.0,Cold
11011,1,8,1,1,0.0,0.0,0,0,137.0,137.0,3,1,0,1,160.0,0.0,9.5,116.0,24.5,Warm
11010,1,8,1,1,0.0,0.0,0,0,137.0,137.0,1,0,0,0,0.0,0.0,-1.0,136.0,13.5,Cold
11009,1,8,1,1,0.0,0.0,0,0,137.0,137.0,1,1,0,0,0.0,0.0,-1.0,135.0,17.5,Cold
11008,1,8,6,0,0.0,0.0,0,1,137.0,137.0,3,1,1,0,0.0,0.0,7.0,122.0,15.0,Cold
11007,1,8,2,0,0.0,0.0,0,1,137.0,137.0,3,0,0,0,115.0,0.0,0.5,62.0,16.0,Cold
11006,1,8,6,0,0.0,0.0,0,1,137.0,137.0,7,3,2,0,0.0,0.0,14.33,50.0,19.7,Cold
11005,1,8,1,1,0.0,0.0,0,0,137.0,137.0,2,1,0,0,0.0,0.0,19.0,116.0,19.5,Cold
11004,1,8,6,1,0.0,0.0,0,0,140.0,140.0,4,1,0,0,0.0,0.0,46.0,2.0,20.0,Cold
11003,1,8,6,1,0.0,0.0,0,0,140.0,140.0,2,2,0,0,0.0,0.0,0.0,140.0,27.0,Warm
11002,1,8,6,1,0.0,0.0,0,0,141.0,141.0,3,2,1,0,72.0,0.0,20.0,79.0,24.0,Warm
11001,1,8,6,1,0.0,0.0,0,0,141.0,141.0,2,0,0,1,215.0,0.0,0.0,59.0,28.0,Warm
11000,1,8,1,1,0.0,0.0,0,0,141.0,141.0,4,0,3,0,0.0,0.0,11.33,106.0,11.5,Cold
10999,1,8,2,0,0.0,0.0,0,1,141.0,141.0,3,1,0,0,131.0,0.0,4.0,63.0,17.5,Cold
10998,2,8,6,1,0.0,0.0,0,0,141.0,141.0,2,0,0,0,56.0,0.0,0.0,59.0,26.0,Warm
10997,1,8,1,1,0.0,0.0,0,0,141.0,141.0,1,0,0,0,0.0,0.0,-1.0,63.0,13.5,Cold
10995,1,8,1,1,0.0,0.0,0,0,141.0,141.0,3,3,2,0,48.0,0.0,11.5,117.0,18.5,Cold
10993,1,8,6,1,0.0,0.0,0,0,141.0,141.0,8,5,3,1,425.0,0.0,16.29,26.0,32.7,Warm
10991,1,8,1,1,0.0,0.0,0,0,141.0,141.0,2,0,0,0,74.0,0.0,0.0,136.0,18.0,Cold
10990,1,8,1,1,0.0,0.0,0,0,141.0,141.0,3,0,1,0,68.0,0.0,11.5,117.0,16.0,Cold
10988,1,8,2,1,0.0,0.0,0,0,141.0,141.0,2,1,1,0,34.0,0.0,0.0,58.0,18.5,Cold
10986,1,8,1,1,0.0,0.0,0,0,141.0,141.0,2,2,0,0,86.0,0.0,0.0,63.0,21.0,Warm
10985,1,8,6,1,0.0,0.0,0,0,141.0,141.0,2,2,0,0,42.0,0.0,0.0,140.0,26.0,Warm
10983,1,8,1,1,0.0,0.0,0,0,141.0,141.0,3,0,0,0,0.0,0.0,21.0,98.0,13.5,Cold
10981,1,8,1,1,0.0,0.0,0,0,141.0,141.0,3,0,1,0,103.0,0.0,2.5,135.0,16.0,Cold
10980,1,8,6,1,0.0,0.0,0,0,141.0,141.0,2,0,2,0,0.0,0.0,15.0,43.0,17.0,Cold
10978,1,8,2,0,0.0,0.0,0,1,141.0,141.0,3,1,2,0,44.0,0.0,44.0,52.0,14.7,Cold
10977,1,8,6,1,0.0,0.0,0,0,141.0,141.0,1,0,0,0,0.0,0.0,-1.0,58.0,19.0,Cold
10974,2,8,1,1,0.0,0.0,0,0,141.0,141.0,4,3,1,0,0.0,0.0,28.33,55.0,21.5,Warm
10972,1,8,1,1,0.0,0.0,0,0,141.0,141.0,2,1,1,0,79.0,0.0,0.0,63.0,17.5,Cold
10971,1,8,1,1,0.0,0.0,0,0,141.0,141.0,2,0,1,0,0.0,0.0,23.0,117.0,11.5,Cold
10970,1,8,1,1,0.0,0.0,0,0,141.0,141.0,3,0,0,1,729.0,0.0,20.5,86.0,23.0,Warm
10969,1,8,6,1,0.0,0.0,0,0,142.0,142.0,2,0,0,0,75.0,0.0,0.0,59.0,23.0,Warm
10968,1,8,6,1,0.0,0.0,0,0,142.0,142.0,3,0,3,0,0.0,0.0,8.0,42.0,17.0,Cold
10966,1,8,1,1,0.0,0.0,0,0,142.0,142.0,2,0,0,0,52.0,0.0,0.0,141.0,18.0,Cold
10965,1,8,6,1,0.0,0.0,0,0,142.0,142.0,2,0,1,0,0.0,0.0,24.0,117.0,19.0,Cold
10964,1,8,1,1,0.0,0.0,0,0,142.0,142.0,3,0,0,1,365.0,0.0,0.5,141.0,23.0,Warm
10961,1,8,1,1,0.0,0.0,0,0,142.0,142.0,1,0,0,0,0.0,0.0,-1.0,142.0,16.0,Cold
10960,1,8,2,1,0.0,0.0,0,0,143.0,143.0,2,1,0,1,259.0,0.0,0.0,58.0,25.5,Warm
10959,1,8,1,1,0.0,0.0,0,0,143.0,143.0,1,1,1,0,0.0,0.0,-1.0,142.0,13.0,Cold
10958,1,8,1,1,0.0,0.0,0,0,143.0,143.0,1,0,0,1,410.0,0.0,-1.0,62.0,23.0,Warm
10957,1,8,1,1,0.0,0.0,0,0,143.0,143.0,5,0,2,0,33.0,0.0,3.5,128.0,16.0,Cold
10956,1,8,2,1,0.0,0.0,0,0,143.0,143.0,2,1,0,1,134.0,0.0,0.0,58.0,25.5,Warm
10955,1,8,2,1,0.0,0.0,0,0,143.0,143.0,2,0,0,0,30.0,0.0,0.0,58.0,19.0,Cold
10953,1,8,6,0,0.0,0.0,0,1,143.0,143.0,6,1,2,1,288.0,0.0,18.8,48.0,23.7,Warm
10952,1,8,1,1,0.0,0.0,0,0,143.0,143.0,1,0,0,0,0.0,0.0,-1.0,63.0,16.0,Cold
10951,1,8,1,1,0.0,0.0,0,0,143.0,143.0,7,2,2,1,267.0,0.0,9.33,86.0,22.0,Warm
10949,1,8,2,0,0.0,0.0,0,1,143.0,143.0,1,0,0,0,0.0,0.0,-1.0,62.0,14.0,Cold
10948,1,8,6,1,0.0,0.0,0,0,143.0,143.0,7,1,2,0,40.0,0.0,6.0,106.0,22.5,Warm
10945,1,8,6,1,0.0,0.0,0,0,143.0,143.0,6,0,0,1,234.0,0.0,18.4,51.0,28.0,Warm
10942,1,8,1,1,0.0,0.0,0,0,143.0,143.0,1,0,0,0,0.0,0.0,-1.0,143.0,16.0,Cold
10940,1,8,1,1,0.0,0.0,0,0,143.0,143.0,2,1,1,0,0.0,0.0,26.0,117.0,15.5,Cold
10939,1,8,2,1,0.0,0.0,0,0,143.0,143.0,2,0,2,0,0.0,0.0,2.0,141.0,12.5,Cold
10938,1,8,1,1,0.0,0.0,0,0,143.0,143.0,1,0,0,0,32.0,0.0,-1.0,140.0,18.0,Cold
10937,1,8,6,1,0.0,0.0,0,0,143.0,143.0,6,0,1,0,0.0,0.0,18.2,52.0,19.0,Cold
10936,1,8,6,1,0.0,0.0,0,0,143.0,143.0,4,0,2,0,42.0,0.0,0.0,58.0,21.0,Warm
10935,1,8,2,0,0.0,0.0,0,1,143.0,143.0,4,0,1,0,36.0,0.0,30.33,52.0,14.0,Cold
10934,1,8,1,1,0.0,0.0,0,0,143.0,143.0,1,1,0,0,0.0,0.0,-1.0,143.0,17.5,Cold
10932,1,8,1,1,0.0,0.0,0,0,143.0,143.0,1,0,0,0,0.0,0.0,-1.0,143.0,13.5,Cold
10930,1,8,1,1,0.0,0.0,0,0,143.0,143.0,2,4,0,0,0.0,0.0,0.0,143.0,22.0,Warm
10929,1,8,6,1,0.0,0.0,0,0,143.0,143.0,5,1,2,0,0.0,0.0,23.0,51.0,20.5,Warm
10927,1,8,2,1,0.0,0.0,0,0,148.0,148.0,2,1,1,0,39.0,0.0,0.0,58.0,18.5,Cold
10926,1,8,1,1,0.0,0.0,0,0,148.0,148.0,1,0,0,0,0.0,0.0,-1.0,126.0,13.5,Cold
10925,1,8,0,1,0.0,0.0,0,0,148.0,148.0,2,0,0,0,65.0,0.0,0.0,71.0,20.0,Cold
10924,1,8,6,1,0.0,0.0,0,0,148.0,148.0,7,1,1,0,97.0,0.0,2.17,135.0,22.5,Warm
10922,1,8,1,1,0.0,0.0,0,0,148.0,148.0,1,1,0,0,0.0,0.0,-1.0,148.0,19.5,Cold
10921,1,8,1,1,0.0,0.0,0,0,148.0,148.0,1,0,0,0,0.0,0.0,-1.0,145.0,16.0,Cold
10920,1,8,1,1,0.0,0.0,0,0,148.0,148.0,2,0,0,0,26.0,0.0,0.0,148.0,18.0,Cold
10919,1,8,2,1,0.0,0.0,0,0,148.0,148.0,2,0,0,0,14.0,0.0,0.0,58.0,19.0,Cold
10918,1,8,1,1,0.0,0.0,0,0,148.0,148.0,1,0,0,0,0.0,0.0,-1.0,126.0,16.0,Cold
10917,1,8,1,1,0.0,0.0,0,0,148.0,148.0,2,0,0,0,107.0,0.0,0.0,148.0,18.0,Cold
10915,1,8,1,1,0.0,0.0,0,0,148.0,148.0,1,0,0,0,56.0,0.0,-1.0,148.0,18.0,Cold
10914,1,8,1,1,0.0,0.0,0,0,148.0,148.0,1,0,0,0,0.0,0.0,-1.0,126.0,13.5,Cold
10913,1,8,6,1,0.0,0.0,0,0,148.0,148.0,3,1,1,0,0.0,0.0,1.5,145.0,20.5,Warm
10912,1,8,8,1,0.0,0.0,0,0,148.0,148.0,1,0,0,0,0.0,0.0,-1.0,94.0,21.5,Warm
10911,1,8,1,1,0.0,0.0,0,0,148.0,148.0,1,0,0,0,0.0,0.0,-1.0,148.0,16.5,Cold
10910,1,8,1,1,0.0,0.0,0,0,148.0,148.0,2,0,0,0,68.0,0.0,0.0,126.0,18.0,Cold
10909,1,8,6,0,0.0,0.0,0,1,148.0,148.0,3,1,0,1,221.0,0.0,2.5,143.0,26.5,Warm
10908,1,8,1,1,0.0,0.0,0,0,148.0,148.0,1,0,0,0,0.0,0.0,-1.0,148.0,16.5,Cold
10906,1,8,1,1,0.0,0.0,0,0,148.0,148.0,2,0,0,1,155.0,0.0,0.0,126.0,23.0,Warm
10905,1,8,1,1,0.0,0.0,0,0,148.0,148.0,1,0,0,0,0.0,0.0,-1.0,148.0,14.0,Cold
10904,1,8,2,1,0.0,0.0,0,0,148.0,148.0,6,2,3,0,0.0,0.0,4.2,127.0,16.0,Cold
10903,1,8,1,1,0.0,0.0,0,0,148.0,148.0,1,2,0,0,0.0,0.0,-1.0,70.0,19.0,Cold
10902,1,8,6,1,0.0,0.0,0,0,148.0,148.0,5,2,1,1,124.0,0.0,11.75,101.0,29.0,Warm
10901,1,8,1,1,0.0,0.0,0,0,148.0,148.0,1,0,0,0,10.0,0.0,-1.0,148.0,18.0,Cold
10900,1,8,1,1,0.0,0.0,0,0,149.0,149.0,1,0,0,0,0.0,0.0,-1.0,149.0,14.0,Cold
10899,1,8,6,1,0.0,0.0,0,0,149.0,149.0,4,1,0,1,1736.0,0.0,30.67,57.0,29.5,Warm
10898,1,8,1,1,0.0,0.0,0,0,149.0,149.0,1,1,0,0,0.0,0.0,-1.0,148.0,18.0,Cold
10897,1,8,6,1,0.0,0.0,0,0,149.0,149.0,3,0,0,0,155.0,0.0,0.0,59.0,23.0,Warm
10895,1,8,2,1,0.0,0.0,0,0,149.0,149.0,3,5,0,0,0.0,0.0,0.0,149.0,24.5,Warm
10894,1,8,1,1,0.0,0.0,0,0,149.0,149.0,2,0,0,1,252.0,0.0,1.0,148.0,23.0,Warm
10893,1,8,1,1,0.0,0.0,0,0,149.0,149.0,2,0,2,0,0.0,0.0,3.0,146.0,11.5,Cold
10892,1,8,6,1,0.0,0.0,0,0,150.0,150.0,2,1,0,0,41.0,0.0,0.0,149.0,24.5,Warm
10891,1,8,1,1,0.0,0.0,0,0,151.0,151.0,2,1,1,0,70.0,0.0,0.0,150.0,17.5,Cold
10890,1,8,1,1,0.0,0.0,0,0,151.0,151.0,1,0,0,0,0.0,0.0,-1.0,125.0,13.5,Cold
10889,1,8,2,1,0.0,0.0,0,0,151.0,151.0,1,0,1,0,0.0,0.0,-1.0,148.0,12.5,Cold
10888,1,8,1,1,0.0,0.0,0,0,151.0,151.0,2,0,0,0,39.0,0.0,0.0,150.0,18.0,Cold
10886,1,8,1,1,0.0,0.0,0,0,151.0,151.0,2,0,0,0,26.0,0.0,0.0,150.0,18.0,Cold
10885,1,8,1,1,0.0,0.0,0,0,151.0,151.0,2,0,0,0,20.0,0.0,1.0,124.0,18.0,Cold
10884,1,8,1,1,0.0,0.0,0,0,151.0,151.0,2,1,1,0,22.0,0.0,0.0,150.0,17.5,Cold
10883,1,8,1,1,0.0,0.0,0,0,151.0,151.0,3,1,1,1,386.0,0.0,1.0,148.0,22.5,Warm
10882,1,8,2,1,0.0,0.0,0,0,151.0,151.0,7,3,2,0,90.0,0.0,4.67,120.0,19.5,Cold
10881,1,8,1,1,0.0,0.0,0,0,151.0,151.0,2,0,0,0,54.0,0.0,0.0,150.0,18.0,Cold
10880,1,8,1,1,0.0,0.0,0,0,151.0,151.0,2,0,0,0,85.0,0.0,1.0,124.0,18.0,Cold
10879,1,8,2,1,0.0,0.0,0,0,151.0,151.0,1,0,0,0,0.0,0.0,-1.0,148.0,14.5,Cold
10878,1,8,1,1,0.0,0.0,0,0,151.0,151.0,1,0,1,0,0.0,0.0,-1.0,150.0,11.5,Cold
10877,1,8,1,1,0.0,0.0,0,0,151.0,151.0,1,0,0,0,0.0,0.0,-1.0,150.0,18.0,Cold
10876,1,8,2,1,0.0,0.0,0,0,151.0,151.0,1,0,0,0,0.0,0.0,-1.0,148.0,17.0,Cold
10875,1,8,1,1,0.0,0.0,0,0,151.0,151.0,1,0,0,0,79.0,0.0,-1.0,150.0,18.0,Cold
10874,1,8,1,1,0.0,0.0,0,0,151.0,151.0,2,0,0,1,172.0,0.0,0.0,150.0,23.0,Warm
10873,1,8,1,1,0.0,0.0,0,0,151.0,151.0,1,0,0,0,0.0,0.0,-1.0,125.0,13.5,Cold
10871,1,8,1,1,0.0,0.0,0,0,151.0,151.0,2,0,0,0,58.0,0.0,0.0,150.0,18.0,Cold
10870,1,8,1,1,0.0,0.0,0,0,151.0,151.0,1,1,1,0,0.0,0.0,-1.0,150.0,17.5,Cold
10868,1,8,1,1,0.0,0.0,0,0,151.0,151.0,4,0,1,0,76.0,0.0,3.0,141.0,16.0,Cold
10867,1,8,1,1,0.0,0.0,0,0,151.0,151.0,1,0,0,0,0.0,0.0,-1.0,125.0,13.5,Cold
10865,1,8,1,1,0.0,0.0,0,0,151.0,151.0,3,0,0,1,612.0,0.0,0.5,149.0,23.0,Warm
10864,1,8,2,1,0.0,0.0,0,0,151.0,151.0,1,0,0,0,0.0,0.0,-1.0,125.0,17.0,Cold
10863,1,8,1,1,0.0,0.0,0,0,151.0,151.0,1,0,0,0,0.0,0.0,-1.0,150.0,16.0,Cold
10862,1,8,1,1,0.0,0.0,0,0,151.0,151.0,1,0,0,1,185.0,0.0,-1.0,150.0,23.0,Warm
10860,1,8,1,1,0.0,0.0,0,0,151.0,151.0,2,0,0,1,543.0,0.0,0.0,124.0,23.0,Warm
10859,1,8,1,1,0.0,0.0,0,0,151.0,151.0,2,0,1,0,33.0,0.0,0.0,150.0,16.0,Cold
10858,1,8,1,1,0.0,0.0,0,0,151.0,151.0,2,1,0,0,13.0,0.0,0.0,150.0,19.5,Cold
10856,1,8,1,1,0.0,0.0,0,0,151.0,151.0,2,0,0,0,35.0,0.0,2.0,127.0,18.0,Cold
10855,1,8,6,1,0.0,0.0,0,0,151.0,151.0,2,1,0,0,0.0,0.0,93.0,57.0,24.5,Warm
10854,1,8,2,1,0.0,0.0,0,0,151.0,151.0,2,0,0,0,0.0,0.0,2.0,148.0,14.5,Cold
10853,1,8,6,1,0.0,0.0,0,0,151.0,151.0,2,1,0,0,0.0,0.0,93.0,57.0,24.5,Warm
10852,1,8,1,1,0.0,0.0,0,0,152.0,152.0,1,0,1,0,0.0,0.0,-1.0,152.0,11.5,Cold
10851,1,8,1,1,0.0,0.0,0,0,152.0,152.0,3,1,0,1,275.0,0.0,0.0,152.0,24.5,Warm
10850,1,8,1,1,0.0,0.0,0,0,152.0,152.0,2,0,0,0,27.0,0.0,0.0,152.0,18.0,Cold
10849,1,8,1,1,0.0,0.0,0,0,152.0,152.0,1,0,0,0,12.0,0.0,-1.0,152.0,18.0,Cold
10848,1,8,1,1,0.0,0.0,0,0,152.0,152.0,1,0,0,0,0.0,0.0,-1.0,152.0,13.5,Cold
10847,1,8,1,1,0.0,0.0,0,0,152.0,152.0,1,0,0,0,0.0,0.0,-1.0,152.0,16.0,Cold
10846,1,8,1,1,0.0,0.0,0,0,152.0,152.0,2,0,0,0,24.0,0.0,0.0,152.0,18.0,Cold
10845,1,8,1,1,0.0,0.0,0,0,152.0,152.0,14,2,0,1,1080.0,0.0,1.85,128.0,26.0,Warm
10844,1,8,1,1,0.0,0.0,0,0,152.0,152.0,1,0,0,0,0.0,0.0,-1.0,152.0,16.5,Cold
10843,1,8,6,1,0.0,0.0,0,0,152.0,152.0,3,1,0,0,0.0,0.0,23.0,106.0,22.5,Warm
10841,1,8,1,1,0.0,0.0,0,0,152.0,152.0,1,0,0,0,0.0,0.0,-1.0,152.0,13.5,Cold
10840,1,8,2,1,0.0,0.0,0,0,152.0,152.0,2,0,0,0,0.0,0.0,0.0,152.0,17.0,Cold
10839,1,8,1,1,0.0,0.0,0,0,152.0,152.0,4,0,0,1,936.0,0.0,7.0,131.0,23.0,Warm
10838,1,8,2,1,0.0,0.0,0,0,152.0,152.0,2,2,0,0,0.0,0.0,4.0,148.0,20.0,Cold
10837,1,8,6,1,0.0,0.0,0,0,152.0,152.0,9,6,2,1,816.0,0.0,12.62,51.0,35.0,Warm
10836,1,8,1,1,0.0,0.0,0,0,152.0,152.0,1,0,0,0,0.0,0.0,-1.0,152.0,13.5,Cold
10834,1,8,1,1,0.0,0.0,0,0,152.0,152.0,1,0,0,0,0.0,0.0,-1.0,152.0,13.5,Cold
10833,1,8,1,1,0.0,0.0,0,0,152.0,152.0,2,0,0,1,679.0,0.0,0.0,152.0,23.0,Warm
10832,1,8,1,1,0.0,0.0,0,0,152.0,152.0,1,0,0,0,0.0,0.0,-1.0,152.0,13.5,Cold
10831,1,8,1,1,0.0,0.0,0,0,152.0,152.0,1,0,0,0,0.0,0.0,-1.0,152.0,18.0,Cold
10830,1,8,1,1,0.0,0.0,0,0,152.0,152.0,2,0,0,1,431.0,0.0,0.0,152.0,23.0,Warm
10829,1,8,1,1,0.0,0.0,0,0,152.0,152.0,3,2,0,1,305.0,0.0,1.0,150.0,29.0,Warm
10828,1,8,6,1,0.0,0.0,0,0,154.0,154.0,1,0,0,0,0.0,0.0,-1.0,57.0,18.5,Cold
10827,1,8,1,1,0.0,0.0,0,0,154.0,154.0,1,0,0,0,17.0,0.0,-1.0,154.0,18.0,Cold
10826,1,8,2,1,0.0,0.0,0,0,154.0,154.0,1,2,0,0,0.0,0.0,-1.0,154.0,20.0,Cold
10825,1,8,6,1,0.0,0.0,0,0,154.0,154.0,2,0,0,0,0.0,0.0,97.0,57.0,21.5,Warm
10824,1,8,1,1,0.0,0.0,0,0,154.0,154.0,4,1,0,0,51.0,0.0,1.33,150.0,19.5,Cold
10823,1,8,1,1,0.0,0.0,0,0,154.0,154.0,2,0,0,1,235.0,0.0,0.0,154.0,23.0,Warm
10822,1,8,2,1,0.0,0.0,0,0,154.0,154.0,2,3,0,0,0.0,0.0,2.0,152.0,21.5,Warm
10821,1,8,1,1,0.0,0.0,0,0,154.0,154.0,2,0,0,0,0.0,0.0,0.0,154.0,16.0,Cold
10820,1,8,1,1,0.0,0.0,0,0,154.0,154.0,3,1,0,0,120.0,0.0,2.0,150.0,19.5,Cold
10819,1,8,1,1,0.0,0.0,0,0,154.0,154.0,1,0,0,0,0.0,0.0,-1.0,154.0,14.0,Cold
10818,1,8,2,1,0.0,0.0,0,0,154.0,154.0,1,0,0,0,0.0,0.0,-1.0,154.0,17.0,Cold
10817,1,8,5,1,0.0,0.0,0,0,154.0,154.0,4,2,0,1,370.0,0.0,0.67,152.0,31.0,Warm
10816,1,8,6,1,0.0,0.0,0,0,154.0,154.0,5,3,2,0,42.0,0.0,4.75,135.0,25.5,Warm
10815,1,8,6,1,0.0,0.0,0,0,155.0,155.0,7,2,3,0,0.0,0.0,17.33,51.0,20.0,Cold
10813,1,8,2,1,0.0,0.0,0,0,155.0,155.0,1,2,0,0,0.0,0.0,-1.0,154.0,20.0,Cold
10812,1,8,1,1,0.0,0.0,0,0,155.0,155.0,1,0,0,0,0.0,0.0,-1.0,155.0,16.5,Cold
10811,1,8,6,1,0.0,0.0,0,0,155.0,155.0,2,1,0,0,24.0,0.0,0.0,149.0,24.5,Warm
10810,1,8,1,1,0.0,0.0,0,0,155.0,155.0,2,1,0,0,115.0,0.0,0.0,155.0,19.5,Cold
10809,1,8,1,1,0.0,0.0,0,0,155.0,155.0,2,0,0,1,173.0,0.0,0.0,155.0,23.0,Warm
10808,1,8,1,1,0.0,0.0,0,0,155.0,155.0,1,0,0,0,0.0,0.0,-1.0,155.0,13.5,Cold
10807,1,8,1,1,0.0,0.0,0,0,155.0,155.0,1,2,0,0,0.0,0.0,-1.0,155.0,19.0,Cold
10806,1,8,1,1,0.0,0.0,0,0,155.0,155.0,2,0,0,1,572.0,0.0,0.0,152.0,23.0,Warm
10805,1,8,1,1,0.0,0.0,0,0,155.0,155.0,1,0,0,0,0.0,0.0,-1.0,155.0,18.0,Cold
10804,1,8,1,1,0.0,0.0,0,0,155.0,155.0,1,0,0,0,0.0,0.0,-1.0,155.0,13.5,Cold
10803,1,8,2,1,0.0,0.0,0,0,155.0,155.0,1,1,0,0,0.0,0.0,-1.0,155.0,18.5,Cold
10802,1,8,1,1,0.0,0.0,0,0,155.0,155.0,1,1,1,0,0.0,0.0,-1.0,155.0,13.0,Cold
10801,1,8,1,1,0.0,0.0,0,0,155.0,155.0,1,0,0,0,0.0,0.0,-1.0,155.0,14.0,Cold
10800,1,8,1,1,0.0,0.0,0,0,155.0,155.0,1,0,0,0,0.0,0.0,-1.0,154.0,13.5,Cold
10799,1,8,1,1,0.0,0.0,0,0,155.0,155.0,3,1,0,1,304.0,0.0,0.0,155.0,24.5,Warm
10798,1,8,6,1,0.0,0.0,0,0,155.0,155.0,4,1,1,0,0.0,0.0,7.0,134.0,20.5,Warm
10797,1,8,1,1,0.0,0.0,0,0,155.0,155.0,1,0,0,0,0.0,0.0,-1.0,154.0,13.5,Cold
10796,1,8,1,1,0.0,0.0,0,0,155.0,155.0,1,0,0,0,0.0,0.0,-1.0,155.0,18.0,Cold
10795,1,8,1,1,0.0,0.0,0,0,155.0,155.0,2,3,0,0,0.0,0.0,5.0,150.0,20.5,Warm
10794,1,8,1,1,0.0,0.0,0,0,155.0,155.0,2,1,0,1,399.0,0.0,0.0,155.0,24.5,Warm
10792,1,8,1,1,0.0,0.0,0,0,155.0,155.0,1,0,0,0,0.0,0.0,-1.0,155.0,13.5,Cold
10791,1,8,1,1,0.0,0.0,0,0,155.0,155.0,1,0,0,0,0.0,0.0,-1.0,154.0,16.0,Cold
10790,1,8,1,1,0.0,0.0,0,0,155.0,155.0,4,1,0,1,590.0,0.0,0.33,154.0,24.5,Warm
10789,1,8,1,1,0.0,0.0,0,0,155.0,155.0,1,0,0,1,1097.0,0.0,-1.0,155.0,23.0,Warm
10788,1,8,2,1,0.0,0.0,0,0,155.0,155.0,6,3,4,1,787.0,0.0,20.8,51.0,24.5,Warm
10787,1,8,1,1,0.0,0.0,0,0,155.0,155.0,1,0,0,0,0.0,0.0,-1.0,155.0,16.5,Cold
10786,1,8,1,1,0.0,0.0,0,0,155.0,155.0,1,0,0,0,0.0,0.0,-1.0,155.0,16.0,Cold
10785,1,8,6,1,0.0,0.0,0,0,155.0,155.0,3,0,0,1,603.0,0.0,49.0,57.0,28.0,Warm
10784,1,8,1,1,0.0,0.0,0,0,155.0,155.0,1,0,1,0,0.0,0.0,-1.0,155.0,11.5,Cold
10783,1,8,6,1,0.0,0.0,0,0,156.0,156.0,2,1,0,0,0.0,0.0,154.0,2.0,25.5,Warm
10782,1,8,6,1,0.0,0.0,0,0,156.0,156.0,4,1,2,0,0.0,0.0,2.0,150.0,18.0,Cold
10781,1,8,1,1,0.0,0.0,0,0,156.0,156.0,1,1,0,0,0.0,0.0,-1.0,155.0,18.0,Cold
10780,1,8,1,1,0.0,0.0,0,0,156.0,156.0,1,0,0,0,0.0,0.0,-1.0,156.0,13.5,Cold
10779,1,8,1,1,0.0,0.0,0,0,156.0,156.0,1,1,1,0,0.0,0.0,-1.0,156.0,13.0,Cold
10778,1,8,2,1,0.0,0.0,0,0,156.0,156.0,2,0,0,0,0.0,0.0,99.0,57.0,17.0,Cold
10777,1,8,1,1,0.0,0.0,0,0,156.0,156.0,2,0,0,1,273.0,0.0,0.0,156.0,23.0,Warm
10776,1,8,1,1,0.0,0.0,0,0,156.0,156.0,1,0,0,0,0.0,0.0,-1.0,156.0,13.5,Cold
10775,1,8,1,1,0.0,0.0,0,0,156.0,156.0,1,0,1,0,0.0,0.0,-1.0,156.0,11.5,Cold
10774,1,8,2,1,0.0,0.0,0,0,156.0,156.0,10,1,7,0,13.0,0.0,3.11,128.0,18.5,Cold
10773,1,8,1,1,0.0,0.0,0,0,156.0,156.0,1,0,0,0,0.0,0.0,-1.0,156.0,16.0,Cold
10772,1,8,6,0,0.0,0.0,0,1,156.0,156.0,16,7,7,1,419.0,0.0,7.53,43.0,37.5,Warm
10771,1,8,1,1,0.0,0.0,0,0,156.0,156.0,1,1,0,0,0.0,0.0,-1.0,156.0,17.5,Cold
10770,1,8,1,1,0.0,0.0,0,0,156.0,156.0,1,0,0,0,0.0,0.0,-1.0,156.0,16.0,Cold
10769,1,8,1,1,0.0,0.0,0,0,156.0,156.0,1,0,0,0,0.0,0.0,-1.0,156.0,13.5,Cold
10768,1,8,1,1,0.0,0.0,0,0,156.0,156.0,2,0,1,0,0.0,0.0,3.0,153.0,14.0,Cold
10767,1,8,1,1,0.0,0.0,0,0,156.0,156.0,2,0,0,1,209.0,0.0,0.0,156.0,23.0,Warm
10766,1,8,1,1,0.0,0.0,0,0,156.0,156.0,1,0,0,0,0.0,0.0,-1.0,156.0,16.0,Cold
10765,1,8,6,1,0.0,0.0,0,0,156.0,156.0,4,0,0,0,0.0,0.0,43.33,26.0,18.5,Cold
10764,1,8,6,1,0.0,0.0,0,0,157.0,157.0,5,2,3,0,0.0,0.0,5.0,136.0,20.0,Cold
10763,1,8,1,1,0.0,0.0,0,0,157.0,157.0,1,0,1,0,0.0,0.0,-1.0,156.0,11.5,Cold
10762,1,8,2,1,0.0,0.0,0,0,157.0,157.0,1,0,0,0,0.0,0.0,-1.0,157.0,17.0,Cold
10761,1,8,1,1,0.0,0.0,0,0,157.0,157.0,1,0,0,0,0.0,0.0,-1.0,156.0,16.0,Cold
10760,1,8,2,1,0.0,0.0,0,0,157.0,157.0,2,2,0,0,0.0,0.0,1.0,156.0,20.0,Cold
10759,1,8,6,1,0.0,0.0,0,0,157.0,157.0,3,1,1,0,55.0,0.0,1.5,153.0,22.5,Warm
10758,1,8,1,1,0.0,0.0,0,0,157.0,157.0,1,0,0,0,0.0,0.0,-1.0,156.0,13.5,Cold
10757,1,8,1,1,0.0,0.0,0,0,157.0,157.0,1,0,0,0,0.0,0.0,-1.0,157.0,16.0,Cold
10756,1,8,1,1,0.0,0.0,0,0,157.0,157.0,1,1,0,0,0.0,0.0,-1.0,157.0,17.5,Cold
10755,1,8,1,1,0.0,0.0,0,0,157.0,157.0,1,0,0,0,0.0,0.0,-1.0,157.0,13.5,Cold
10754,1,8,2,1,0.0,0.0,0,0,157.0,157.0,3,1,1,0,47.0,0.0,0.0,57.0,18.5,Cold
10753,1,8,2,1,0.0,0.0,0,0,157.0,157.0,1,0,0,0,0.0,0.0,-1.0,157.0,17.0,Cold
10752,1,8,1,1,0.0,0.0,0,0,157.0,157.0,4,1,2,1,147.0,0.0,10.0,127.0,20.5,Warm
10751,1,8,2,1,0.0,0.0,0,0,157.0,157.0,1,0,0,0,0.0,0.0,-1.0,157.0,17.0,Cold
10750,1,8,1,1,0.0,0.0,0,0,157.0,157.0,1,0,1,0,0.0,0.0,-1.0,157.0,11.5,Cold
10749,1,8,2,1,0.0,0.0,0,0,157.0,157.0,3,2,0,0,0.0,0.0,0.0,157.0,20.0,Cold
10748,1,8,6,0,0.0,0.0,0,1,157.0,157.0,9,5,7,1,249.0,0.0,13.5,49.0,27.7,Warm
10747,1,8,1,1,0.0,0.0,0,0,157.0,157.0,4,0,0,1,151.0,0.0,0.67,155.0,23.0,Warm
10746,1,8,1,1,0.0,0.0,0,0,157.0,157.0,3,3,0,1,211.0,0.0,2.5,152.0,27.5,Warm
10745,1,8,2,1,0.0,0.0,0,0,157.0,157.0,4,4,0,0,0.0,0.0,0.67,155.0,23.0,Warm
10744,1,8,6,0,0.0,0.0,0,1,157.0,157.0,5,3,1,0,0.0,0.0,5.25,136.0,20.5,Warm
10743,1,8,1,1,0.0,0.0,0,0,157.0,157.0,2,1,2,0,0.0,0.0,2.0,155.0,13.0,Cold
10742,1,8,6,1,0.0,0.0,0,0,158.0,158.0,1,1,0,0,0.0,0.0,-1.0,158.0,25.5,Warm
10741,1,8,6,1,0.0,0.0,0,0,158.0,158.0,3,2,0,0,0.0,0.0,78.0,2.0,27.0,Warm
10740,1,8,1,1,0.0,0.0,0,0,160.0,160.0,2,1,0,0,0.0,0.0,158.0,2.0,20.5,Warm
10739,1,8,6,1,0.0,0.0,0,0,160.0,160.0,7,2,0,0,0.0,0.0,26.33,2.0,27.0,Warm
10738,1,8,1,1,0.0,0.0,0,0,161.0,161.0,3,0,0,1,361.0,0.0,21.0,118.0,23.0,Warm
10737,1,8,1,1,0.0,0.0,0,0,161.0,161.0,3,3,0,0,0.0,0.0,3.5,150.0,20.5,Warm
10736,1,8,1,1,0.0,0.0,0,0,161.0,161.0,1,0,0,0,0.0,0.0,-1.0,160.0,16.0,Cold
10735,1,8,2,1,0.0,0.0,0,0,161.0,161.0,3,2,0,0,0.0,0.0,0.5,155.0,20.0,Cold
10734,1,8,2,1,0.0,0.0,0,0,161.0,161.0,2,0,0,0,0.0,0.0,0.0,156.0,17.0,Cold
10733,1,8,6,1,0.0,0.0,0,0,161.0,161.0,10,4,1,0,0.0,0.0,7.78,91.0,25.0,Warm
10732,1,8,1,1,0.0,0.0,0,0,161.0,161.0,2,0,0,0,0.0,0.0,1.0,155.0,16.0,Cold
10731,1,8,1,1,0.0,0.0,0,0,161.0,161.0,1,0,0,0,0.0,0.0,-1.0,161.0,13.5,Cold
10730,1,8,6,1,0.0,0.0,0,0,162.0,162.0,3,0,0,0,0.0,0.0,35.0,92.0,21.0,Warm
10729,1,8,1,1,0.0,0.0,0,0,162.0,162.0,3,0,0,0,58.0,0.0,80.0,2.0,18.0,Cold
10728,1,8,1,1,0.0,0.0,0,0,163.0,163.0,3,2,0,0,0.0,0.0,80.5,2.0,22.0,Warm
10727,1,8,6,1,0.0,0.0,0,0,163.0,163.0,4,3,1,0,0.0,0.0,4.33,150.0,23.5,Warm
10726,1,8,1,1,0.0,0.0,0,0,163.0,163.0,1,2,0,0,0.0,0.0,-1.0,163.0,20.2,Warm
10725,1,8,6,1,0.0,0.0,0,0,163.0,163.0,11,4,3,1,501.0,0.0,11.2,51.0,30.0,Warm
10724,1,8,1,1,0.0,0.0,0,0,163.0,163.0,2,0,0,0,0.0,0.0,8.0,155.0,16.0,Cold
10723,1,8,1,0,0.0,0.0,0,1,163.0,163.0,3,1,2,0,0.0,0.0,60.5,42.0,11.7,Cold
10722,1,8,1,1,0.0,0.0,0,0,163.0,163.0,3,0,0,1,238.0,0.0,0.0,161.0,23.0,Warm
10721,1,8,1,1,0.0,0.0,0,0,163.0,163.0,1,0,1,0,0.0,0.0,-1.0,161.0,11.5,Cold
10720,1,8,1,1,0.0,0.0,0,0,163.0,163.0,2,0,1,0,0.0,0.0,2.0,161.0,11.5,Cold
10719,1,8,6,0,0.0,0.0,0,1,163.0,163.0,10,5,3,1,312.0,0.0,13.33,43.0,27.7,Warm
10718,1,8,1,1,0.0,0.0,0,0,163.0,163.0,1,0,0,0,0.0,0.0,-1.0,163.0,13.5,Cold
10717,1,8,1,1,0.0,0.0,0,0,163.0,163.0,2,0,0,0,0.0,0.0,0.0,161.0,16.0,Cold
10716,1,8,6,0,0.0,0.0,0,1,163.0,163.0,10,3,4,1,513.0,0.0,12.33,52.0,26.7,Warm
10715,1,8,1,1,0.0,0.0,0,0,163.0,163.0,1,0,0,0,0.0,0.0,-1.0,161.0,13.5,Cold
10714,1,8,1,1,0.0,0.0,0,0,163.0,163.0,3,1,0,1,402.0,0.0,0.0,161.0,24.5,Warm
10713,1,8,6,1,0.0,0.0,0,0,163.0,163.0,8,3,3,1,392.0,0.0,4.86,129.0,28.5,Warm
10712,1,8,2,1,0.0,0.0,0,0,163.0,163.0,2,4,0,0,0.0,0.0,0.0,163.0,23.0,Warm
10711,1,8,2,1,0.0,0.0,0,0,164.0,164.0,3,2,0,0,0.0,0.0,53.0,57.0,21.2,Warm
10710,1,8,6,1,0.0,0.0,0,0,165.0,165.0,4,3,0,0,0.0,0.0,54.33,2.0,28.5,Warm
10709,1,8,6,1,0.0,0.0,0,0,168.0,168.0,11,2,3,1,330.0,0.0,4.0,128.0,29.0,Warm
10708,1,8,1,1,0.0,0.0,0,0,168.0,168.0,2,0,0,1,247.0,0.0,0.0,168.0,23.0,Warm
10707,1,8,6,1,0.0,0.0,0,0,168.0,168.0,10,1,3,0,168.0,0.0,3.0,141.0,22.5,Warm
10706,1,8,1,1,0.0,0.0,0,0,168.0,168.0,2,1,0,1,189.0,0.0,0.0,168.0,24.5,Warm
10705,1,8,1,1,0.0,0.0,0,0,168.0,168.0,2,3,0,0,0.0,0.0,4.0,164.0,20.5,Warm
10704,1,8,6,0,0.0,0.0,0,1,168.0,168.0,15,6,5,0,220.0,0.0,8.86,44.0,26.2,Warm
10703,1,8,2,1,0.0,0.0,0,0,168.0,168.0,5,1,3,0,0.0,0.0,29.25,51.0,13.0,Cold
10702,1,8,6,1,0.0,0.0,0,0,168.0,168.0,3,2,0,1,164.0,0.0,4.0,160.0,34.0,Warm
10701,1,8,6,1,0.0,0.0,0,0,168.0,168.0,3,0,2,0,0.0,0.0,6.0,156.0,19.0,Cold
10700,1,8,6,1,0.0,0.0,0,0,168.0,168.0,4,3,2,1,240.0,0.0,1.33,164.0,28.5,Warm
10699,1,8,6,1,0.0,0.0,0,0,168.0,168.0,5,6,1,0,86.0,0.0,11.5,122.0,30.0,Warm
10698,1,8,6,1,0.0,0.0,0,0,168.0,168.0,6,1,3,0,37.0,0.0,3.2,152.0,22.5,Warm
10697,1,8,6,1,0.0,0.0,0,0,168.0,168.0,3,0,3,0,0.0,0.0,5.5,157.0,17.0,Cold
10696,1,8,1,1,0.0,0.0,0,0,168.0,168.0,1,2,0,0,0.0,0.0,-1.0,168.0,19.0,Cold
10695,1,8,1,1,0.0,0.0,0,0,168.0,168.0,2,0,2,0,0.0,0.0,2.0,166.0,14.0,Cold
10694,1,8,6,1,0.0,0.0,0,0,169.0,169.0,5,3,0,0,64.0,0.0,41.75,2.0,30.5,Warm
10693,1,8,6,1,0.0,0.0,0,0,156.0,169.0,9,5,0,0,31.0,0.0,5.25,127.0,33.5,Warm
10692,1,8,6,1,0.0,0.0,0,0,170.0,170.0,6,4,0,0,0.0,0.0,22.6,57.0,32.0,Warm
10691,1,8,6,1,0.0,0.0,0,0,170.0,170.0,4,3,0,0,0.0,0.0,30.33,79.0,29.0,Warm
10690,1,8,8,8,0.0,0.0,0,0,171.0,171.0,1,1,0,0,0.0,0.0,-1.0,171.0,24.5,Warm
10689,1,8,6,1,0.0,0.0,0,0,171.0,171.0,4,0,0,0,0.0,0.0,38.33,56.0,24.0,Warm
10688,1,8,1,1,0.0,0.0,0,0,172.0,172.0,3,0,0,0,0.0,0.0,85.0,2.0,19.0,Cold
10687,1,8,8,1,0.0,0.0,0,0,172.0,172.0,3,2,0,0,42.0,0.0,5.5,161.0,33.0,Warm
10686,1,8,1,1,0.0,0.0,0,0,172.0,172.0,3,1,0,0,0.0,0.0,85.0,2.0,20.5,Warm
10685,1,8,6,1,0.0,0.0,0,0,172.0,172.0,6,2,0,1,189.0,0.0,34.0,2.0,34.0,Warm
10684,1,8,1,1,0.0,0.0,0,0,175.0,175.0,1,0,1,0,0.0,0.0,-1.0,175.0,11.5,Cold
10683,1,8,1,1,0.0,0.0,0,0,175.0,175.0,1,1,0,0,0.0,0.0,-1.0,175.0,17.5,Cold
10682,1,8,6,1,0.0,0.0,0,0,175.0,175.0,3,1,1,0,0.0,0.0,2.0,171.0,20.5,Warm
10681,1,8,1,1,0.0,0.0,0,0,175.0,175.0,1,0,0,0,0.0,0.0,-1.0,175.0,13.5,Cold
10680,1,8,1,1,0.0,0.0,0,0,175.0,175.0,1,0,0,0,0.0,0.0,-1.0,175.0,13.5,Cold
10679,1,8,1,1,0.0,0.0,0,0,175.0,175.0,1,0,0,0,0.0,0.0,-1.0,175.0,13.5,Cold
10678,1,8,6,1,0.0,0.0,0,0,175.0,175.0,3,1,1,0,0.0,0.0,2.0,171.0,20.5,Warm
10677,1,8,1,1,0.0,0.0,0,0,175.0,175.0,1,0,0,0,0.0,0.0,-1.0,175.0,13.5,Cold
10676,1,8,1,1,0.0,0.0,0,0,175.0,175.0,1,0,0,0,0.0,0.0,-1.0,175.0,16.0,Cold
10675,1,8,1,1,0.0,0.0,0,0,175.0,175.0,1,0,0,0,0.0,0.0,-1.0,175.0,13.5,Cold
10674,1,8,6,0,0.0,0.0,0,1,175.0,175.0,4,1,0,0,0.0,0.0,42.0,49.0,19.5,Cold
10673,1,8,1,1,0.0,0.0,0,0,175.0,175.0,1,2,0,0,0.0,0.0,-1.0,175.0,19.0,Cold
10672,1,8,1,1,0.0,0.0,0,0,175.0,175.0,1,1,0,0,0.0,0.0,-1.0,175.0,17.5,Cold
10670,1,8,1,1,0.0,0.0,0,0,176.0,176.0,2,1,0,0,0.0,0.0,16.0,160.0,17.5,Cold
10669,1,8,1,1,0.0,0.0,0,0,176.0,176.0,2,1,0,0,0.0,0.0,16.0,160.0,17.5,Cold
10667,1,8,6,1,0.0,0.0,0,0,176.0,176.0,3,1,2,0,0.0,0.0,2.5,171.0,20.5,Warm
10666,1,8,2,1,0.0,0.0,0,0,176.0,176.0,1,1,0,0,0.0,0.0,-1.0,156.0,18.5,Cold
10665,1,8,6,1,0.0,0.0,0,0,176.0,176.0,2,0,0,0,0.0,0.0,16.0,160.0,18.5,Cold
10663,1,8,1,1,0.0,0.0,0,0,176.0,176.0,1,0,0,0,0.0,0.0,-1.0,176.0,13.5,Cold
10661,1,8,6,1,0.0,0.0,0,0,176.0,176.0,4,2,1,1,187.0,0.0,4.33,163.0,29.0,Warm
10659,1,8,1,1,0.0,0.0,0,0,176.0,176.0,1,0,0,0,0.0,0.0,-1.0,176.0,13.5,Cold
10658,1,8,6,1,0.0,0.0,0,0,176.0,176.0,2,0,1,0,0.0,0.0,2.0,174.0,16.5,Cold
10657,1,8,1,1,0.0,0.0,0,0,176.0,176.0,1,0,0,0,0.0,0.0,-1.0,176.0,16.0,Cold
10656,1,8,6,1,0.0,0.0,0,0,183.0,183.0,2,0,1,0,0.0,0.0,9.0,174.0,19.0,Cold
10655,1,8,2,1,0.0,0.0,0,0,183.0,183.0,4,0,0,0,0.0,0.0,0.0,183.0,17.0,Cold
10654,1,8,1,1,0.0,0.0,0,0,183.0,183.0,2,0,0,1,320.0,0.0,0.0,183.0,23.0,Warm
10653,1,8,1,1,0.0,0.0,0,0,183.0,183.0,1,0,0,0,0.0,0.0,-1.0,183.0,16.0,Cold
10652,1,8,2,1,0.0,0.0,0,0,183.0,183.0,2,0,0,0,8.0,0.0,7.0,176.0,19.0,Cold
10651,1,8,1,1,0.0,0.0,0,0,183.0,183.0,2,1,0,1,130.0,0.0,0.0,183.0,24.5,Warm
10650,1,8,2,1,0.0,0.0,0,0,183.0,183.0,3,0,0,0,45.0,0.0,33.0,117.0,19.0,Cold
10649,1,8,2,1,0.0,0.0,0,0,183.0,183.0,1,0,0,0,0.0,0.0,-1.0,183.0,17.0,Cold
10648,1,8,2,1,0.0,0.0,0,0,184.0,184.0,2,0,0,0,0.0,0.0,0.0,183.0,17.0,Cold
10647,1,8,2,1,0.0,0.0,0,0,184.0,184.0,1,0,0,0,0.0,0.0,-1.0,183.0,14.5,Cold
10646,1,8,1,1,0.0,0.0,0,0,184.0,184.0,2,1,0,1,213.0,0.0,0.0,183.0,24.5,Warm
10645,1,8,1,1,0.0,0.0,0,0,184.0,184.0,2,0,0,0,68.0,0.0,0.0,183.0,18.0,Cold
10644,1,8,2,1,0.0,0.0,0,0,184.0,184.0,2,1,0,0,0.0,0.0,1.0,183.0,18.5,Cold
10643,1,8,1,1,0.0,0.0,0,0,184.0,184.0,1,0,0,0,0.0,0.0,-1.0,183.0,13.5,Cold
10642,1,8,2,1,0.0,0.0,0,0,184.0,184.0,1,0,0,0,0.0,0.0,-1.0,184.0,14.5,Cold
10641,1,8,6,1,0.0,0.0,0,0,184.0,184.0,3,1,3,0,0.0,0.0,6.5,171.0,20.5,Warm
10640,1,8,2,1,0.0,0.0,0,0,184.0,184.0,1,0,0,0,0.0,0.0,-1.0,184.0,17.0,Cold
10639,1,8,1,1,0.0,0.0,0,0,184.0,184.0,4,1,1,1,560.0,0.0,16.67,133.0,22.5,Warm
10638,1,8,2,8,0.0,0.0,0,0,184.0,184.0,1,0,0,0,0.0,0.0,-1.0,184.0,16.5,Cold
10637,1,8,2,1,0.0,0.0,0,0,184.0,184.0,1,0,0,0,0.0,0.0,-1.0,184.0,14.5,Cold
10636,1,8,1,1,0.0,0.0,0,0,184.0,184.0,1,0,0,0,0.0,0.0,-1.0,184.0,16.0,Cold
10635,1,8,2,1,0.0,0.0,0,0,184.0,184.0,1,0,0,0,0.0,0.0,-1.0,184.0,14.5,Cold
10634,1,8,2,1,0.0,0.0,0,0,184.0,184.0,1,0,0,0,0.0,0.0,-1.0,184.0,17.0,Cold
10633,1,8,6,1,0.0,0.0,0,0,184.0,184.0,2,2,0,0,0.0,0.0,10.0,174.0,24.0,Warm
10632,1,8,2,1,0.0,0.0,0,0,184.0,184.0,1,0,0,0,0.0,0.0,-1.0,184.0,17.0,Cold
10631,1,8,2,1,0.0,0.0,0,0,184.0,184.0,1,0,0,0,0.0,0.0,-1.0,184.0,14.5,Cold
10630,1,8,1,1,0.0,0.0,0,0,184.0,184.0,2,0,0,0,0.0,0.0,0.0,184.0,13.5,Cold
10629,1,8,2,1,0.0,0.0,0,0,184.0,184.0,1,0,0,0,0.0,0.0,-1.0,184.0,17.0,Cold
10628,1,8,1,1,0.0,0.0,0,0,184.0,184.0,2,0,0,0,40.0,0.0,0.0,184.0,18.0,Cold
10627,1,8,1,1,0.0,0.0,0,0,184.0,184.0,1,0,0,0,0.0,0.0,-1.0,184.0,13.5,Cold
10626,1,8,6,1,0.0,0.0,0,0,184.0,184.0,5,0,0,1,290.0,0.0,3.25,171.0,28.0,Warm
10625,1,8,1,1,0.0,0.0,0,0,184.0,184.0,3,0,0,0,38.0,0.0,12.0,160.0,18.0,Cold
10624,1,8,1,1,0.0,0.0,0,0,184.0,184.0,2,0,0,1,171.0,0.0,0.0,184.0,23.0,Warm
10623,1,8,1,1,0.0,0.0,0,0,184.0,184.0,1,0,0,0,0.0,0.0,-1.0,184.0,13.5,Cold
10622,1,8,1,1,0.0,0.0,0,0,185.0,185.0,2,0,0,0,0.0,0.0,64.0,121.0,16.0,Cold
10621,1,8,1,1,0.0,0.0,0,0,185.0,185.0,1,0,0,0,0.0,0.0,-1.0,185.0,16.0,Cold
10620,1,8,1,1,0.0,0.0,0,0,185.0,185.0,1,0,0,0,0.0,0.0,-1.0,185.0,13.5,Cold
10619,1,8,1,1,0.0,0.0,0,0,185.0,185.0,1,0,0,0,0.0,0.0,-1.0,185.0,14.0,Cold
10618,1,8,6,1,0.0,0.0,0,0,185.0,185.0,5,1,2,0,102.0,0.0,2.5,175.0,20.5,Warm
10617,1,8,1,1,0.0,0.0,0,0,185.0,185.0,1,0,0,0,0.0,0.0,-1.0,185.0,16.0,Cold
10616,1,8,1,1,0.0,0.0,0,0,185.0,185.0,2,0,0,0,68.0,0.0,0.0,185.0,18.0,Cold
10615,1,8,6,1,0.0,0.0,0,0,185.0,185.0,2,0,0,0,0.0,0.0,128.0,57.0,21.0,Warm
10614,1,8,1,1,0.0,0.0,0,0,186.0,186.0,1,0,0,0,0.0,0.0,-1.0,185.0,13.5,Cold
10613,1,8,1,1,0.0,0.0,0,0,186.0,186.0,1,0,0,0,0.0,0.0,-1.0,185.0,13.5,Cold
10612,1,8,1,1,0.0,0.0,0,0,186.0,186.0,1,0,0,0,0.0,0.0,-1.0,185.0,13.5,Cold
10611,1,8,5,1,0.0,0.0,0,0,186.0,186.0,2,1,0,0,0.0,0.0,10.0,175.0,22.5,Warm
10610,1,8,1,1,0.0,0.0,0,0,186.0,186.0,1,0,0,0,0.0,0.0,-1.0,185.0,16.0,Cold
10609,1,8,1,1,0.0,0.0,0,0,186.0,186.0,2,0,0,0,80.0,0.0,0.0,185.0,18.0,Cold
10608,1,8,1,1,0.0,0.0,0,0,186.0,186.0,1,0,0,0,0.0,0.0,-1.0,185.0,13.5,Cold
10607,1,8,1,1,0.0,0.0,0,0,186.0,186.0,2,1,0,1,177.0,0.0,0.0,185.0,24.5,Warm
10606,1,8,1,1,0.0,0.0,0,0,186.0,186.0,1,0,0,0,0.0,0.0,-1.0,185.0,16.0,Cold
10605,1,8,6,1,0.0,0.0,0,0,186.0,186.0,5,3,1,1,221.0,0.0,3.5,171.0,30.5,Warm
10604,1,8,1,1,0.0,0.0,0,0,186.0,186.0,1,0,0,0,0.0,0.0,-1.0,185.0,13.5,Cold
10603,1,8,1,1,0.0,0.0,0,0,186.0,186.0,1,0,0,0,0.0,0.0,-1.0,185.0,13.5,Cold
10602,1,8,6,1,0.0,0.0,0,0,186.0,186.0,5,0,2,1,314.0,0.0,2.5,175.0,26.0,Warm
10601,1,8,1,1,0.0,0.0,0,0,186.0,186.0,1,0,0,0,0.0,0.0,-1.0,185.0,16.0,Cold
10600,1,8,1,1,0.0,0.0,0,0,186.0,186.0,1,0,0,0,0.0,0.0,-1.0,185.0,13.5,Cold
10599,1,8,1,1,0.0,0.0,0,0,186.0,186.0,1,0,0,0,0.0,0.0,-1.0,185.0,13.5,Cold
10598,1,8,6,1,0.0,0.0,0,0,189.0,189.0,4,4,0,0,0.0,0.0,6.0,171.0,27.0,Warm
10597,1,8,1,1,0.0,0.0,0,0,189.0,189.0,1,0,0,0,0.0,0.0,-1.0,185.0,16.0,Cold
10596,1,8,6,1,0.0,0.0,0,0,189.0,189.0,7,4,2,1,240.0,0.0,2.5,174.0,33.0,Warm
10595,1,8,1,1,0.0,0.0,0,0,189.0,189.0,2,0,0,1,152.0,0.0,159.0,26.0,23.0,Warm
10594,1,8,1,1,0.0,0.0,0,0,189.0,189.0,1,0,0,0,0.0,0.0,-1.0,185.0,13.5,Cold
10593,1,8,2,1,0.0,0.0,0,0,189.0,189.0,4,4,1,1,240.0,0.0,22.33,122.0,28.0,Warm
10592,1,8,1,1,0.0,0.0,0,0,189.0,189.0,1,0,0,0,0.0,0.0,-1.0,189.0,14.0,Cold
10591,1,8,1,1,0.0,0.0,0,0,189.0,189.0,1,0,0,0,0.0,0.0,-1.0,189.0,13.5,Cold
10590,1,8,6,1,0.0,0.0,0,0,183.0,190.0,11,4,0,0,95.0,0.0,12.2,68.0,32.0,Warm
10589,1,8,3,1,0.0,0.0,0,0,190.0,190.0,7,8,0,0,61.0,0.0,0.33,188.0,36.0,Warm
10588,1,8,1,1,0.0,0.0,0,0,191.0,191.0,1,0,0,0,0.0,0.0,-1.0,190.0,14.0,Cold
10587,1,8,1,1,0.0,0.0,0,0,191.0,191.0,4,0,0,1,287.0,0.0,2.0,185.0,23.0,Warm
10586,1,8,1,1,0.0,0.0,0,0,191.0,191.0,3,2,0,1,160.0,0.0,4.0,183.0,26.0,Warm
10585,1,8,1,1,0.0,0.0,0,0,191.0,191.0,2,0,0,0,0.0,0.0,7.0,184.0,13.5,Cold
10584,1,8,1,1,0.0,0.0,0,0,191.0,191.0,2,0,0,1,147.0,0.0,0.0,191.0,23.0,Warm
10583,1,8,6,1,0.0,0.0,0,0,191.0,191.0,5,0,2,0,0.0,0.0,5.0,171.0,16.5,Cold
10582,1,8,1,1,0.0,0.0,0,0,191.0,191.0,3,2,0,0,0.0,0.0,8.0,175.0,19.0,Cold
10581,1,8,1,1,0.0,0.0,0,0,191.0,191.0,3,0,0,0,65.0,0.0,0.0,191.0,18.0,Cold
10580,1,8,1,1,0.0,0.0,0,0,191.0,191.0,1,0,0,0,0.0,0.0,-1.0,191.0,14.0,Cold
10579,1,8,6,1,0.0,0.0,0,0,191.0,191.0,7,2,0,0,197.0,0.0,31.5,2.0,26.0,Warm
10578,1,8,1,1,0.0,0.0,0,0,191.0,191.0,3,0,0,0,105.0,0.0,3.5,184.0,18.0,Cold
10577,1,8,1,1,0.0,0.0,0,0,191.0,191.0,2,1,1,0,16.0,0.0,0.0,191.0,17.5,Cold
10576,1,8,6,1,0.0,0.0,0,0,176.0,191.0,14,5,0,0,59.0,0.0,9.69,65.0,33.5,Warm
10575,1,8,1,1,0.0,0.0,0,0,191.0,191.0,3,1,0,1,278.0,0.0,3.5,184.0,24.5,Warm
10574,1,8,1,1,0.0,0.0,0,0,191.0,191.0,2,0,0,0,0.0,0.0,1.0,190.0,18.0,Cold
10573,1,8,1,1,0.0,0.0,0,0,191.0,191.0,1,0,0,0,0.0,0.0,-1.0,191.0,13.5,Cold
10572,1,8,6,1,0.0,0.0,0,0,191.0,191.0,2,1,0,0,120.0,0.0,0.0,191.0,24.5,Warm
10571,1,8,1,1,0.0,0.0,0,0,191.0,191.0,2,0,0,0,0.0,0.0,1.0,190.0,16.5,Cold
10570,1,8,1,1,0.0,0.0,0,0,191.0,191.0,2,0,0,0,0.0,0.0,1.0,190.0,18.0,Cold
10569,1,8,1,1,0.0,0.0,0,0,191.0,191.0,3,1,0,1,946.0,0.0,3.5,184.0,24.5,Warm
10568,1,8,1,1,0.0,0.0,0,0,192.0,192.0,2,0,0,1,320.0,0.0,0.0,191.0,23.0,Warm
10567,1,8,0,8,0.0,0.0,0,0,192.0,192.0,1,0,0,0,0.0,0.0,-1.0,192.0,20.0,Cold
10566,2,8,0,1,0.0,0.0,0,0,192.0,192.0,4,3,0,0,30.0,0.0,21.33,128.0,30.5,Warm
10565,1,8,6,0,0.0,0.0,0,1,194.0,194.0,3,1,1,0,0.0,0.0,90.5,13.0,17.5,Cold
10564,1,8,6,0,0.0,0.0,0,1,194.0,194.0,3,1,1,0,0.0,0.0,90.5,13.0,17.5,Cold
10563,1,8,1,1,0.0,0.0,0,0,195.0,195.0,4,1,0,0,43.0,0.0,2.0,189.0,19.5,Cold
10562,1,8,1,1,0.0,0.0,0,0,195.0,195.0,4,0,0,0,62.0,0.0,1.67,190.0,18.0,Cold
10561,1,8,6,0,0.0,0.0,0,1,195.0,195.0,6,0,1,1,170.0,0.0,29.6,47.0,23.0,Warm
10560,1,8,8,8,0.0,0.0,0,0,195.0,195.0,9,4,0,1,255.0,0.0,2.38,176.0,42.0,Interested
10559,1,8,2,1,0.0,0.0,0,0,195.0,195.0,2,0,0,0,0.0,0.0,5.0,190.0,14.5,Cold
10558,1,8,1,1,0.0,0.0,0,0,195.0,195.0,2,0,0,0,0.0,0.0,5.0,190.0,18.0,Cold
10557,1,8,2,1,0.0,0.0,0,0,195.0,195.0,2,0,0,0,0.0,0.0,72.0,122.0,17.0,Cold
10556,1,8,1,1,0.0,0.0,0,0,195.0,195.0,5,0,0,1,164.0,0.0,1.25,190.0,23.0,Warm
10555,1,8,6,1,0.0,0.0,0,0,195.0,195.0,4,0,2,0,25.0,0.0,48.0,51.0,19.0,Cold
10554,1,8,1,1,0.0,0.0,0,0,195.0,195.0,6,0,0,1,1120.0,0.0,1.0,190.0,23.0,Warm
10553,1,8,6,1,0.0,0.0,0,0,195.0,195.0,3,1,1,1,130.0,0.0,1.5,192.0,27.5,Warm
10552,1,8,1,1,0.0,0.0,0,0,195.0,195.0,3,2,0,0,0.0,0.0,2.5,190.0,19.5,Cold
10551,1,8,2,1,0.0,0.0,0,0,195.0,195.0,4,1,1,0,33.0,0.0,24.67,120.0,18.5,Cold
10550,1,8,1,1,0.0,0.0,0,0,195.0,195.0,3,0,0,1,201.0,0.0,2.5,190.0,23.0,Warm
10549,1,8,1,1,0.0,0.0,0,0,195.0,195.0,4,0,0,0,94.0,0.0,1.67,190.0,18.0,Cold
10548,1,8,6,1,0.0,0.0,0,0,195.0,195.0,7,0,6,0,0.0,0.0,4.17,170.0,16.5,Cold
10547,1,8,0,1,0.0,0.0,0,0,196.0,196.0,2,0,0,0,18.0,0.0,0.0,196.0,20.0,Cold
10546,1,8,0,1,0.0,0.0,0,0,196.0,196.0,3,0,0,0,0.0,0.0,3.0,190.0,18.5,Cold
10545,1,8,6,0,0.0,0.0,0,1,196.0,196.0,3,1,1,0,0.0,0.0,91.5,13.0,17.5,Cold
10544,1,8,2,1,0.0,0.0,0,0,196.0,196.0,4,0,0,0,0.0,0.0,62.0,10.0,17.0,Cold
10543,1,8,2,1,0.0,0.0,0,0,196.0,196.0,7,1,1,0,111.0,0.0,12.67,120.0,18.5,Cold
10542,1,8,1,1,0.0,0.0,0,0,196.0,196.0,3,0,0,0,0.0,0.0,3.0,190.0,18.0,Cold
10541,1,8,6,1,0.0,0.0,0,0,196.0,196.0,5,0,0,1,230.0,0.0,3.25,183.0,28.0,Warm
10540,1,8,6,1,0.0,0.0,0,0,196.0,196.0,2,0,0,0,0.0,0.0,12.0,184.0,18.5,Cold
10539,1,8,6,1,0.0,0.0,0,0,197.0,197.0,16,1,0,1,93802.0,0.0,13.0,2.0,32.5,Warm
10538,1,8,6,1,0.0,0.0,0,0,197.0,197.0,5,0,2,0,19.0,0.0,3.5,183.0,21.0,Warm
10537,1,8,2,1,0.0,0.0,0,0,197.0,197.0,4,1,0,0,0.0,0.0,24.67,122.0,18.5,Cold
10536,1,8,6,1,0.0,0.0,0,0,197.0,197.0,3,0,0,0,0.0,0.0,22.0,152.0,18.5,Cold
10535,1,8,6,1,0.0,0.0,0,0,197.0,197.0,8,0,4,0,122.0,0.0,3.71,171.0,21.0,Warm
10534,1,8,6,1,0.0,0.0,0,0,197.0,197.0,6,0,0,0,58.0,0.0,14.8,122.0,23.0,Warm
10533,1,8,1,1,0.0,0.0,0,0,197.0,197.0,3,1,0,0,47.0,0.0,3.5,190.0,19.5,Cold
10532,1,8,1,1,0.0,0.0,0,0,197.0,197.0,5,1,1,0,138.0,0.0,1.75,190.0,17.5,Cold
10531,1,8,0,1,0.0,0.0,0,0,197.0,197.0,2,0,0,0,20.0,0.0,0.0,196.0,20.0,Cold
10530,1,8,6,1,0.0,0.0,0,0,197.0,197.0,5,2,2,1,253.0,0.0,3.5,183.0,27.0,Warm
10529,1,8,0,1,0.0,0.0,0,0,197.0,197.0,2,0,0,0,0.0,0.0,0.0,196.0,18.0,Cold
10528,1,8,6,1,0.0,0.0,0,0,197.0,197.0,4,1,0,1,421.0,0.0,46.67,57.0,29.5,Warm
10527,1,8,6,1,0.0,0.0,0,0,197.0,197.0,5,0,1,0,46.0,0.0,6.5,171.0,21.0,Warm
10526,1,8,6,1,0.0,0.0,0,0,197.0,197.0,2,0,0,0,0.0,0.0,13.0,184.0,21.0,Warm
10525,1,8,2,1,0.0,0.0,0,0,197.0,197.0,3,3,0,0,0.0,0.0,2.0,192.0,21.5,Warm
10524,1,8,1,1,0.0,0.0,0,0,197.0,197.0,3,1,0,0,68.0,0.0,3.5,190.0,19.5,Cold
10523,1,8,1,1,0.0,0.0,0,0,197.0,197.0,3,0,0,0,30.0,0.0,3.5,190.0,18.0,Cold
10522,1,8,6,1,0.0,0.0,0,0,197.0,197.0,4,0,0,0,11.0,0.0,4.67,183.0,23.0,Warm
10521,1,8,0,1,0.0,0.0,0,0,197.0,197.0,5,1,0,1,157.0,0.0,0.5,195.0,26.5,Warm
10520,1,8,1,1,0.0,0.0,0,0,198.0,198.0,4,0,0,0,0.0,0.0,2.67,190.0,16.5,Cold
10519,1,8,6,1,0.0,0.0,0,0,198.0,198.0,3,0,0,1,358.0,0.0,7.0,184.0,28.0,Warm
10518,1,8,6,1,0.0,0.0,0,0,198.0,198.0,4,1,1,0,66.0,0.0,5.0,183.0,22.5,Warm
10517,1,8,1,1,0.0,0.0,0,0,198.0,198.0,4,1,0,0,73.0,0.0,2.67,190.0,19.5,Cold
10516,1,8,6,1,0.0,0.0,0,0,198.0,198.0,3,1,1,0,0.0,0.0,7.5,183.0,20.5,Warm
10515,1,8,1,1,0.0,0.0,0,0,198.0,198.0,5,1,0,0,56.0,0.0,2.0,190.0,19.5,Cold
10514,1,8,2,1,0.0,0.0,0,0,198.0,198.0,2,0,0,0,0.0,0.0,14.0,184.0,17.0,Cold
10513,1,8,1,1,0.0,0.0,0,0,198.0,198.0,2,1,0,0,0.0,0.0,13.0,185.0,18.0,Cold
10512,1,8,1,0,0.0,0.0,0,1,198.0,198.0,3,1,1,0,0.0,0.0,92.5,13.0,12.5,Cold
10511,1,8,1,1,0.0,0.0,0,0,198.0,198.0,3,0,0,0,0.0,0.0,94.0,10.0,16.0,Cold
10510,1,8,6,1,0.0,0.0,0,0,199.0,199.0,9,1,0,0,35.0,0.0,24.62,2.0,27.5,Warm
10508,1,8,0,1,0.0,0.0,0,0,199.0,199.0,13,0,0,0,16.0,0.0,0.0,199.0,23.0,Warm
10506,1,8,6,1,0.0,0.0,0,0,200.0,200.0,5,1,0,0,0.0,0.0,34.25,63.0,25.5,Warm
10505,1,8,6,1,0.0,0.0,0,0,200.0,200.0,5,1,0,1,181.0,0.0,34.25,63.0,32.5,Warm
10504,1,8,0,0,0.0,0.0,0,1,201.0,201.0,2,1,0,0,51.0,0.0,3.0,198.0,21.5,Warm
10503,1,8,2,1,0.0,0.0,0,0,201.0,201.0,7,4,0,0,97.0,0.0,1.83,190.0,28.0,Warm
10502,1,8,6,1,0.0,0.0,0,0,201.0,201.0,6,2,0,0,0.0,0.0,27.6,63.0,27.0,Warm
10501,1,8,6,1,0.0,0.0,0,0,201.0,201.0,4,1,0,1,191.0,0.0,3.0,192.0,29.5,Warm
10500,1,8,6,1,0.0,0.0,0,0,201.0,201.0,5,2,0,1,267.0,0.0,2.75,190.0,31.0,Warm
10499,1,8,0,1,0.0,0.0,0,0,201.0,201.0,1,0,0,0,0.0,0.0,-1.0,198.0,20.0,Cold
10498,1,8,0,1,0.0,0.0,0,0,202.0,202.0,3,0,0,0,0.0,0.0,1.0,196.0,18.5,Cold
10497,1,8,0,1,0.0,0.0,0,0,202.0,202.0,2,0,0,0,0.0,0.0,2.0,196.0,16.0,Cold
10496,1,8,2,1,0.0,0.0,0,0,202.0,202.0,4,1,0,0,0.0,0.0,2.0,190.0,18.5,Cold
10495,1,8,0,1,0.0,0.0,0,0,202.0,202.0,3,0,0,0,46.0,0.0,1.0,196.0,20.0,Cold
10494,1,8,6,1,0.0,0.0,0,0,202.0,202.0,2,1,0,0,0.0,0.0,11.0,191.0,22.5,Warm
10493,1,8,0,1,0.0,0.0,0,0,202.0,202.0,3,0,0,0,47.0,0.0,2.0,198.0,20.0,Cold
10492,1,8,0,1,0.0,0.0,0,0,202.0,202.0,1,1,0,0,0.0,0.0,-1.0,198.0,21.5,Warm
10489,1,8,4,1,0.0,0.0,0,0,202.0,202.0,7,3,0,0,0.0,0.0,1.83,191.0,27.5,Warm
10488,1,8,2,1,0.0,0.0,0,0,203.0,203.0,2,0,0,0,0.0,0.0,0.0,203.0,15.0,Cold
10487,1,8,1,1,0.0,0.0,0,0,203.0,203.0,2,0,0,0,0.0,0.0,0.0,203.0,19.0,Cold
10486,1,8,8,1,0.0,0.0,0,0,203.0,203.0,2,1,0,0,0.0,0.0,0.0,203.0,25.5,Warm
10485,1,8,1,8,0.0,0.0,0,0,203.0,203.0,1,0,0,0,0.0,0.0,-1.0,203.0,15.0,Cold
10484,1,8,1,1,0.0,0.0,0,0,203.0,203.0,2,2,0,0,0.0,0.0,0.0,203.0,22.0,Warm
10483,1,8,1,1,0.0,0.0,0,0,203.0,203.0,2,0,0,0,0.0,0.0,0.0,203.0,14.0,Cold
10482,1,8,1,1,0.0,0.0,0,0,203.0,203.0,1,0,0,0,0.0,0.0,-1.0,203.0,13.0,Cold
10481,1,8,1,1,0.0,0.0,0,0,203.0,203.0,2,0,0,0,0.0,0.0,0.0,199.0,16.5,Cold
10480,1,8,1,1,0.0,0.0,0,0,203.0,203.0,2,2,0,0,0.0,0.0,0.0,203.0,19.0,Cold
10479,1,8,6,0,0.0,0.0,0,1,203.0,203.0,4,2,1,0,0.0,0.0,0.0,203.0,23.2,Warm
10478,1,8,2,1,0.0,0.0,0,0,203.0,203.0,5,1,0,0,0.0,0.0,0.0,203.0,20.2,Warm
10477,1,8,0,1,0.0,0.0,0,0,204.0,204.0,1,0,0,0,0.0,0.0,-1.0,203.0,15.5,Cold
10476,1,8,0,1,0.0,0.0,0,0,204.0,204.0,2,0,0,0,0.0,0.0,4.0,198.0,20.0,Cold
10475,1,8,0,1,0.0,0.0,0,0,204.0,204.0,2,0,0,1,344.0,0.0,4.0,199.0,25.0,Warm
10474,1,8,1,1,0.0,0.0,0,0,204.0,204.0,1,0,0,0,0.0,0.0,-1.0,185.0,16.0,Cold
10473,1,8,0,1,0.0,0.0,0,0,204.0,204.0,5,0,0,0,39.0,0.0,1.5,196.0,20.0,Cold
10472,1,8,0,1,0.0,0.0,0,0,204.0,204.0,3,0,0,0,50.0,0.0,2.0,198.0,20.0,Cold
10471,1,8,6,1,0.0,0.0,0,0,204.0,204.0,7,1,5,0,0.0,0.0,25.5,51.0,19.0,Cold
10470,1,8,2,1,0.0,0.0,0,0,204.0,204.0,3,0,0,0,14.0,0.0,9.5,185.0,19.0,Cold
10469,1,8,6,1,0.0,0.0,0,0,204.0,204.0,7,5,0,0,43.0,0.0,33.67,2.0,33.5,Warm
10468,1,8,0,1,0.0,0.0,0,0,204.0,204.0,2,0,0,0,0.0,0.0,8.0,196.0,20.0,Cold
10467,1,8,2,1,0.0,0.0,0,0,204.0,204.0,3,0,0,1,660.0,0.0,6.5,185.0,24.0,Warm
10466,1,8,6,0,0.0,0.0,0,1,204.0,204.0,5,0,1,0,78.0,0.0,40.0,44.0,18.0,Cold
10465,1,8,0,1,0.0,0.0,0,0,204.0,204.0,3,1,0,0,0.0,0.0,0.0,204.0,17.5,Cold
10464,1,8,0,1,0.0,0.0,0,0,204.0,204.0,2,1,0,0,0.0,0.0,4.0,198.0,19.5,Cold
10463,1,8,0,1,0.0,0.0,0,0,205.0,205.0,4,1,0,0,0.0,0.0,3.0,196.0,20.0,Cold
10462,1,8,0,1,0.0,0.0,0,0,205.0,205.0,3,0,0,0,13.0,0.0,2.5,199.0,20.0,Cold
10461,1,8,2,1,0.0,0.0,0,0,205.0,205.0,3,0,0,0,29.0,0.0,10.0,185.0,19.0,Cold
10460,1,8,2,1,0.0,0.0,0,0,205.0,205.0,2,0,0,0,0.0,0.0,20.0,185.0,19.0,Cold
10459,1,8,2,1,0.0,0.0,0,0,205.0,205.0,2,0,0,0,0.0,0.0,20.0,185.0,15.0,Cold
10458,1,8,2,1,0.0,0.0,0,0,206.0,206.0,2,1,0,0,0.0,0.0,19.0,185.0,20.5,Warm
10457,1,8,0,1,0.0,0.0,0,0,206.0,206.0,5,1,0,0,0.0,0.0,2.25,196.0,19.5,Cold
10456,1,8,0,1,0.0,0.0,0,0,206.0,206.0,6,0,2,0,0.0,0.0,1.8,197.0,16.0,Cold
10455,1,8,6,1,0.0,0.0,0,0,206.0,206.0,3,0,2,0,0.0,0.0,77.5,51.0,17.5,Cold
10454,1,8,2,1,0.0,0.0,0,0,206.0,206.0,2,0,0,0,0.0,0.0,19.0,185.0,15.0,Cold
10453,1,8,0,1,0.0,0.0,0,0,206.0,206.0,2,1,1,0,47.0,0.0,7.0,199.0,19.5,Cold
10452,1,8,6,1,0.0,0.0,0,0,178.0,206.0,19,8,0,0,0.0,0.0,3.22,148.0,38.0,Warm
10451,1,8,2,1,0.0,0.0,0,0,206.0,206.0,3,0,0,0,0.0,0.0,73.5,57.0,19.0,Cold
10450,1,8,0,1,0.0,0.0,0,0,206.0,206.0,4,0,0,0,126.0,0.0,2.33,198.0,20.0,Cold
10449,1,8,0,1,0.0,0.0,0,0,206.0,206.0,3,0,0,0,54.0,0.0,3.5,198.0,20.0,Cold
10448,1,8,2,1,0.0,0.0,0,0,206.0,206.0,5,3,1,0,34.0,0.0,39.0,50.0,21.5,Warm
10447,1,8,0,1,0.0,0.0,0,0,206.0,206.0,1,0,0,0,0.0,0.0,-1.0,206.0,15.5,Cold
10446,1,8,2,1,0.0,0.0,0,0,206.0,206.0,4,0,0,0,0.0,0.0,5.33,190.0,17.0,Cold
10445,1,8,0,1,0.0,0.0,0,0,206.0,206.0,1,0,0,0,0.0,0.0,-1.0,198.0,16.0,Cold
10444,1,8,2,1,0.0,0.0,0,0,206.0,206.0,4,0,3,0,0.0,0.0,52.0,50.0,11.0,Cold
10443,1,8,2,1,0.0,0.0,0,0,206.0,206.0,2,1,0,0,0.0,0.0,19.0,185.0,19.0,Cold
10442,1,8,0,1,0.0,0.0,0,0,206.0,206.0,1,0,0,0,0.0,0.0,-1.0,206.0,15.5,Cold
10441,1,8,2,1,0.0,0.0,0,0,206.0,206.0,7,1,0,1,163.0,0.0,3.67,184.0,25.5,Warm
10440,1,8,2,1,0.0,0.0,0,0,206.0,206.0,4,3,1,0,0.0,0.0,52.0,50.0,20.0,Cold
10439,1,8,0,1,0.0,0.0,0,0,208.0,208.0,3,1,0,0,0.0,0.0,4.5,199.0,19.5,Cold
10438,1,8,1,1,0.0,0.0,0,0,208.0,208.0,4,1,0,1,413.0,0.0,26.67,128.0,24.5,Warm
10437,1,8,0,1,0.0,0.0,0,0,208.0,208.0,2,1,0,0,0.0,0.0,10.0,198.0,21.5,Warm
10436,1,8,0,1,0.0,0.0,0,0,208.0,208.0,2,2,1,0,0.0,0.0,2.0,206.0,19.0,Cold
10435,1,8,0,1,0.0,0.0,0,0,208.0,208.0,3,0,0,0,17.0,0.0,5.0,198.0,20.0,Cold
10434,1,8,6,1,0.0,0.0,0,0,208.0,208.0,6,3,1,0,5.0,0.0,3.2,192.0,25.5,Warm
10433,1,8,2,1,0.0,0.0,0,0,208.0,208.0,5,2,0,0,17.0,0.0,4.5,190.0,22.0,Warm
10432,1,8,0,1,0.0,0.0,0,0,208.0,208.0,3,1,1,0,0.0,0.0,5.0,198.0,19.5,Cold
10431,1,8,2,1,0.0,0.0,0,0,208.0,208.0,4,2,0,0,0.0,0.0,52.67,50.0,20.5,Warm
10430,1,8,0,1,0.0,0.0,0,0,208.0,208.0,2,0,0,0,0.0,0.0,11.0,197.0,15.5,Cold
10429,1,8,0,1,0.0,0.0,0,0,208.0,208.0,2,2,0,0,0.0,0.0,10.0,198.0,23.0,Warm
10428,1,8,0,1,0.0,0.0,0,0,208.0,208.0,2,0,0,0,0.0,0.0,0.0,208.0,18.0,Cold
10427,1,8,0,1,0.0,0.0,0,0,208.0,208.0,3,0,0,0,16.0,0.0,5.0,198.0,20.0,Cold
10426,1,8,0,1,0.0,0.0,0,0,208.0,208.0,3,0,0,0,0.0,0.0,6.0,196.0,18.5,Cold
10425,1,8,0,1,0.0,0.0,0,0,208.0,208.0,3,0,0,0,33.0,0.0,5.0,198.0,20.0,Cold
10424,1,8,0,1,0.0,0.0,0,0,208.0,208.0,3,1,0,0,0.0,0.0,1.5,205.0,19.5,Cold
10423,1,8,0,1,0.0,0.0,0,0,208.0,208.0,1,0,0,0,0.0,0.0,-1.0,208.0,15.5,Cold
10422,1,8,0,1,0.0,0.0,0,0,208.0,208.0,2,0,0,0,0.0,0.0,2.0,196.0,20.0,Cold
10421,1,8,6,1,0.0,0.0,0,0,208.0,208.0,4,2,0,0,0.0,0.0,3.33,198.0,24.0,Warm
10420,1,8,0,1,0.0,0.0,0,0,209.0,209.0,2,0,0,0,0.0,0.0,13.0,196.0,20.0,Cold
10419,1,8,2,1,0.0,0.0,0,0,209.0,209.0,5,0,2,0,0.0,0.0,39.5,50.0,13.5,Cold
10418,1,8,0,1,0.0,0.0,0,0,209.0,209.0,1,0,0,0,0.0,0.0,-1.0,209.0,15.5,Cold
10417,1,8,2,1,0.0,0.0,0,0,209.0,209.0,2,1,0,0,0.0,0.0,24.0,185.0,20.5,Warm
10416,1,8,0,1,0.0,0.0,0,0,209.0,209.0,2,0,0,0,0.0,0.0,2.0,196.0,16.0,Cold
10415,1,8,0,1,0.0,0.0,0,0,209.0,209.0,3,0,0,0,0.0,0.0,1.0,196.0,16.0,Cold
10414,1,8,0,1,0.0,0.0,0,0,210.0,210.0,1,1,0,0,0.0,0.0,-1.0,206.0,19.5,Cold
10413,1,8,5,1,0.0,0.0,0,0,210.0,210.0,4,1,0,0,114.0,0.0,9.33,175.0,24.5,Warm
10412,1,8,2,1,0.0,0.0,0,0,210.0,210.0,3,0,0,0,106.0,0.0,12.0,185.0,19.0,Cold
10411,1,8,6,1,0.0,0.0,0,0,210.0,210.0,6,0,2,0,0.0,0.0,31.8,50.0,19.5,Cold
10410,1,8,2,1,0.0,0.0,0,0,210.0,210.0,2,0,0,0,0.0,0.0,24.0,185.0,17.5,Cold
10409,1,8,0,1,0.0,0.0,0,0,210.0,210.0,1,0,0,0,0.0,0.0,-1.0,203.0,15.5,Cold
10408,1,8,6,1,0.0,0.0,0,0,210.0,210.0,5,1,2,0,41.0,0.0,4.25,192.0,22.5,Warm
10407,1,8,0,1,0.0,0.0,0,0,210.0,210.0,3,1,0,0,0.0,0.0,6.5,196.0,20.0,Cold
10406,1,8,0,1,0.0,0.0,0,0,210.0,210.0,1,0,0,0,0.0,0.0,-1.0,203.0,18.0,Cold
10405,1,8,0,1,0.0,0.0,0,0,210.0,210.0,1,0,0,0,0.0,0.0,-1.0,203.0,15.5,Cold
10404,1,8,0,1,0.0,0.0,0,0,210.0,210.0,1,0,0,0,0.0,0.0,-1.0,206.0,15.5,Cold
10403,1,8,0,1,0.0,0.0,0,0,210.0,210.0,1,0,0,0,0.0,0.0,-1.0,206.0,15.5,Cold
10402,1,8,1,1,0.0,0.0,0,0,210.0,210.0,2,0,0,0,0.0,0.0,25.0,185.0,14.0,Cold
10401,1,8,0,1,0.0,0.0,0,0,210.0,210.0,3,1,0,1,144.0,0.0,2.5,198.0,26.5,Warm
10400,1,8,6,1,0.0,0.0,0,0,210.0,210.0,3,2,0,0,0.0,0.0,10.5,189.0,27.0,Warm
10399,1,8,2,1,0.0,0.0,0,0,211.0,211.0,2,0,0,0,0.0,0.0,26.0,185.0,17.0,Cold
10398,1,8,2,1,0.0,0.0,0,0,211.0,211.0,4,1,2,0,0.0,0.0,53.33,50.0,15.0,Cold
10397,1,8,2,1,0.0,0.0,0,0,211.0,211.0,3,2,0,0,0.0,0.0,13.0,185.0,22.0,Warm
10396,1,8,0,1,0.0,0.0,0,0,211.0,211.0,1,0,0,0,0.0,0.0,-1.0,206.0,18.0,Cold
10395,1,8,2,1,0.0,0.0,0,0,211.0,211.0,5,1,0,0,86.0,0.0,6.25,185.0,20.5,Warm
10394,1,8,2,1,0.0,0.0,0,0,211.0,211.0,2,0,0,0,0.0,0.0,26.0,185.0,14.5,Cold
10393,1,8,0,1,0.0,0.0,0,0,211.0,211.0,3,2,0,0,0.0,0.0,7.5,196.0,23.0,Warm
10392,1,8,0,1,0.0,0.0,0,0,211.0,211.0,1,1,0,0,0.0,0.0,-1.0,206.0,19.5,Cold
10391,1,8,6,1,0.0,0.0,0,0,211.0,211.0,2,2,1,0,0.0,0.0,13.0,57.0,22.5,Warm
10390,1,8,2,1,0.0,0.0,0,0,211.0,211.0,2,0,0,0,0.0,0.0,26.0,185.0,17.5,Cold
10389,1,8,1,1,0.0,0.0,0,0,211.0,211.0,3,0,0,0,0.0,0.0,13.0,185.0,15.5,Cold
10388,1,8,1,1,0.0,0.0,0,0,211.0,211.0,4,0,0,0,0.0,0.0,8.67,185.0,18.0,Cold
10387,1,8,2,1,0.0,0.0,0,0,211.0,211.0,3,1,0,0,0.0,0.0,13.0,185.0,19.0,Cold
10386,1,8,2,1,0.0,0.0,0,0,211.0,211.0,2,0,0,0,0.0,0.0,27.0,184.0,17.0,Cold
10385,1,8,2,1,0.0,0.0,0,0,211.0,211.0,3,0,0,0,0.0,0.0,13.5,184.0,19.0,Cold
10384,1,8,2,1,0.0,0.0,0,0,211.0,211.0,3,0,0,0,27.0,0.0,38.0,135.0,19.0,Cold
10383,1,8,2,1,0.0,0.0,0,0,211.0,211.0,4,0,0,0,23.0,0.0,4.67,192.0,19.0,Cold
10382,1,8,0,0,0.0,0.0,0,1,211.0,211.0,3,0,0,0,0.0,0.0,3.5,203.0,12.5,Cold
10381,2,8,2,1,0.0,0.0,0,0,211.0,211.0,3,1,0,0,0.0,0.0,77.0,57.0,23.5,Warm
10380,1,8,0,1,0.0,0.0,0,0,211.0,211.0,3,0,0,0,0.0,0.0,2.5,201.0,18.0,Cold
10379,1,8,2,1,0.0,0.0,0,0,211.0,211.0,2,2,0,0,0.0,0.0,26.0,184.0,20.0,Cold
10378,1,8,0,1,0.0,0.0,0,0,211.0,211.0,4,0,0,0,0.0,0.0,4.0,199.0,18.0,Cold
10377,1,8,2,1,0.0,0.0,0,0,211.0,211.0,3,1,0,0,0.0,0.0,13.5,184.0,19.0,Cold
10376,1,8,2,1,0.0,0.0,0,0,211.0,211.0,3,1,0,0,0.0,0.0,13.5,184.0,19.0,Cold
10375,3,8,0,8,0.0,0.0,0,0,211.0,211.0,2,2,0,0,0.0,0.0,10.0,201.0,33.0,Warm
10374,1,8,2,1,0.0,0.0,0,0,211.0,211.0,2,0,0,0,0.0,0.0,27.0,184.0,20.0,Cold
10373,1,8,2,1,0.0,0.0,0,0,212.0,212.0,3,2,0,0,0.0,0.0,13.5,185.0,23.0,Warm
10372,1,8,6,1,0.0,0.0,0,0,212.0,212.0,3,3,1,0,0.0,0.0,105.0,2.0,26.5,Warm
10371,1,8,6,1,0.0,0.0,0,0,212.0,212.0,5,2,0,0,0.0,0.0,37.25,63.0,27.0,Warm
10370,1,8,4,1,0.0,0.0,0,0,212.0,212.0,3,3,0,0,0.0,0.0,10.5,191.0,27.5,Warm
10369,1,8,6,1,0.0,0.0,0,0,212.0,212.0,4,2,0,0,52.0,0.0,7.67,189.0,29.0,Warm
10368,1,8,6,1,0.0,0.0,0,0,212.0,212.0,6,4,0,0,0.0,0.0,7.2,176.0,30.0,Warm
10367,1,8,2,1,0.0,0.0,0,0,212.0,212.0,4,3,1,0,0.0,0.0,65.33,16.0,20.0,Cold
10366,1,8,6,1,0.0,0.0,0,0,212.0,212.0,5,1,0,0,0.0,0.0,37.25,63.0,25.5,Warm
10365,1,8,2,1,0.0,0.0,0,0,212.0,212.0,3,1,0,0,0.0,0.0,20.5,171.0,21.5,Warm
10364,1,8,6,1,0.0,0.0,0,0,212.0,212.0,7,1,0,0,113.0,0.0,24.83,63.0,27.5,Warm
10363,1,8,0,1,0.0,0.0,0,0,212.0,212.0,2,0,0,0,0.0,0.0,9.0,203.0,18.0,Cold
10362,1,8,2,1,0.0,0.0,0,0,212.0,212.0,2,1,0,0,0.0,0.0,23.0,189.0,21.5,Warm
10361,1,8,6,1,0.0,0.0,0,0,212.0,212.0,3,1,0,0,0.0,0.0,10.0,192.0,22.5,Warm
10360,1,8,0,1,0.0,0.0,0,0,212.0,212.0,2,4,1,0,0.0,0.0,5.0,207.0,25.0,Warm
10359,1,8,6,1,0.0,0.0,0,0,212.0,212.0,5,5,0,0,0.0,0.0,10.75,169.0,28.5,Warm
10358,1,8,0,1,0.0,0.0,0,0,212.0,212.0,2,0,0,0,0.0,0.0,10.0,202.0,18.0,Cold
10357,1,8,0,1,0.0,0.0,0,0,212.0,212.0,1,1,1,0,0.0,0.0,-1.0,202.0,15.0,Cold
10356,1,8,0,1,0.0,0.0,0,0,212.0,212.0,2,1,1,0,22.0,0.0,7.0,195.0,19.5,Cold
10355,1,8,0,1,0.0,0.0,0,0,212.0,212.0,3,0,0,0,0.0,0.0,5.5,201.0,15.5,Cold
10354,1,8,0,1,0.0,0.0,0,0,212.0,212.0,3,2,1,0,0.0,0.0,5.5,201.0,19.0,Cold
10353,1,8,0,1,0.0,0.0,0,0,212.0,212.0,1,1,1,0,0.0,0.0,-1.0,202.0,15.0,Cold
10352,1,8,0,1,0.0,0.0,0,0,212.0,212.0,3,0,0,0,0.0,0.0,6.5,199.0,18.5,Cold
10351,1,8,0,1,0.0,0.0,0,0,212.0,212.0,2,0,0,0,0.0,0.0,16.0,196.0,18.0,Cold
10350,1,8,0,0,0.0,0.0,0,1,212.0,212.0,1,0,0,0,0.0,0.0,-1.0,212.0,12.5,Cold
10349,1,8,1,1,0.0,0.0,0,0,212.0,212.0,2,0,0,0,0.0,0.0,17.0,195.0,16.0,Cold
10348,1,8,0,1,0.0,0.0,0,0,212.0,212.0,2,0,0,0,0.0,0.0,11.0,201.0,15.5,Cold
10347,1,8,1,1,0.0,0.0,0,0,212.0,212.0,2,0,0,0,0.0,0.0,17.0,195.0,16.0,Cold
10346,1,8,1,1,0.0,0.0,0,0,212.0,212.0,3,0,0,0,57.0,0.0,28.0,156.0,18.0,Cold
10345,1,8,2,1,0.0,0.0,0,0,213.0,213.0,2,0,0,0,0.0,0.0,29.0,184.0,17.0,Cold
10344,1,8,0,1,0.0,0.0,0,0,213.0,213.0,2,0,0,0,0.0,0.0,1.0,212.0,15.5,Cold
10343,1,8,0,1,0.0,0.0,0,0,213.0,213.0,3,0,0,0,73.0,0.0,7.5,198.0,20.0,Cold
10342,1,8,0,1,0.0,0.0,0,0,213.0,213.0,3,1,0,0,0.0,0.0,9.0,195.0,20.0,Cold
10341,1,8,2,1,0.0,0.0,0,0,213.0,213.0,2,0,0,0,0.0,0.0,29.0,184.0,17.0,Cold
10340,1,8,0,1,0.0,0.0,0,0,213.0,213.0,2,1,0,0,0.0,0.0,1.0,212.0,19.5,Cold
10339,1,8,2,1,0.0,0.0,0,0,213.0,213.0,2,0,0,0,0.0,0.0,29.0,184.0,17.0,Cold
10338,1,8,2,1,0.0,0.0,0,0,213.0,213.0,3,1,0,0,54.0,0.0,56.0,101.0,20.5,Warm
10337,1,8,4,1,0.0,0.0,0,0,213.0,213.0,6,1,0,0,0.0,0.0,27.4,76.0,21.5,Warm
10336,1,8,6,1,0.0,0.0,0,0,213.0,213.0,2,0,0,0,0.0,0.0,21.0,192.0,21.0,Warm
10335,1,8,0,0,0.0,0.0,0,1,213.0,213.0,1,0,0,0,0.0,0.0,-1.0,213.0,12.5,Cold
10334,1,8,6,1,0.0,0.0,0,0,213.0,213.0,4,0,0,0,28.0,0.0,50.0,63.0,23.0,Warm
10333,1,8,0,1,0.0,0.0,0,0,213.0,213.0,5,3,1,0,0.0,0.0,4.0,197.0,20.5,Warm
10332,1,8,2,1,0.0,0.0,0,0,213.0,213.0,6,3,0,0,0.0,0.0,4.6,190.0,21.5,Warm
10331,1,8,2,1,0.0,0.0,0,0,213.0,213.0,4,1,0,0,68.0,0.0,7.0,192.0,20.5,Warm
10330,1,8,2,1,0.0,0.0,0,0,213.0,213.0,6,3,0,0,106.0,0.0,4.2,192.0,23.5,Warm
10329,1,8,6,1,0.0,0.0,0,0,213.0,213.0,5,2,1,1,229.0,0.0,37.5,63.0,29.0,Warm
10328,1,8,2,1,0.0,0.0,0,0,213.0,213.0,2,0,0,0,0.0,0.0,29.0,184.0,14.5,Cold
10327,1,8,6,1,0.0,0.0,0,0,213.0,213.0,3,0,0,0,0.0,0.0,11.0,191.0,21.0,Warm
10326,2,8,0,1,0.0,0.0,0,0,213.0,213.0,2,1,0,0,0.0,0.0,15.0,198.0,27.5,Warm
10325,1,8,6,1,0.0,0.0,0,0,213.0,213.0,2,1,1,0,0.0,0.0,20.0,193.0,20.5,Warm
10324,1,8,2,1,0.0,0.0,0,0,213.0,213.0,2,1,0,0,0.0,0.0,29.0,184.0,18.5,Cold
10323,1,8,0,0,0.0,0.0,0,1,213.0,213.0,1,0,0,0,0.0,0.0,-1.0,213.0,12.5,Cold
10322,1,8,6,1,0.0,0.0,0,0,213.0,213.0,2,1,0,0,0.0,0.0,30.0,183.0,22.5,Warm
10321,1,8,6,1,0.0,0.0,0,0,214.0,214.0,6,1,0,0,119.0,0.0,24.6,91.0,24.5,Warm
10320,1,8,5,1,0.0,0.0,0,0,214.0,214.0,3,2,0,0,0.0,0.0,21.0,172.0,27.0,Warm
10319,1,8,3,1,0.0,0.0,0,0,214.0,214.0,6,4,1,0,31.0,0.0,5.6,186.0,28.0,Warm
10318,1,8,0,1,0.0,0.0,0,0,214.0,214.0,3,2,0,0,0.0,0.0,10.5,193.0,19.0,Cold
10317,1,8,2,1,0.0,0.0,0,0,215.0,215.0,4,3,0,0,0.0,0.0,55.0,50.0,22.0,Warm
10316,1,8,0,1,0.0,0.0,0,0,215.0,215.0,4,1,0,0,0.0,0.0,4.67,201.0,19.5,Cold
10315,1,8,2,1,0.0,0.0,0,0,215.0,215.0,5,1,0,1,249.0,0.0,5.75,192.0,25.5,Warm
10314,1,8,0,1,0.0,0.0,0,0,216.0,216.0,2,1,0,0,0.0,0.0,5.0,211.0,19.5,Cold
10313,1,8,0,1,0.0,0.0,0,0,216.0,216.0,2,1,0,0,0.0,0.0,5.0,211.0,19.5,Cold
10312,1,8,0,1,0.0,0.0,0,0,216.0,216.0,3,1,0,1,396.0,0.0,9.0,198.0,26.5,Warm
10311,1,8,0,1,0.0,0.0,0,0,216.0,216.0,2,0,0,0,0.0,0.0,5.0,211.0,16.0,Cold
10310,1,8,0,1,0.0,0.0,0,0,216.0,216.0,3,0,0,1,211.0,0.0,9.0,198.0,25.0,Warm
10309,1,8,0,1,0.0,0.0,0,0,216.0,216.0,3,1,0,1,172.0,0.0,9.0,198.0,26.5,Warm
10308,1,8,0,1,0.0,0.0,0,0,216.0,216.0,4,0,0,1,135.0,0.0,10.67,184.0,25.0,Warm
10307,1,8,1,1,0.0,0.0,0,0,216.0,216.0,4,1,1,0,85.0,0.0,18.33,161.0,17.5,Cold
10306,1,8,1,1,0.0,0.0,0,0,216.0,216.0,2,1,0,0,0.0,0.0,21.0,195.0,17.5,Cold
10305,1,8,2,1,0.0,0.0,0,0,216.0,216.0,4,2,0,0,0.0,0.0,55.33,50.0,20.5,Warm
10304,1,8,6,1,0.0,0.0,0,0,216.0,216.0,4,3,1,0,30.0,0.0,8.0,192.0,25.5,Warm
10303,1,8,2,1,0.0,0.0,0,0,216.0,216.0,3,1,0,0,0.0,0.0,83.0,50.0,19.0,Cold
10302,1,8,6,1,0.0,0.0,0,0,216.0,216.0,6,2,1,0,0.0,0.0,4.8,192.0,22.5,Warm
10301,1,8,0,1,0.0,0.0,0,0,216.0,216.0,4,0,0,0,0.0,0.0,4.33,203.0,18.0,Cold
10300,1,8,0,1,0.0,0.0,0,0,216.0,216.0,4,0,0,0,0.0,0.0,5.0,201.0,18.0,Cold
10299,1,8,0,1,0.0,0.0,0,0,216.0,216.0,3,3,0,0,0.0,0.0,7.5,201.0,22.5,Warm
10298,1,8,0,1,0.0,0.0,0,0,216.0,216.0,4,0,0,0,0.0,0.0,5.0,201.0,18.0,Cold
10297,1,8,0,1,0.0,0.0,0,0,216.0,216.0,6,3,0,0,0.0,0.0,4.0,196.0,22.5,Warm
10296,1,8,0,1,0.0,0.0,0,0,216.0,216.0,2,0,0,0,0.0,0.0,14.0,201.0,18.0,Cold
10295,1,8,2,1,0.0,0.0,0,0,216.0,216.0,3,0,0,0,0.0,0.0,10.5,194.0,17.0,Cold
10294,2,8,2,1,0.0,0.0,0,0,216.0,216.0,5,0,0,1,280.0,0.0,39.5,57.0,27.0,Warm
10293,1,8,0,1,0.0,0.0,0,0,217.0,217.0,2,0,0,0,0.0,0.0,8.0,209.0,15.5,Cold
10292,1,8,0,1,0.0,0.0,0,0,217.0,217.0,2,1,0,0,0.0,0.0,12.0,205.0,17.0,Cold
10291,1,8,0,1,0.0,0.0,0,0,217.0,217.0,3,0,0,0,0.0,0.0,6.0,205.0,18.0,Cold
10290,1,8,0,1,0.0,0.0,0,0,217.0,217.0,1,0,0,0,0.0,0.0,-1.0,211.0,16.0,Cold
10289,1,8,6,1,0.0,0.0,0,0,217.0,217.0,1,0,0,0,0.0,0.0,-1.0,184.0,19.0,Cold
10288,1,8,6,1,0.0,0.0,0,0,217.0,217.0,5,0,0,1,676.0,0.0,14.25,160.0,28.0,Warm
10287,1,8,0,1,0.0,0.0,0,0,217.0,217.0,2,0,0,0,0.0,0.0,12.0,205.0,18.0,Cold
10286,1,8,0,1,0.0,0.0,0,0,218.0,218.0,2,1,0,0,0.0,0.0,13.0,205.0,19.5,Cold
10285,1,8,2,1,0.0,0.0,0,0,218.0,218.0,11,1,0,0,49.0,0.0,2.8,190.0,20.5,Warm
10284,1,8,0,1,0.0,0.0,0,0,218.0,218.0,4,0,0,0,20.0,0.0,6.67,198.0,20.0,Cold
10283,1,8,1,1,0.0,0.0,0,0,218.0,218.0,2,0,0,0,0.0,0.0,23.0,195.0,16.0,Cold
10282,1,8,1,1,0.0,0.0,0,0,218.0,218.0,2,0,0,0,0.0,0.0,23.0,195.0,16.0,Cold
10281,1,8,0,1,0.0,0.0,0,0,218.0,218.0,2,1,1,0,0.0,0.0,14.0,204.0,17.5,Cold
10280,1,8,2,1,0.0,0.0,0,0,218.0,218.0,4,0,0,0,0.0,0.0,33.67,117.0,17.0,Cold
10279,1,8,6,1,0.0,0.0,0,0,218.0,218.0,2,0,0,0,0.0,0.0,26.0,192.0,21.0,Warm
10278,1,8,0,1,0.0,0.0,0,0,218.0,218.0,2,0,0,0,0.0,0.0,20.0,198.0,18.5,Cold
10277,1,8,0,1,0.0,0.0,0,0,218.0,218.0,3,1,0,1,154.0,0.0,10.0,198.0,26.5,Warm
10276,1,8,2,1,0.0,0.0,0,0,218.0,218.0,7,0,0,0,60.0,0.0,4.67,190.0,19.0,Cold
10275,1,8,2,1,0.0,0.0,0,0,218.0,218.0,5,4,0,0,28.0,0.0,6.5,192.0,25.0,Warm
10274,1,8,0,1,0.0,0.0,0,0,219.0,219.0,2,1,0,0,0.0,0.0,21.0,198.0,21.5,Warm
10273,1,8,0,1,0.0,0.0,0,0,219.0,219.0,2,0,0,0,0.0,0.0,2.0,196.0,18.5,Cold
10272,1,8,2,1,0.0,0.0,0,0,219.0,219.0,5,1,0,0,0.0,0.0,7.25,190.0,18.5,Cold
10271,2,8,2,1,0.0,0.0,0,0,219.0,219.0,4,0,1,0,0.0,0.0,8.33,194.0,18.0,Cold
10270,2,8,0,1,0.0,0.0,0,0,219.0,219.0,8,2,0,0,0.0,0.0,3.14,197.0,24.0,Warm
10269,1,8,6,1,0.0,0.0,0,0,222.0,222.0,5,1,0,0,0.0,0.0,7.75,191.0,20.0,Cold
10268,2,8,6,1,0.0,0.0,0,0,222.0,222.0,3,1,1,0,0.0,0.0,31.0,160.0,22.0,Warm
10267,1,8,0,1,0.0,0.0,0,0,223.0,223.0,3,0,0,0,0.0,0.0,13.5,196.0,20.0,Cold
10266,1,8,0,1,0.0,0.0,0,0,223.0,223.0,4,0,0,0,0.0,0.0,8.33,198.0,18.5,Cold
10265,2,8,6,1,0.0,0.0,0,0,223.0,223.0,8,1,0,1,593.0,0.0,25.57,44.0,32.5,Warm
10264,1,8,0,1,0.0,0.0,0,0,223.0,223.0,3,1,0,0,0.0,0.0,12.5,198.0,20.0,Cold
10263,1,8,6,1,0.0,0.0,0,0,225.0,225.0,5,2,0,0,0.0,0.0,38.75,57.0,27.5,Warm
10262,1,8,6,1,0.0,0.0,0,0,160.0,227.0,17,6,1,0,136.0,0.0,10.94,52.0,33.0,Warm
10261,1,8,0,1,0.0,0.0,0,0,227.0,227.0,3,1,0,0,0.0,0.0,15.5,196.0,18.0,Cold
10260,1,8,6,1,0.0,0.0,0,0,227.0,227.0,8,4,0,0,85.0,0.0,22.29,71.0,32.0,Warm
10259,1,8,0,1,0.0,0.0,0,0,227.0,227.0,4,1,0,0,0.0,0.0,10.33,196.0,18.0,Cold
10258,1,8,6,1,0.0,0.0,0,0,230.0,230.0,3,1,0,0,0.0,0.0,23.0,184.0,25.5,Warm
10257,1,8,6,1,0.0,0.0,0,0,211.0,231.0,10,2,0,0,0.0,0.0,20.22,49.0,29.0,Warm
10256,1,8,6,1,0.0,0.0,0,0,160.0,231.0,41,18,0,0,228.0,0.0,4.67,44.0,41.0,Interested
10255,3,8,0,8,0.0,0.0,0,0,232.0,232.0,2,3,0,0,0.0,0.0,4.0,228.0,34.5,Warm
10254,1,8,6,1,0.0,0.0,0,0,211.0,232.0,17,0,1,0,32.0,0.0,11.25,52.0,24.0,Warm
10253,1,8,6,1,0.0,0.0,0,0,148.0,232.0,20,7,0,1,471.0,0.0,9.47,52.0,41.5,Interested
10252,1,8,6,1,0.0,0.0,0,0,190.0,232.0,13,4,1,0,0.0,0.0,14.67,56.0,30.0,Warm
10251,1,8,0,1,0.0,0.0,0,0,232.0,232.0,3,0,0,0,0.0,0.0,18.0,196.0,18.0,Cold
10250,1,8,0,1,0.0,0.0,0,0,232.0,232.0,2,0,0,0,0.0,0.0,0.0,232.0,18.0,Cold
10249,1,8,0,1,0.0,0.0,0,0,232.0,232.0,2,0,0,0,0.0,0.0,0.0,232.0,18.0,Cold
10248,1,8,0,1,0.0,0.0,0,0,232.0,232.0,3,0,0,0,0.0,0.0,1.0,230.0,18.5,Cold
10247,1,8,0,8,0.0,0.0,0,0,234.0,234.0,2,0,0,0,0.0,0.0,0.0,234.0,20.0,Cold
10246,1,8,0,1,0.0,0.0,0,0,237.0,237.0,3,1,0,0,0.0,0.0,5.5,226.0,19.5,Cold
10245,1,8,0,1,0.0,0.0,0,0,237.0,237.0,1,1,0,0,0.0,0.0,-1.0,237.0,22.5,Warm
10244,1,8,6,1,0.0,0.0,0,0,176.0,-1.0,17,0,0,0,0.0,0.0,8.56,101.0,23.0,Warm
10243,1,8,0,1,0.0,0.0,0,0,238.0,-1.0,3,1,0,0,0.0,0.0,6.0,226.0,19.5,Cold
10242,1,8,0,1,0.0,0.0,0,0,239.0,-1.0,3,0,0,0,0.0,0.0,6.5,226.0,18.0,Cold
10241,1,8,2,1,0.0,0.0,0,0,239.0,-1.0,2,0,0,0,0.0,0.0,55.0,184.0,17.0,Cold
10240,1,8,0,1,0.0,0.0,0,0,239.0,-1.0,4,2,0,0,0.0,0.0,4.33,226.0,21.0,Warm
10239,1,8,0,1,0.0,0.0,0,0,239.0,-1.0,3,0,0,0,0.0,0.0,6.5,226.0,18.0,Cold
10238,1,8,0,1,0.0,0.0,0,0,240.0,-1.0,2,0,0,0,0.0,0.0,3.0,237.0,15.5,Cold
10237,1,8,0,1,0.0,0.0,0,0,240.0,-1.0,3,1,0,0,0.0,0.0,7.0,226.0,19.5,Cold
10236,1,8,0,1,0.0,0.0,0,0,240.0,-1.0,3,1,1,0,0.0,0.0,7.0,226.0,17.5,Cold
10235,1,8,0,1,0.0,0.0,0,0,240.0,-1.0,2,0,0,0,0.0,0.0,9.0,231.0,18.0,Cold
10234,1,8,0,1,0.0,0.0,0,0,240.0,-1.0,3,0,0,0,0.0,0.0,7.0,226.0,18.0,Cold
10233,1,8,0,1,0.0,0.0,0,0,240.0,-1.0,2,0,0,0,0.0,0.0,3.0,237.0,18.0,Cold
10232,1,8,0,1,0.0,0.0,0,0,240.0,-1.0,4,2,0,0,0.0,0.0,9.67,211.0,19.0,Cold
10231,1,8,0,1,0.0,0.0,0,0,241.0,-1.0,2,0,0,0,0.0,0.0,4.0,237.0,18.0,Cold
10230,1,8,0,1,0.0,0.0,0,0,241.0,-1.0,3,1,0,0,0.0,0.0,15.0,211.0,19.5,Cold
10229,1,8,0,1,0.0,0.0,0,0,241.0,-1.0,3,1,0,0,0.0,0.0,7.5,226.0,19.5,Cold
10228,1,8,0,1,0.0,0.0,0,0,241.0,-1.0,2,0,0,0,0.0,0.0,4.0,237.0,18.0,Cold
10227,1,8,0,1,0.0,0.0,0,0,241.0,-1.0,3,2,0,0,0.0,0.0,7.5,226.0,21.0,Warm
10226,1,8,0,1,0.0,0.0,0,0,241.0,-1.0,3,1,0,0,0.0,0.0,7.5,226.0,19.5,Cold
10225,1,8,0,1,0.0,0.0,0,0,241.0,-1.0,2,0,0,0,0.0,0.0,4.0,237.0,16.0,Cold
10224,1,8,2,1,0.0,0.0,0,0,242.0,-1.0,2,3,1,0,0.0,0.0,100.0,142.0,22.5,Warm
10223,1,8,0,1,0.0,0.0,0,0,242.0,-1.0,2,4,1,0,0.0,0.0,32.0,210.0,25.0,Warm
10222,1,8,0,1,0.0,0.0,0,0,242.0,-1.0,2,2,0,0,0.0,0.0,35.0,207.0,24.0,Warm
10221,1,8,0,1,0.0,0.0,0,0,242.0,-1.0,2,2,0,0,0.0,0.0,35.0,207.0,24.0,Warm
10220,1,8,0,1,0.0,0.0,0,0,242.0,-1.0,1,2,0,0,0.0,0.0,-1.0,242.0,24.0,Warm
10219,1,8,0,1,0.0,0.0,0,0,242.0,-1.0,2,1,1,0,0.0,0.0,35.0,207.0,20.5,Warm
10218,1,8,0,8,0.0,0.0,0,0,244.0,-1.0,2,2,0,0,0.0,0.0,0.0,244.0,26.0,Warm
10217,1,8,6,1,0.0,0.0,0,0,244.0,-1.0,6,2,4,0,0.0,0.0,10.4,192.0,20.0,Cold
10216,1,8,0,1,0.0,0.0,0,0,244.0,-1.0,5,2,3,0,0.0,0.0,10.0,204.0,19.0,Cold
10215,1,8,2,1,0.0,0.0,0,0,244.0,-1.0,8,1,3,0,0.0,0.0,28.14,47.0,17.0,Cold
10214,1,8,6,1,0.0,0.0,0,0,244.0,-1.0,5,3,3,0,0.0,0.0,48.5,50.0,22.0,Warm
10213,1,8,6,1,0.0,0.0,0,0,241.0,-1.0,7,3,2,0,0.0,0.0,8.67,192.0,25.5,Warm
10212,1,8,0,1,0.0,0.0,0,0,244.0,-1.0,2,0,0,0,0.0,0.0,13.0,231.0,18.0,Cold
10211,1,8,0,1,0.0,0.0,0,0,244.0,-1.0,2,0,0,0,0.0,0.0,13.0,231.0,18.0,Cold
10210,1,8,0,1,0.0,0.0,0,0,244.0,-1.0,2,0,0,0,0.0,0.0,13.0,231.0,18.0,Cold
10209,1,8,1,8,0.0,0.0,0,0,244.0,-1.0,9,4,0,1,461.0,0.0,18.12,99.0,34.0,Warm
10208,1,8,0,1,0.0,0.0,0,0,244.0,-1.0,2,0,0,0,0.0,0.0,13.0,231.0,15.5,Cold
10207,1,8,0,1,0.0,0.0,0,0,244.0,-1.0,2,1,0,0,0.0,0.0,7.0,237.0,19.5,Cold
10206,1,8,2,1,0.0,0.0,0,0,218.0,-1.0,11,2,1,0,39.0,0.0,20.2,42.0,20.0,Cold
10205,1,8,6,1,0.0,0.0,0,0,244.0,-1.0,6,3,1,0,0.0,0.0,38.8,50.0,24.0,Warm
10204,3,8,0,8,0.0,0.0,0,0,245.0,-1.0,2,0,0,0,0.0,0.0,0.0,245.0,30.0,Warm
10203,1,8,2,1,0.0,0.0,0,0,245.0,-1.0,3,3,1,0,0.0,0.0,27.5,190.0,19.5,Cold
10202,1,8,0,1,0.0,0.0,0,0,246.0,-1.0,3,1,0,0,19.0,0.0,23.5,199.0,21.5,Warm
10201,1,8,0,1,0.0,0.0,0,0,246.0,-1.0,2,0,0,0,0.0,0.0,9.0,237.0,15.5,Cold
10200,1,8,0,1,0.0,0.0,0,0,246.0,-1.0,3,0,0,0,0.0,0.0,22.0,202.0,21.0,Warm
10199,1,8,0,1,0.0,0.0,0,0,246.0,-1.0,2,1,0,0,0.0,0.0,9.0,237.0,19.5,Cold
10198,1,8,0,1,0.0,0.0,0,0,246.0,-1.0,2,0,0,0,0.0,0.0,9.0,237.0,15.5,Cold
10196,1,8,0,1,0.0,0.0,0,0,262.0,-1.0,2,5,0,0,0.0,0.0,51.0,211.0,23.0,Warm
10195,1,8,0,1,0.0,0.0,0,0,252.0,-1.0,7,0,0,0,0.0,0.0,7.5,217.0,20.0,Cold
10194,1,8,6,1,0.0,0.0,0,0,227.0,-1.0,15,0,1,0,0.0,0.0,9.21,133.0,21.0,Warm
10193,1,8,6,1,0.0,0.0,0,0,183.0,-1.0,15,3,0,0,73.0,0.0,15.57,44.0,27.5,Warm
10192,1,8,6,1,0.0,0.0,0,0,217.0,-1.0,18,4,0,0,0.0,0.0,4.59,184.0,29.0,Warm
10191,1,8,0,1,0.0,0.0,0,0,262.0,-1.0,2,2,0,0,0.0,0.0,0.0,262.0,24.0,Warm
10190,1,8,0,1,0.0,0.0,0,0,269.0,-1.0,3,2,0,0,0.0,0.0,3.5,262.0,24.0,Warm
10189,1,8,0,1,0.0,0.0,0,0,269.0,-1.0,4,2,0,0,0.0,0.0,7.33,247.0,24.0,Warm
10188,1,8,0,1,0.0,0.0,0,0,269.0,-1.0,2,0,0,0,0.0,0.0,0.0,269.0,15.5,Cold
10186,1,8,6,1,0.0,0.0,0,0,278.0,-1.0,10,0,0,0,0.0,0.0,23.33,68.0,21.0,Warm
10185,1,8,0,1,0.0,0.0,0,0,280.0,-1.0,2,2,0,0,0.0,0.0,0.0,280.0,24.0,Warm
10184,1,8,0,0,0.0,0.0,0,1,280.0,-1.0,2,2,0,0,0.0,0.0,0.0,280.0,21.0,Warm
10183,1,8,0,1,0.0,0.0,0,0,280.0,-1.0,2,0,0,0,0.0,0.0,0.0,280.0,21.0,Warm
10181,1,8,0,0,0.0,0.0,0,1,283.0,-1.0,1,0,0,0,0.0,0.0,-1.0,280.0,12.5,Cold
10180,1,8,2,0,0.0,0.0,0,1,283.0,-1.0,3,4,1,0,0.0,0.0,116.5,50.0,19.2,Cold
10179,1,8,6,1,0.0,0.0,0,0,283.0,-1.0,2,1,2,0,0.0,0.0,14.0,43.0,19.0,Cold
10178,1,8,0,1,0.0,0.0,0,0,280.0,-1.0,4,1,0,0,0.0,0.0,11.0,247.0,21.5,Warm
10177,1,8,0,1,0.0,0.0,0,0,283.0,-1.0,3,0,0,0,0.0,0.0,16.0,248.0,18.0,Cold
10176,1,8,0,1,0.0,0.0,0,0,283.0,-1.0,1,0,1,0,0.0,0.0,-1.0,196.0,13.5,Cold
10175,1,8,0,1,0.0,0.0,0,0,283.0,-1.0,1,0,0,0,0.0,0.0,-1.0,196.0,15.5,Cold
10174,1,8,6,1,0.0,0.0,0,0,283.0,-1.0,1,0,0,0,0.0,0.0,-1.0,192.0,18.5,Cold
10173,1,8,2,1,0.0,0.0,0,0,283.0,-1.0,5,4,1,0,0.0,0.0,57.75,50.0,21.5,Warm
10172,1,8,6,1,0.0,0.0,0,0,283.0,-1.0,1,1,1,0,0.0,0.0,-1.0,192.0,18.0,Cold
10171,1,8,6,1,0.0,0.0,0,0,204.0,-1.0,16,6,0,0,84.0,0.0,15.67,52.0,35.0,Warm
10170,1,8,0,1,0.0,0.0,0,0,287.0,-1.0,2,0,0,0,0.0,0.0,5.0,282.0,21.0,Warm
10169,1,8,0,0,0.0,0.0,0,1,288.0,-1.0,4,1,0,0,0.0,0.0,0.67,288.0,18.5,Cold
10168,1,8,0,0,0.0,0.0,0,1,290.0,-1.0,2,0,0,0,0.0,0.0,0.0,290.0,15.0,Cold
10167,1,8,0,1,0.0,0.0,0,0,288.0,-1.0,7,2,0,0,0.0,0.0,7.0,248.0,26.0,Warm
10166,1,8,0,1,0.0,0.0,0,0,292.0,-1.0,5,0,0,0,0.0,0.0,5.25,271.0,16.0,Cold
10165,2,8,0,1,0.0,0.0,0,0,293.0,-1.0,3,2,0,0,0.0,0.0,37.5,218.0,24.5,Warm
10164,2,8,0,1,0.0,0.0,0,0,293.0,-1.0,2,2,0,0,0.0,0.0,17.0,276.0,24.5,Warm
10163,1,8,0,1,0.0,0.0,0,0,294.0,-1.0,1,1,0,0,0.0,0.0,-1.0,292.0,22.7,Warm
10162,1,8,0,1,0.0,0.0,0,0,294.0,-1.0,1,1,0,0,0.0,0.0,-1.0,292.0,22.7,Warm
10161,1,8,0,1,0.0,0.0,0,0,294.0,-1.0,1,1,0,0,0.0,0.0,-1.0,292.0,22.7,Warm
10160,1,8,2,0,0.0,0.0,0,1,295.0,-1.0,8,2,2,0,54.0,0.0,36.0,43.0,16.2,Cold
10159,2,8,0,1,2500000.0,55000000.0,1,0,286.0,-1.0,6,3,0,0,0.0,55000000.0,9.4,247.0,35.5,Warm
10158,1,8,0,1,0.0,0.0,0,0,296.0,-1.0,1,1,0,0,0.0,0.0,-1.0,292.0,22.7,Warm
10157,1,8,0,1,0.0,0.0,0,0,297.0,-1.0,2,2,0,0,0.0,0.0,0.0,292.0,25.4,Warm
10156,1,8,0,0,0.0,0.0,0,1,296.0,-1.0,2,0,0,0,0.0,0.0,0.0,296.0,17.0,Cold
10155,1,8,0,0,0.0,0.0,0,1,296.0,-1.0,2,0,0,0,0.0,0.0,0.0,296.0,17.0,Cold
10154,1,8,0,1,0.0,0.0,0,0,297.0,-1.0,3,1,1,0,0.0,0.0,27.0,227.0,17.5,Cold
10153,1,8,0,1,0.0,0.0,0,0,294.0,-1.0,3,0,1,0,0.0,0.0,1.0,294.0,18.0,Cold
10152,1,8,0,1,0.0,0.0,0,0,297.0,-1.0,1,0,0,0,0.0,0.0,-1.0,226.0,15.5,Cold
10151,1,8,0,0,0.0,0.0,0,1,296.0,-1.0,2,0,0,0,0.0,0.0,0.0,296.0,17.0,Cold
10150,1,8,0,0,0.0,0.0,0,1,297.0,-1.0,1,0,0,0,0.0,0.0,-1.0,296.0,12.5,Cold
10149,1,8,0,1,0.0,0.0,0,0,297.0,-1.0,1,1,1,0,0.0,0.0,-1.0,240.0,17.5,Cold
10148,1,8,0,1,0.0,0.0,0,0,297.0,-1.0,1,0,0,0,0.0,0.0,-1.0,296.0,15.5,Cold
10147,1,8,0,1,0.0,0.0,0,0,297.0,-1.0,1,0,0,0,0.0,0.0,-1.0,296.0,15.5,Cold
10146,1,8,6,1,0.0,0.0,0,0,297.0,-1.0,2,0,0,0,0.0,0.0,9.0,189.0,21.0,Warm
10145,1,8,0,1,0.0,0.0,0,0,297.0,-1.0,2,0,0,0,41.0,0.0,0.0,198.0,20.0,Cold
10144,1,8,6,1,0.0,0.0,0,0,297.0,-1.0,12,0,0,0,0.0,0.0,21.82,57.0,24.0,Warm
10143,1,8,6,1,0.0,0.0,0,0,241.0,-1.0,18,3,0,0,122.0,0.0,14.88,44.0,30.5,Warm
10142,1,8,6,1,0.0,0.0,0,0,268.0,-1.0,21,1,0,0,75.0,0.0,12.65,44.0,24.5,Warm
10141,1,8,0,1,0.0,0.0,0,0,297.0,-1.0,2,1,1,0,0.0,0.0,57.0,240.0,17.5,Cold
10140,2,8,6,1,0.0,0.0,0,0,297.0,-1.0,7,2,2,0,42.0,0.0,40.17,56.0,25.0,Warm
10139,1,8,0,1,0.0,0.0,0,0,297.0,-1.0,1,0,0,0,0.0,0.0,-1.0,297.0,18.0,Cold
10138,1,8,0,1,0.0,0.0,0,0,297.0,-1.0,2,0,1,0,0.0,0.0,70.0,227.0,16.0,Cold
10137,1,8,0,1,0.0,0.0,0,0,297.0,-1.0,2,0,0,0,0.0,0.0,70.0,227.0,18.0,Cold
10136,1,8,0,1,0.0,0.0,0,0,297.0,-1.0,3,0,0,0,0.0,0.0,44.5,208.0,18.0,Cold
10135,1,8,0,1,0.0,0.0,0,0,297.0,-1.0,6,0,6,0,0.0,0.0,1.8,288.0,13.5,Cold
10134,1,8,0,1,0.0,0.0,0,0,297.0,-1.0,10,0,0,0,0.0,0.0,2.0,279.0,18.5,Cold
10133,1,8,0,1,0.0,0.0,0,0,299.0,-1.0,2,1,0,0,0.0,0.0,0.0,299.0,19.5,Cold
10132,1,8,2,1,0.0,0.0,0,0,299.0,-1.0,4,3,0,0,0.0,0.0,83.33,49.0,21.5,Warm
10131,1,8,0,1,0.0,0.0,0,0,299.0,-1.0,4,1,0,0,0.0,0.0,30.33,208.0,19.5,Cold
10130,1,8,0,1,0.0,0.0,0,0,218.0,-1.0,4,1,0,0,0.0,0.0,29.33,212.0,21.5,Warm
10128,1,8,0,1,0.0,0.0,0,0,302.0,-1.0,6,0,0,0,0.0,0.0,10.0,252.0,15.5,Cold
10127,1,8,6,1,0.0,0.0,0,0,270.0,-1.0,14,1,0,0,0.0,0.0,18.38,63.0,24.5,Warm
10126,1,8,0,1,0.0,0.0,0,0,302.0,-1.0,7,0,0,0,0.0,0.0,8.33,252.0,15.5,Cold
10125,1,8,0,1,0.0,0.0,0,0,302.0,-1.0,2,2,0,0,0.0,0.0,0.0,292.0,25.4,Warm
10124,1,8,6,1,0.0,0.0,0,0,260.0,-1.0,14,1,0,0,0.0,0.0,10.0,172.0,24.5,Warm
10123,1,8,6,1,0.0,0.0,0,0,252.0,-1.0,16,0,0,0,0.0,0.0,19.07,16.0,23.0,Warm
10122,1,8,6,1,0.0,0.0,0,0,248.0,-1.0,14,0,0,0,0.0,0.0,22.77,6.0,18.5,Cold
10121,1,8,6,1,0.0,0.0,0,0,232.0,-1.0,16,0,0,0,0.0,0.0,12.13,120.0,23.0,Warm
10120,1,8,6,1,0.0,0.0,0,0,178.0,-1.0,19,2,0,0,63.0,0.0,13.89,52.0,26.0,Warm
10119,1,8,6,1,0.0,0.0,0,0,300.0,-1.0,10,2,3,0,0.0,0.0,28.67,44.0,22.0,Warm
10118,1,8,0,1,0.0,0.0,0,0,303.0,-1.0,2,2,0,0,0.0,0.0,91.0,212.0,21.0,Warm
10117,1,8,0,1,0.0,0.0,0,0,303.0,-1.0,2,0,0,0,0.0,0.0,15.0,288.0,18.0,Cold
10116,1,8,2,1,0.0,0.0,0,0,304.0,-1.0,1,0,0,0,0.0,0.0,-1.0,192.0,14.5,Cold
10113,1,8,0,1,0.0,0.0,0,0,304.0,-1.0,2,1,0,0,0.0,0.0,1.0,301.0,19.5,Cold
10112,1,8,0,1,0.0,0.0,0,0,303.0,-1.0,2,0,1,0,0.0,0.0,101.0,202.0,16.0,Cold
10111,1,8,0,1,0.0,0.0,0,0,297.0,-1.0,1,0,0,0,0.0,0.0,-1.0,297.0,18.0,Cold
10110,1,8,0,1,0.0,0.0,0,0,303.0,-1.0,2,1,1,0,0.0,0.0,101.0,202.0,17.5,Cold
10109,1,8,0,1,0.0,0.0,0,0,297.0,-1.0,1,0,0,0,0.0,0.0,-1.0,297.0,18.0,Cold
10108,1,8,0,1,0.0,0.0,0,0,304.0,-1.0,8,0,1,0,0.0,0.0,3.43,278.0,15.5,Cold
10107,1,8,0,1,0.0,0.0,0,0,304.0,-1.0,1,1,1,0,0.0,0.0,-1.0,302.0,20.7,Warm
10106,1,8,6,0,0.0,0.0,0,1,303.0,-1.0,5,0,4,0,0.0,0.0,65.25,42.0,14.5,Cold
10103,1,8,0,0,0.0,0.0,0,1,307.0,-1.0,2,2,0,0,0.0,0.0,1.0,306.0,18.0,Cold
10102,1,8,0,1,0.0,0.0,0,0,308.0,-1.0,5,6,0,0,0.0,0.0,1.75,301.0,27.0,Warm
10101,1,8,0,1,0.0,0.0,0,0,308.0,-1.0,3,1,0,0,0.0,0.0,2.5,303.0,19.5,Cold
10100,1,8,6,1,0.0,0.0,0,0,308.0,-1.0,8,2,3,0,0.0,0.0,26.14,125.0,20.0,Cold
10097,1,8,0,1,0.0,0.0,0,0,310.0,-1.0,2,1,1,0,0.0,0.0,0.0,296.0,17.0,Cold
10096,1,8,0,1,0.0,0.0,0,0,310.0,-1.0,2,0,1,0,0.0,0.0,108.0,202.0,16.0,Cold
10095,1,8,0,1,0.0,0.0,0,0,310.0,-1.0,2,0,0,0,0.0,0.0,0.0,310.0,20.0,Cold
10094,1,8,6,1,0.0,0.0,0,0,217.0,-1.0,11,1,0,0,0.0,0.0,11.1,191.0,24.5,Warm
10093,1,8,6,1,0.0,0.0,0,0,241.0,-1.0,16,0,3,0,0.0,0.0,7.53,189.0,17.0,Cold
10092,1,8,0,1,0.0,0.0,0,0,310.0,-1.0,2,0,0,0,0.0,0.0,0.0,302.0,15.5,Cold
10091,1,8,1,1,0.0,0.0,0,0,310.0,-1.0,1,1,1,0,0.0,0.0,-1.0,192.0,15.5,Cold
10090,1,8,0,1,0.0,0.0,0,0,310.0,-1.0,3,0,1,0,0.0,0.0,4.0,302.0,16.0,Cold
10089,1,8,0,1,0.0,0.0,0,0,310.0,-1.0,2,0,1,0,0.0,0.0,108.0,202.0,16.0,Cold
10088,1,8,0,0,0.0,0.0,0,1,310.0,-1.0,3,0,0,0,0.0,0.0,16.0,278.0,15.5,Cold
10087,1,8,0,1,0.0,0.0,0,0,311.0,-1.0,1,0,0,0,0.0,0.0,-1.0,196.0,15.5,Cold
10085,1,8,0,1,0.0,0.0,0,0,314.0,-1.0,3,1,0,0,0.0,0.0,0.5,313.0,19.5,Cold
10084,1,8,1,1,0.0,0.0,0,0,315.0,-1.0,1,0,0,0,0.0,0.0,-1.0,192.0,13.5,Cold
10083,1,8,6,1,0.0,0.0,0,0,314.0,-1.0,10,1,3,0,0.0,0.0,27.11,70.0,18.0,Cold
10082,1,8,0,1,0.0,0.0,0,0,315.0,-1.0,4,0,0,0,0.0,0.0,29.33,227.0,18.0,Cold
10081,2,8,0,1,0.0,0.0,0,0,315.0,-1.0,3,0,1,0,0.0,0.0,6.5,302.0,21.0,Warm
10080,1,8,6,1,0.0,0.0,0,0,316.0,-1.0,15,0,2,0,0.0,0.0,19.5,43.0,17.0,Cold
10079,1,8,0,0,0.0,0.0,0,1,317.0,-1.0,1,0,0,0,0.0,0.0,-1.0,316.0,15.0,Cold
10078,1,8,2,1,0.0,0.0,0,0,317.0,-1.0,2,0,0,0,88.0,0.0,12.0,56.0,19.0,Cold
10077,1,8,1,1,0.0,0.0,0,0,317.0,-1.0,1,0,0,0,0.0,0.0,-1.0,62.0,14.0,Cold
10076,1,8,0,0,0.0,0.0,0,1,317.0,-1.0,1,0,0,0,0.0,0.0,-1.0,316.0,15.0,Cold
10075,1,8,0,0,0.0,0.0,0,1,317.0,-1.0,1,0,0,0,0.0,0.0,-1.0,316.0,15.0,Cold
10074,1,8,0,1,0.0,0.0,0,0,303.0,-1.0,2,0,1,0,0.0,0.0,101.0,202.0,13.5,Cold
10073,1,8,6,1,0.0,0.0,0,0,310.0,-1.0,2,0,1,0,0.0,0.0,119.0,191.0,19.0,Cold
10072,1,8,6,1,0.0,0.0,0,0,310.0,-1.0,3,0,0,0,24.0,0.0,59.5,191.0,23.0,Warm
10071,1,8,1,1,0.0,0.0,0,0,317.0,-1.0,1,0,0,0,0.0,0.0,-1.0,192.0,13.5,Cold
10070,1,8,6,1,0.0,0.0,0,0,317.0,-1.0,10,1,0,0,0.0,0.0,28.22,63.0,24.5,Warm
10069,1,8,0,1,0.0,0.0,0,0,318.0,-1.0,1,0,0,0,0.0,0.0,-1.0,295.0,18.0,Cold
10068,1,8,1,1,0.0,0.0,0,0,318.0,-1.0,1,0,0,0,0.0,0.0,-1.0,192.0,13.5,Cold
10067,1,8,6,1,0.0,0.0,0,0,217.0,-1.0,14,1,0,0,0.0,0.0,20.23,56.0,24.5,Warm
10066,1,8,6,1,0.0,0.0,0,0,152.0,-1.0,19,3,0,0,153.0,0.0,13.56,75.0,27.5,Warm
10065,1,8,6,1,0.0,0.0,0,0,233.0,-1.0,16,2,0,0,48.0,0.0,17.8,52.0,26.0,Warm
10064,1,8,6,1,0.0,0.0,0,0,287.0,-1.0,13,0,0,0,0.0,0.0,15.42,134.0,18.5,Cold
10063,1,8,6,1,0.0,0.0,0,0,179.0,-1.0,34,6,0,0,0.0,0.0,9.18,16.0,35.0,Warm
10062,1,8,6,1,0.0,0.0,0,0,217.0,-1.0,25,7,1,0,0.0,0.0,10.58,65.0,34.5,Warm
10061,1,8,6,1,0.0,0.0,0,0,217.0,-1.0,17,4,0,0,91.0,0.0,16.25,59.0,29.0,Warm
10060,1,8,6,1,0.0,0.0,0,0,179.0,-1.0,20,0,0,0,0.0,0.0,11.53,100.0,23.0,Warm
10059,1,8,6,1,0.0,0.0,0,0,252.0,-1.0,14,1,0,0,0.0,0.0,9.46,196.0,24.5,Warm
10058,1,8,6,1,0.0,0.0,0,0,287.0,-1.0,19,0,2,0,55.0,0.0,16.44,23.0,19.0,Cold
10057,1,8,6,1,0.0,0.0,0,0,189.0,-1.0,23,0,0,0,43.0,0.0,12.14,52.0,23.0,Warm
10056,1,8,6,1,0.0,0.0,0,0,311.0,-1.0,15,1,0,0,80.0,0.0,19.64,44.0,24.5,Warm
10055,1,8,6,1,0.0,0.0,0,0,211.0,-1.0,21,5,0,0,56.0,0.0,13.4,51.0,30.5,Warm
10054,2,8,0,1,0.0,0.0,0,0,316.0,-1.0,18,7,0,0,0.0,0.0,0.88,304.0,33.5,Warm
10053,1,8,0,1,0.0,0.0,0,0,296.0,-1.0,1,0,0,0,0.0,0.0,-1.0,296.0,15.5,Cold
10052,1,8,0,1,15000000.0,17500000.0,1,0,296.0,-1.0,8,1,1,0,0.0,17500000.0,3.29,296.0,23.5,Warm
10051,1,8,6,1,0.0,0.0,0,0,320.0,-1.0,7,6,1,0,0.0,0.0,32.5,125.0,28.0,Warm
10050,1,8,0,0,0.0,0.0,0,1,320.0,-1.0,2,2,2,0,0.0,0.0,0.0,320.0,16.0,Cold
10048,1,8,0,0,0.0,0.0,0,1,320.0,-1.0,2,0,0,0,0.0,0.0,0.0,320.0,15.0,Cold
10047,1,8,6,1,0.0,0.0,0,0,320.0,-1.0,10,4,2,0,0.0,0.0,16.22,174.0,32.0,Warm
10046,1,8,0,1,0.0,0.0,0,0,316.0,-1.0,3,0,0,0,0.0,0.0,2.5,316.0,20.0,Cold
10045,1,8,6,1,0.0,0.0,0,0,321.0,-1.0,6,1,6,0,0.0,0.0,39.2,125.0,18.5,Cold
10044,1,8,0,1,1900000.0,21000000.0,1,0,296.0,-1.0,15,5,1,0,0.0,21000000.0,1.79,296.0,31.5,Warm
10043,1,8,0,0,0.0,0.0,0,1,321.0,-1.0,1,1,1,0,0.0,0.0,-1.0,321.0,14.5,Cold
10042,1,8,0,1,25000000.0,29000000.0,1,0,321.0,-1.0,2,1,3,0,0.0,29000000.0,25.0,202.0,21.5,Warm
10041,1,8,0,1,25000000.0,29000000.0,1,0,321.0,-1.0,4,0,4,0,0.0,29000000.0,35.67,208.0,22.0,Warm
10040,1,8,0,0,0.0,0.0,0,1,321.0,-1.0,1,0,1,0,0.0,0.0,-1.0,321.0,10.5,Cold
10039,1,8,0,0,0.0,0.0,0,1,321.0,-1.0,1,0,0,0,0.0,0.0,-1.0,321.0,15.0,Cold
10038,1,8,0,1,0.0,0.0,0,0,314.0,-1.0,3,0,2,0,0.0,0.0,62.5,196.0,14.0,Cold
10037,1,8,0,0,0.0,0.0,0,1,321.0,-1.0,1,0,0,0,0.0,0.0,-1.0,320.0,15.0,Cold
10035,2,8,0,1,0.0,0.0,0,0,321.0,-1.0,3,1,0,0,0.0,0.0,60.0,201.0,22.5,Warm
10034,1,8,0,1,0.0,0.0,0,0,314.0,-1.0,7,0,0,0,0.0,0.0,1.17,314.0,20.0,Cold
10033,1,8,0,0,0.0,0.0,0,1,321.0,-1.0,3,1,1,0,0.0,0.0,0.0,320.0,14.5,Cold
10032,3,8,0,8,6000000.0,7000000.0,1,0,322.0,-1.0,1,4,0,0,0.0,7000000.0,-1.0,316.0,41.3,Interested
10031,2,8,0,1,3.0,4.0,1,0,321.0,-1.0,2,1,0,0,0.0,4.0,1.0,321.0,26.5,Warm
10030,1,8,6,1,0.0,0.0,0,0,269.0,-1.0,21,1,0,0,108.0,0.0,12.95,63.0,24.5,Warm
10029,1,8,6,1,0.0,0.0,0,0,179.0,-1.0,23,1,0,0,0.0,0.0,9.14,121.0,24.5,Warm
10028,1,8,0,1,0.0,0.0,0,0,322.0,-1.0,1,0,0,0,0.0,0.0,-1.0,322.0,18.0,Cold
10027,1,8,0,1,0.0,0.0,0,0,322.0,-1.0,1,0,0,0,0.0,0.0,-1.0,295.0,18.0,Cold
10026,1,8,0,1,0.0,0.0,0,0,322.0,-1.0,11,0,0,0,0.0,0.0,2.3,299.0,20.0,Cold
10024,1,8,6,1,0.0,0.0,0,0,168.0,-1.0,26,2,0,0,90.0,0.0,11.12,44.0,26.0,Warm
10023,1,8,0,1,0.0,0.0,0,0,322.0,-1.0,3,0,0,0,0.0,0.0,63.0,196.0,20.0,Cold
10022,1,8,6,1,0.0,0.0,0,0,287.0,-1.0,28,2,0,0,0.0,0.0,10.11,51.0,26.0,Warm
10021,1,8,1,1,0.0,0.0,0,0,327.0,-1.0,1,1,1,0,0.0,0.0,-1.0,192.0,15.5,Cold
10020,1,8,1,1,0.0,0.0,0,0,327.0,-1.0,1,0,0,0,0.0,0.0,-1.0,192.0,13.5,Cold
10019,1,8,2,1,0.0,0.0,0,0,327.0,-1.0,3,3,3,0,0.0,0.0,0.0,192.0,19.5,Cold
10018,1,8,1,1,0.0,0.0,0,0,327.0,-1.0,1,0,0,0,0.0,0.0,-1.0,191.0,13.5,Cold
10017,1,8,2,1,0.0,0.0,0,0,327.0,-1.0,1,1,0,0,0.0,0.0,-1.0,191.0,18.5,Cold
10014,1,8,2,1,0.0,0.0,0,0,327.0,-1.0,2,1,1,0,48.0,0.0,0.0,57.0,18.5,Cold
10013,1,8,2,1,0.0,0.0,0,0,327.0,-1.0,2,1,1,0,49.0,0.0,0.0,57.0,18.5,Cold
10012,1,8,2,1,0.0,0.0,0,0,327.0,-1.0,2,0,0,0,41.0,0.0,0.0,57.0,19.0,Cold
10011,1,8,2,1,0.0,0.0,0,0,327.0,-1.0,2,1,1,1,235.0,0.0,0.0,58.0,23.5,Warm
10009,1,8,1,1,0.0,0.0,0,0,327.0,-1.0,1,0,0,0,0.0,0.0,-1.0,161.0,13.5,Cold
10005,1,8,0,1,0.0,0.0,0,0,327.0,-1.0,1,0,0,0,0.0,0.0,-1.0,71.0,16.0,Cold
10003,1,8,2,1,0.0,0.0,0,0,327.0,-1.0,2,0,1,0,0.0,0.0,16.0,42.0,13.0,Cold
10002,1,8,2,1,0.0,0.0,0,0,327.0,-1.0,2,0,0,0,75.0,0.0,0.0,57.0,19.0,Cold
10001,1,8,1,0,0.0,0.0,0,1,327.0,-1.0,1,1,1,0,0.0,0.0,-1.0,63.0,10.5,Cold
9997,1,8,2,1,0.0,0.0,0,0,327.0,-1.0,2,0,0,1,175.0,0.0,0.0,57.0,24.0,Warm
9996,1,8,6,1,0.0,0.0,0,0,319.0,-1.0,19,1,0,0,0.0,0.0,7.83,191.0,27.5,Warm
9995,1,8,6,1,0.0,0.0,0,0,332.0,-1.0,15,0,0,1,137.0,0.0,18.71,70.0,31.0,Warm
9994,1,8,0,1,0.0,0.0,0,0,332.0,-1.0,4,4,1,0,0.0,0.0,4.0,320.0,25.0,Warm
9993,1,8,0,1,0.0,0.0,0,0,336.0,-1.0,1,0,0,0,0.0,0.0,-1.0,336.0,16.0,Cold
9992,1,8,0,1,0.0,0.0,0,0,336.0,-1.0,4,4,1,0,0.0,0.0,43.0,207.0,26.1,Warm
9991,1,8,2,0,0.0,0.0,0,1,336.0,-1.0,3,2,1,0,0.0,0.0,145.5,45.0,16.2,Cold
9990,1,8,6,0,0.0,0.0,0,1,336.0,-1.0,2,1,0,0,0.0,0.0,145.0,191.0,19.5,Cold
9989,1,8,2,1,0.0,0.0,0,0,337.0,-1.0,13,5,0,1,458.0,0.0,27.0,13.0,33.9,Warm
9988,1,8,0,1,0.0,0.0,0,0,337.0,-1.0,2,3,1,0,0.0,0.0,41.0,296.0,26.1,Warm
9987,1,8,6,1,0.0,0.0,0,0,339.0,-1.0,6,2,1,0,30.0,0.0,42.8,125.0,24.0,Warm
9986,1,8,0,1,0.0,0.0,0,0,339.0,-1.0,2,1,0,0,0.0,0.0,143.0,196.0,17.0,Cold
9985,1,8,6,1,0.0,0.0,0,0,339.0,-1.0,2,2,0,0,0.0,0.0,148.0,191.0,24.0,Warm
9984,1,8,6,1,0.0,0.0,0,0,339.0,-1.0,3,1,0,0,0.0,0.0,103.0,133.0,20.0,Cold
9983,1,8,0,1,0.0,0.0,0,0,339.0,-1.0,2,0,0,0,0.0,0.0,57.0,282.0,18.0,Cold
9982,1,8,6,0,0.0,0.0,0,1,339.0,-1.0,4,3,1,0,26.0,0.0,99.0,42.0,26.1,Warm
9981,1,8,0,1,0.0,0.0,0,0,339.0,-1.0,2,2,1,0,0.0,0.0,58.0,281.0,18.9,Cold
9980,1,8,6,1,0.0,0.0,0,0,339.0,-1.0,2,2,0,0,0.0,0.0,149.0,190.0,23.9,Warm
9979,1,8,6,1,0.0,0.0,0,0,339.0,-1.0,2,5,1,0,0.0,0.0,148.0,191.0,26.4,Warm
9978,1,8,0,1,0.0,0.0,0,0,339.0,-1.0,1,2,0,0,0.0,0.0,-1.0,339.0,20.9,Warm
9977,2,8,0,1,0.0,0.0,0,0,340.0,-1.0,7,3,0,0,0.0,0.0,15.33,248.0,25.5,Warm
9976,1,8,6,1,0.0,0.0,0,0,287.0,-1.0,23,12,0,0,0.0,0.0,8.86,145.0,38.0,Warm
9974,2,8,0,0,0.0,0.0,0,1,341.0,-1.0,2,1,0,0,0.0,0.0,0.0,341.0,19.5,Cold
9973,1,8,0,0,0.0,0.0,0,1,343.0,-1.0,2,1,0,0,0.0,0.0,0.0,343.0,16.5,Cold
9972,1,8,0,0,0.0,0.0,0,1,343.0,-1.0,2,0,0,0,0.0,0.0,0.0,343.0,12.5,Cold
9971,1,8,0,0,0.0,0.0,0,1,344.0,-1.0,4,3,0,0,0.0,0.0,0.0,344.0,21.5,Warm
9970,1,8,0,0,0.0,0.0,0,1,346.0,-1.0,4,2,0,0,0.0,0.0,1.0,343.0,21.2,Warm
9969,1,8,0,0,0.0,0.0,0,1,349.0,-1.0,3,0,0,0,0.0,0.0,3.5,342.0,15.0,Cold
9968,1,8,0,1,0.0,0.0,0,0,349.0,-1.0,1,0,0,0,0.0,0.0,-1.0,349.0,18.0,Cold
9967,3,8,0,8,0.0,0.0,0,0,350.0,-1.0,1,1,0,0,0.0,0.0,-1.0,350.0,30.5,Warm
9966,1,8,0,0,0.0,0.0,0,1,351.0,-1.0,2,1,0,0,0.0,0.0,1.0,350.0,16.5,Cold
9964,2,8,0,0,0.0,0.0,0,1,358.0,-1.0,5,1,0,0,0.0,0.0,1.5,352.0,21.5,Warm
9963,2,8,0,0,0.0,0.0,0,1,354.0,-1.0,5,2,0,0,0.0,0.0,1.75,351.0,26.0,Warm
9962,3,8,0,0,0.0,0.0,0,1,355.0,-1.0,4,0,0,0,0.0,0.0,1.33,355.0,24.0,Warm
9961,1,8,0,0,0.0,0.0,0,1,354.0,-1.0,4,2,1,0,0.0,0.0,3.0,350.0,18.0,Cold
9960,2,8,0,0,0.0,0.0,0,1,288.0,-1.0,26,5,2,0,0.0,0.0,2.88,288.0,23.5,Warm
9959,2,8,0,0,0.0,0.0,0,1,360.0,-1.0,5,1,1,0,0.0,0.0,3.0,350.0,23.7,Warm
9958,2,8,0,0,0.0,0.0,0,1,362.0,-1.0,2,0,0,0,0.0,0.0,0.0,362.0,18.0,Cold
9957,1,8,0,1,0.0,0.0,0,0,364.0,-1.0,1,0,0,0,0.0,0.0,-1.0,342.0,15.5,Cold
9956,1,8,0,1,0.0,0.0,0,0,345.0,-1.0,4,0,0,0,0.0,0.0,38.0,231.0,20.0,Cold
9955,1,8,0,1,0.0,0.0,0,0,349.0,-1.0,4,0,0,0,0.0,0.0,36.67,240.0,20.0,Cold
9954,1,8,0,1,0.0,0.0,0,0,310.0,-1.0,8,1,0,0,0.0,0.0,17.0,231.0,21.5,Warm
9953,1,8,0,1,0.0,0.0,0,0,296.0,-1.0,11,0,0,0,0.0,0.0,10.5,240.0,20.0,Cold
9952,1,8,0,1,0.0,0.0,0,0,356.0,-1.0,5,0,1,0,0.0,0.0,31.25,240.0,18.0,Cold
9951,1,8,0,1,0.0,0.0,0,0,365.0,-1.0,8,0,1,0,0.0,0.0,17.86,240.0,16.0,Cold
9950,1,8,0,0,0.0,0.0,0,1,365.0,-1.0,1,0,0,0,0.0,0.0,-1.0,365.0,15.0,Cold
9949,1,8,0,0,0.0,0.0,0,1,365.0,-1.0,1,0,0,0,0.0,0.0,-1.0,362.0,12.5,Cold
9948,1,8,0,0,0.0,0.0,0,1,364.0,-1.0,8,0,0,0,0.0,0.0,5.86,324.0,17.0,Cold
9947,1,8,0,0,0.0,0.0,0,1,361.0,-1.0,5,0,0,0,0.0,0.0,1.0,361.0,20.0,Cold
9946,1,8,0,1,0.0,0.0,0,0,362.0,-1.0,10,5,3,0,0.0,0.0,14.0,239.0,23.5,Warm
9945,1,8,0,0,0.0,0.0,0,1,360.0,-1.0,5,0,0,0,0.0,0.0,1.25,360.0,17.0,Cold
9944,1,8,0,0,0.0,0.0,0,1,365.0,-1.0,2,1,1,0,0.0,0.0,0.0,365.0,16.5,Cold
9943,1,8,6,1,0.0,0.0,0,0,278.0,-1.0,27,1,0,0,0.0,0.0,11.65,63.0,27.5,Warm
9942,1,8,0,0,0.0,0.0,0,1,366.0,-1.0,5,0,0,0,0.0,0.0,2.0,358.0,17.0,Cold
9941,1,8,6,1,0.0,0.0,0,0,328.0,-1.0,24,6,5,0,22.0,0.0,7.57,192.0,26.0,Warm
9940,1,8,0,0,0.0,0.0,0,1,366.0,-1.0,3,2,0,0,0.0,0.0,1.0,364.0,20.0,Cold
9939,2,8,0,1,0.0,0.0,0,0,355.0,-1.0,23,6,2,0,0.0,0.0,5.41,247.0,31.0,Warm
9938,2,8,0,1,0.0,0.0,0,0,362.0,-1.0,13,2,0,0,0.0,0.0,2.67,334.0,29.0,Warm
9937,1,8,0,0,0.0,0.0,0,1,366.0,-1.0,4,3,0,0,0.0,0.0,1.67,361.0,24.5,Warm
9936,1,8,0,0,0.0,0.0,0,1,367.0,-1.0,3,0,0,0,0.0,0.0,3.5,360.0,17.0,Cold
9935,2,8,0,0,0.0,0.0,0,1,367.0,-1.0,2,1,1,0,0.0,0.0,1.0,364.0,18.7,Cold
9934,1,8,0,0,0.0,0.0,0,1,362.0,-1.0,2,1,0,0,0.0,0.0,0.0,362.0,19.7,Cold
9933,1,8,0,1,0.0,0.0,0,0,367.0,-1.0,4,0,0,0,0.0,0.0,42.33,240.0,20.0,Cold
9932,1,8,0,0,0.0,0.0,0,1,362.0,-1.0,2,0,0,0,0.0,0.0,0.0,362.0,17.0,Cold
9931,1,8,0,1,0.0,0.0,0,0,367.0,-1.0,4,0,0,0,0.0,0.0,42.0,240.0,15.5,Cold
9930,1,8,0,0,0.0,0.0,0,1,353.0,-1.0,5,1,1,0,0.0,0.0,2.25,353.0,17.7,Cold
9929,3,8,0,0,0.0,0.0,0,1,360.0,-1.0,6,0,0,0,0.0,0.0,2.0,352.0,24.0,Warm
9928,2,8,0,0,0.0,0.0,0,1,359.0,-1.0,4,0,0,0,0.0,0.0,1.0,359.0,20.0,Cold
9927,1,8,0,0,0.0,0.0,0,1,360.0,-1.0,2,0,0,0,0.0,0.0,0.0,360.0,17.0,Cold
9926,1,8,0,0,0.0,0.0,0,1,357.0,-1.0,5,1,0,0,0.0,0.0,1.25,353.0,18.5,Cold
9925,1,8,0,0,0.0,0.0,0,1,362.0,-1.0,3,2,0,0,0.0,0.0,0.5,361.0,22.4,Warm
9924,1,8,0,0,0.0,0.0,0,1,354.0,-1.0,7,1,0,0,0.0,0.0,0.67,354.0,18.5,Cold
9923,1,8,0,0,0.0,0.0,0,1,367.0,-1.0,2,1,0,0,0.0,0.0,1.0,354.0,16.5,Cold
9922,1,8,0,0,0.0,0.0,0,1,353.0,-1.0,4,3,0,0,0.0,0.0,0.67,353.0,22.7,Warm
9921,1,8,0,0,0.0,0.0,0,1,355.0,-1.0,4,1,0,0,0.0,0.0,4.67,341.0,18.5,Cold
9920,1,8,0,0,0.0,0.0,0,1,354.0,-1.0,3,0,0,0,0.0,0.0,0.5,354.0,17.0,Cold
9919,1,8,0,0,0.0,0.0,0,1,367.0,-1.0,2,1,0,0,0.0,0.0,1.0,354.0,17.7,Cold
9918,1,8,0,0,0.0,0.0,0,1,353.0,-1.0,8,5,0,0,0.0,0.0,0.57,351.0,24.5,Warm
9917,1,8,0,0,0.0,0.0,0,1,350.0,-1.0,4,2,0,0,0.0,0.0,1.67,350.0,20.0,Cold
9916,2,8,0,0,0.0,0.0,0,1,357.0,-1.0,4,1,0,0,0.0,0.0,0.33,357.0,21.5,Warm
9915,1,8,0,0,0.0,0.0,0,1,354.0,-1.0,2,0,0,0,0.0,0.0,0.0,354.0,17.0,Cold
9914,1,8,0,0,0.0,0.0,0,1,354.0,-1.0,2,1,0,0,0.0,0.0,0.0,354.0,18.5,Cold
9913,1,8,0,0,0.0,0.0,0,1,354.0,-1.0,1,0,0,0,0.0,0.0,-1.0,354.0,17.0,Cold
9912,1,8,0,0,0.0,0.0,0,1,367.0,-1.0,3,0,0,0,0.0,0.0,2.5,350.0,12.5,Cold
9910,1,8,0,0,0.0,0.0,0,1,367.0,-1.0,2,0,0,0,0.0,0.0,1.0,354.0,12.5,Cold
9909,2,8,0,0,0.0,0.0,0,1,346.0,-1.0,9,3,0,0,0.0,0.0,1.0,346.0,24.5,Warm
9908,2,8,0,0,0.0,0.0,0,1,348.0,-1.0,8,3,0,0,0.0,0.0,5.57,315.0,24.5,Warm
9907,1,8,0,0,0.0,0.0,0,1,354.0,-1.0,3,1,0,0,0.0,0.0,1.0,352.0,18.5,Cold
9906,1,8,0,0,0.0,0.0,0,1,354.0,-1.0,4,2,1,0,0.0,0.0,3.0,345.0,18.0,Cold
9905,1,8,0,0,0.0,0.0,0,1,367.0,-1.0,2,0,0,0,0.0,0.0,3.0,351.0,12.5,Cold
9904,1,8,0,0,0.0,0.0,0,1,353.0,-1.0,1,0,0,0,0.0,0.0,-1.0,353.0,17.0,Cold
9903,1,8,0,0,0.0,0.0,0,1,367.0,-1.0,1,0,0,0,0.0,0.0,-1.0,353.0,12.5,Cold
9901,1,8,0,0,0.0,0.0,0,1,367.0,-1.0,3,0,0,0,0.0,0.0,0.5,353.0,12.5,Cold
9900,1,8,0,0,0.0,0.0,0,1,367.0,-1.0,1,1,1,0,0.0,0.0,-1.0,358.0,15.7,Cold
9899,1,8,0,0,0.0,0.0,0,1,353.0,-1.0,2,1,0,0,0.0,0.0,0.0,353.0,18.5,Cold
9898,1,8,0,0,0.0,0.0,0,1,353.0,-1.0,5,1,1,0,0.0,0.0,2.0,345.0,16.5,Cold
9897,1,8,0,0,0.0,0.0,0,1,353.0,-1.0,3,2,0,0,0.0,0.0,0.5,352.0,20.0,Cold
9896,1,8,0,0,0.0,0.0,0,1,353.0,-1.0,1,0,0,0,0.0,0.0,-1.0,353.0,17.0,Cold
9894,1,8,0,0,0.0,0.0,0,1,367.0,-1.0,1,0,0,0,0.0,0.0,-1.0,348.0,12.5,Cold
9891,1,8,0,0,0.0,0.0,0,1,367.0,-1.0,3,1,0,0,0.0,0.0,4.0,350.0,16.5,Cold
9889,1,8,0,0,0.0,0.0,0,1,346.0,-1.0,3,1,0,0,0.0,0.0,0.0,346.0,18.5,Cold
9888,1,8,0,0,0.0,0.0,0,1,367.0,-1.0,3,0,0,0,0.0,0.0,1.0,364.0,12.5,Cold
9887,1,8,0,0,0.0,0.0,0,1,346.0,-1.0,1,0,0,0,0.0,0.0,-1.0,346.0,17.0,Cold
9885,1,8,0,0,0.0,0.0,0,1,346.0,-1.0,3,0,0,0,0.0,0.0,1.0,346.0,17.0,Cold
9880,1,8,0,0,0.0,0.0,0,1,350.0,-1.0,3,2,0,0,0.0,0.0,2.0,346.0,20.0,Cold
9878,1,8,0,0,0.0,0.0,0,1,346.0,-1.0,6,2,0,0,0.0,0.0,1.4,341.0,20.0,Cold
9877,1,8,0,0,0.0,0.0,0,1,367.0,-1.0,3,2,0,0,0.0,0.0,3.5,341.0,18.0,Cold
9875,1,8,0,0,0.0,0.0,0,1,346.0,-1.0,2,0,0,0,0.0,0.0,0.0,346.0,17.0,Cold
9874,1,8,0,0,0.0,0.0,0,1,353.0,-1.0,3,3,0,0,0.0,0.0,1.5,350.0,21.5,Warm
9872,1,8,0,0,0.0,0.0,0,1,367.0,-1.0,2,1,0,0,0.0,0.0,5.0,348.0,16.5,Cold
9870,1,8,0,0,0.0,0.0,0,1,325.0,-1.0,14,2,0,0,0.0,0.0,1.62,325.0,21.2,Warm
9869,2,8,0,1,0.0,0.0,0,0,354.0,-1.0,11,1,0,0,0.0,0.0,4.9,315.0,24.5,Warm
9866,1,8,0,0,0.0,0.0,0,1,367.0,-1.0,1,1,0,0,0.0,0.0,-1.0,280.0,14.0,Cold
9865,1,8,0,0,0.0,0.0,0,1,367.0,-1.0,1,0,0,0,0.0,0.0,-1.0,355.0,12.5,Cold
9849,1,8,0,0,0.0,0.0,0,1,334.0,-1.0,1,0,0,0,0.0,0.0,-1.0,334.0,17.0,Cold
9847,1,8,2,1,0.0,0.0,0,0,367.0,-1.0,3,1,1,0,43.0,0.0,6.0,56.0,18.5,Cold
9846,1,8,2,1,0.0,0.0,0,0,367.0,-1.0,2,1,1,0,37.0,0.0,8.0,56.0,18.5,Cold
9845,1,8,6,1,0.0,0.0,0,0,367.0,-1.0,2,0,1,0,54.0,0.0,8.0,56.0,21.0,Warm
9844,1,8,6,1,0.0,0.0,0,0,367.0,-1.0,1,0,0,0,0.0,0.0,-1.0,57.0,19.0,Cold
9842,1,8,1,1,0.0,0.0,0,0,367.0,-1.0,2,0,1,0,78.0,0.0,0.0,62.0,16.0,Cold
9841,1,8,2,1,0.0,0.0,0,0,367.0,-1.0,1,0,0,0,0.0,0.0,-1.0,57.0,17.5,Cold
9840,1,8,6,1,0.0,0.0,0,0,367.0,-1.0,1,0,0,0,0.0,0.0,-1.0,56.0,19.0,Cold
9839,1,8,2,1,0.0,0.0,0,0,367.0,-1.0,2,1,1,0,16.0,0.0,6.0,56.0,18.5,Cold
9838,2,8,2,1,6000000.0,8000000.0,1,0,367.0,-1.0,4,1,0,1,283.0,8000000.0,4.67,48.0,31.5,Warm
9837,1,8,2,1,0.0,0.0,0,0,367.0,-1.0,3,0,1,0,52.0,0.0,6.5,49.0,17.0,Cold
9836,1,8,6,1,0.0,0.0,0,0,367.0,-1.0,2,0,1,0,22.0,0.0,5.0,57.0,21.0,Warm
9835,1,8,2,1,0.0,0.0,0,0,367.0,-1.0,2,1,1,0,73.0,0.0,12.0,50.0,18.5,Cold
9832,1,8,2,1,0.0,0.0,0,0,367.0,-1.0,2,1,1,0,58.0,0.0,6.0,56.0,18.5,Cold
9831,1,8,0,0,0.0,0.0,0,1,357.0,-1.0,4,1,0,0,0.0,0.0,2.0,352.0,18.5,Cold
9830,1,8,2,1,0.0,0.0,0,0,367.0,-1.0,4,0,3,1,209.0,0.0,4.33,49.0,22.0,Warm
9829,1,8,0,0,0.0,0.0,0,1,367.0,-1.0,3,0,0,0,0.0,0.0,4.5,350.0,12.5,Cold
9827,1,8,6,0,0.0,0.0,0,1,367.0,-1.0,1,0,0,0,0.0,0.0,-1.0,57.0,16.0,Cold
9826,1,8,2,1,0.0,0.0,0,0,367.0,-1.0,2,1,1,0,31.0,0.0,6.0,56.0,18.5,Cold
9825,1,8,6,1,0.0,0.0,0,0,367.0,-1.0,9,1,2,1,320.0,0.0,1.62,49.0,27.5,Warm
9824,1,8,0,0,0.0,0.0,0,1,367.0,-1.0,2,2,1,0,0.0,0.0,1.0,358.0,18.4,Cold
9823,1,8,2,1,0.0,0.0,0,0,367.0,-1.0,2,1,1,0,39.0,0.0,6.0,56.0,18.5,Cold
9822,1,8,2,1,0.0,0.0,0,0,367.0,-1.0,2,0,0,0,30.0,0.0,6.0,56.0,19.0,Cold
9819,1,8,0,0,0.0,0.0,0,1,355.0,-1.0,5,2,0,0,0.0,0.0,2.0,350.0,20.0,Cold
9817,1,8,0,0,0.0,0.0,0,1,367.0,-1.0,1,0,0,0,0.0,0.0,-1.0,358.0,12.5,Cold
9816,1,8,2,1,0.0,0.0,0,0,367.0,-1.0,2,1,1,0,68.0,0.0,6.0,56.0,18.5,Cold
9815,1,8,2,1,0.0,0.0,0,0,367.0,-1.0,1,0,1,0,0.0,0.0,-1.0,57.0,15.0,Cold
9814,1,8,2,1,0.0,0.0,0,0,367.0,-1.0,2,1,1,0,41.0,0.0,6.0,56.0,18.5,Cold
9813,1,8,6,1,0.0,0.0,0,0,367.0,-1.0,2,0,1,0,0.0,0.0,13.0,43.0,17.0,Cold
9812,1,8,0,1,0.0,0.0,0,0,355.0,-1.0,16,6,3,0,0.0,0.0,3.53,314.0,26.2,Warm
9811,1,8,0,0,0.0,0.0,0,1,351.0,-1.0,3,0,0,0,0.0,0.0,1.5,351.0,17.0,Cold
9810,1,8,0,0,0.0,0.0,0,1,367.0,-1.0,7,0,6,0,0.0,0.0,0.83,362.0,10.5,Cold
9809,1,8,0,0,0.0,0.0,0,1,367.0,-1.0,1,0,0,0,0.0,0.0,-1.0,367.0,12.5,Cold
9808,1,8,6,1,0.0,0.0,0,0,367.0,-1.0,1,0,1,0,0.0,0.0,-1.0,56.0,17.0,Cold
9807,1,8,0,0,0.0,0.0,0,1,365.0,-1.0,5,1,1,0,0.0,0.0,0.5,365.0,16.5,Cold
9806,1,8,2,1,0.0,0.0,0,0,367.0,-1.0,3,0,2,0,47.0,0.0,7.5,47.0,17.0,Cold
9805,1,8,0,0,0.0,0.0,0,1,366.0,-1.0,6,0,2,0,0.0,0.0,0.4,365.0,15.0,Cold
9804,1,8,6,1,0.0,0.0,0,0,367.0,-1.0,2,0,0,0,62.0,0.0,6.0,56.0,23.0,Warm
9803,1,8,0,0,0.0,0.0,0,1,367.0,-1.0,2,0,1,0,0.0,0.0,0.0,367.0,12.5,Cold
9802,1,8,0,1,0.0,0.0,0,0,341.0,-1.0,21,3,4,0,0.0,0.0,2.55,316.0,27.5,Warm
9801,1,8,2,1,0.0,0.0,0,0,367.0,-1.0,2,0,0,0,82.0,0.0,6.0,56.0,19.0,Cold
9800,1,8,0,0,0.0,0.0,0,1,367.0,-1.0,4,0,1,0,0.0,0.0,0.33,366.0,15.0,Cold
9799,1,8,6,1,0.0,0.0,0,0,367.0,-1.0,2,1,1,0,59.0,0.0,6.0,56.0,22.5,Warm
9798,1,8,0,0,0.0,0.0,0,1,362.0,-1.0,9,1,4,0,0.0,0.0,1.25,357.0,16.5,Cold
9797,1,8,0,0,0.0,0.0,0,1,365.0,-1.0,7,2,1,0,0.0,0.0,0.33,365.0,18.0,Cold
9796,1,8,0,0,0.0,0.0,0,1,367.0,-1.0,2,0,0,0,0.0,0.0,1.0,353.0,12.5,Cold
9795,1,8,0,0,0.0,0.0,0,1,367.0,-1.0,2,2,0,0,0.0,0.0,3.0,340.0,18.0,Cold
9794,1,8,0,1,0.0,0.0,0,0,367.0,-1.0,2,1,1,0,16.0,0.0,0.0,62.0,19.5,Cold
9793,1,8,2,1,0.0,0.0,0,0,367.0,-1.0,3,0,0,0,123.0,0.0,3.0,56.0,19.0,Cold
9792,1,8,0,0,0.0,0.0,0,1,334.0,-1.0,3,0,0,0,0.0,0.0,0.0,334.0,17.0,Cold
9791,1,8,0,1,0.0,0.0,0,0,367.0,-1.0,2,1,1,0,44.0,0.0,0.0,61.0,19.5,Cold
9789,1,8,6,1,0.0,0.0,0,0,367.0,-1.0,3,1,2,0,53.0,0.0,0.0,61.0,20.5,Warm
9788,1,8,2,1,0.0,0.0,0,0,367.0,-1.0,5,1,1,0,54.0,0.0,0.0,57.0,18.5,Cold
9787,1,8,6,1,0.0,0.0,0,0,367.0,-1.0,2,0,0,0,0.0,0.0,15.0,42.0,19.0,Cold
9786,1,8,2,1,200000000.0,250000000.0,1,0,367.0,-1.0,5,0,0,0,139.0,250000000.0,0.5,54.0,27.0,Warm
9785,1,8,6,1,0.0,0.0,0,0,367.0,-1.0,3,1,2,0,55.0,0.0,0.5,56.0,20.5,Warm
9784,1,8,2,1,0.0,0.0,0,0,367.0,-1.0,2,1,1,0,47.0,0.0,0.0,57.0,18.5,Cold
9783,1,8,2,1,0.0,0.0,0,0,367.0,-1.0,2,1,1,0,44.0,0.0,0.0,57.0,18.5,Cold
9781,3,8,6,1,0.0,0.0,0,0,367.0,-1.0,2,0,2,0,0.0,0.0,13.0,43.0,26.5,Warm
9779,1,8,0,0,0.0,0.0,0,1,343.0,-1.0,4,0,0,0,0.0,0.0,0.33,343.0,17.0,Cold
9778,3,8,0,1,0.0,0.0,0,0,344.0,-1.0,20,4,2,0,0.0,0.0,8.63,203.0,29.0,Warm
9777,1,8,6,1,0.0,0.0,0,0,367.0,-1.0,1,0,0,0,0.0,0.0,-1.0,56.0,19.0,Cold
9776,1,8,6,1,0.0,0.0,0,0,367.0,-1.0,1,0,1,0,0.0,0.0,-1.0,57.0,17.0,Cold
9775,1,8,2,1,0.0,0.0,0,0,367.0,-1.0,4,0,0,1,539.0,0.0,2.33,49.0,24.0,Warm
9773,1,8,6,1,0.0,0.0,0,0,367.0,-1.0,1,0,0,0,0.0,0.0,-1.0,56.0,19.0,Cold
9767,1,8,2,1,0.0,0.0,0,0,369.0,-1.0,4,1,0,1,197.0,0.0,0.0,56.0,25.5,Warm
9766,3,8,0,0,0.0,0.0,0,1,369.0,-1.0,3,0,0,0,0.0,0.0,3.0,352.0,22.0,Warm
9765,2,8,0,0,0.0,0.0,0,1,344.0,-1.0,15,11,0,0,0.0,0.0,5.0,278.0,32.0,Warm
9764,2,8,0,0,0.0,0.0,0,1,369.0,-1.0,6,0,0,0,0.0,0.0,2.8,348.0,18.0,Cold
9763,1,8,0,0,0.0,0.0,0,1,369.0,-1.0,1,0,0,0,0.0,0.0,-1.0,348.0,12.5,Cold
9762,2,8,0,0,0.0,0.0,0,1,369.0,-1.0,3,2,0,0,0.0,0.0,4.5,350.0,25.0,Warm
9761,1,8,6,1,0.0,0.0,0,0,369.0,-1.0,1,0,0,0,0.0,0.0,-1.0,56.0,19.0,Cold
9758,1,8,0,0,0.0,0.0,0,1,369.0,-1.0,2,0,0,0,0.0,0.0,2.0,357.0,12.5,Cold
9757,1,8,0,0,0.0,0.0,0,1,352.0,-1.0,6,0,4,0,0.0,0.0,3.4,352.0,15.0,Cold
9754,1,8,0,0,0.0,0.0,0,1,343.0,-1.0,7,2,0,0,0.0,0.0,2.67,343.0,20.0,Cold
9753,1,8,0,0,0.0,0.0,0,1,358.0,-1.0,4,1,0,0,0.0,0.0,4.67,345.0,18.5,Cold
9752,1,8,0,0,0.0,0.0,0,1,359.0,-1.0,3,1,0,0,0.0,0.0,9.0,341.0,18.5,Cold
9751,1,8,0,0,0.0,0.0,0,1,369.0,-1.0,2,1,0,0,0.0,0.0,5.0,354.0,16.5,Cold
9750,1,8,0,0,0.0,0.0,0,1,369.0,-1.0,1,0,0,0,0.0,0.0,-1.0,359.0,12.5,Cold
9747,2,8,0,0,0.0,0.0,0,1,355.0,-1.0,7,4,0,0,0.0,0.0,2.33,345.0,26.0,Warm
9746,1,8,0,0,0.0,0.0,0,1,359.0,-1.0,3,1,0,0,0.0,0.0,8.0,343.0,18.5,Cold
9745,1,8,0,1,0.0,0.0,0,0,369.0,-1.0,3,0,1,0,0.0,0.0,65.0,239.0,18.0,Cold
9744,1,8,0,0,0.0,0.0,0,1,369.0,-1.0,2,2,0,0,0.0,0.0,0.0,369.0,20.0,Cold
9743,1,8,0,0,0.0,0.0,0,1,369.0,-1.0,2,0,0,0,0.0,0.0,4.0,365.0,12.5,Cold
9741,2,8,0,0,0.0,0.0,0,1,344.0,-1.0,7,4,0,0,0.0,0.0,4.17,344.0,30.0,Warm
9740,1,8,0,1,0.0,0.0,0,0,369.0,-1.0,2,0,0,0,0.0,0.0,76.0,293.0,18.0,Cold
9739,1,8,0,1,0.0,0.0,0,0,369.0,-1.0,1,0,0,0,0.0,0.0,-1.0,369.0,15.5,Cold
9738,1,8,0,1,0.0,0.0,0,0,369.0,-1.0,1,0,0,0,0.0,0.0,-1.0,369.0,18.0,Cold
9737,1,8,0,0,0.0,0.0,0,1,369.0,-1.0,1,0,0,0,0.0,0.0,-1.0,369.0,12.0,Cold
9735,1,8,0,1,0.0,0.0,0,0,369.0,-1.0,1,0,0,0,0.0,0.0,-1.0,369.0,18.0,Cold
9734,1,8,0,1,0.0,0.0,0,0,369.0,-1.0,1,0,0,0,0.0,0.0,-1.0,369.0,18.0,Cold
9730,1,8,0,0,0.0,0.0,0,1,360.0,-1.0,4,0,0,0,0.0,0.0,3.33,360.0,17.0,Cold
9729,1,8,0,1,0.0,0.0,0,0,357.0,-1.0,9,0,0,0,0.0,0.0,16.38,239.0,20.0,Cold
9728,1,8,0,0,0.0,0.0,0,1,370.0,-1.0,3,0,0,0,0.0,0.0,6.0,358.0,17.0,Cold
9727,1,8,0,0,0.0,0.0,0,1,369.0,-1.0,3,1,0,0,0.0,0.0,0.5,369.0,18.5,Cold
9726,1,8,0,0,0.0,0.0,0,1,370.0,-1.0,5,2,0,0,0.0,0.0,2.0,362.0,20.0,Cold
9725,1,8,0,0,0.0,0.0,0,1,370.0,-1.0,2,0,0,0,0.0,0.0,0.0,370.0,17.0,Cold
9724,1,8,0,0,0.0,0.0,0,1,367.0,-1.0,6,3,1,0,0.0,0.0,0.6,367.0,19.5,Cold
9723,1,8,0,0,0.0,0.0,0,1,345.0,-1.0,30,6,11,0,0.0,0.0,2.62,294.0,24.0,Warm
9722,1,8,0,0,0.0,0.0,0,1,367.0,-1.0,4,1,1,0,0.0,0.0,1.0,367.0,17.7,Cold
9721,1,8,0,1,0.0,0.0,0,0,346.0,-1.0,12,3,1,0,0.0,0.0,12.64,231.0,22.5,Warm
9720,1,8,0,0,0.0,0.0,0,1,364.0,-1.0,8,0,0,0,0.0,0.0,0.86,364.0,17.0,Cold
9719,1,8,0,1,0.0,0.0,0,0,370.0,-1.0,8,2,1,0,0.0,0.0,18.86,238.0,19.0,Cold
9718,1,8,0,0,0.0,0.0,0,1,369.0,-1.0,5,0,0,0,0.0,0.0,1.25,365.0,17.0,Cold
9717,1,8,0,0,0.0,0.0,0,1,370.0,-1.0,1,0,0,0,0.0,0.0,-1.0,370.0,12.5,Cold
9716,1,8,0,0,0.0,0.0,0,1,370.0,-1.0,1,0,0,0,0.0,0.0,-1.0,370.0,12.5,Cold
9715,1,8,0,0,0.0,0.0,0,1,365.0,-1.0,4,0,0,0,0.0,0.0,1.67,365.0,17.0,Cold
9714,1,8,0,0,0.0,0.0,0,1,370.0,-1.0,2,0,0,0,0.0,0.0,1.0,369.0,14.5,Cold
9713,1,8,0,0,0.0,0.0,0,1,366.0,-1.0,6,0,0,0,0.0,0.0,0.8,366.0,17.0,Cold
9712,1,8,0,0,0.0,0.0,0,1,365.0,-1.0,6,2,1,0,0.0,0.0,1.0,365.0,18.0,Cold
9711,1,8,0,0,0.0,0.0,0,1,365.0,-1.0,9,0,1,0,0.0,0.0,1.38,359.0,15.0,Cold
9710,1,8,0,1,0.0,0.0,0,0,366.0,-1.0,13,1,5,0,0.0,0.0,6.17,296.0,17.5,Cold
9709,1,8,0,1,0.0,0.0,0,0,358.0,-1.0,23,6,6,0,0.0,0.0,4.5,271.0,25.0,Warm
9708,1,8,0,0,0.0,0.0,0,1,366.0,-1.0,4,0,0,0,0.0,0.0,1.33,366.0,17.0,Cold
9707,1,8,0,0,0.0,0.0,0,1,370.0,-1.0,2,0,1,0,0.0,0.0,1.0,369.0,12.5,Cold
9706,1,8,0,0,0.0,0.0,0,1,366.0,-1.0,5,0,0,0,0.0,0.0,1.0,366.0,17.0,Cold
9705,1,8,0,0,0.0,0.0,0,1,366.0,-1.0,5,0,0,0,0.0,0.0,1.0,366.0,17.0,Cold
9704,1,8,0,1,0.0,0.0,0,0,370.0,-1.0,5,1,1,0,0.0,0.0,40.75,207.0,22.5,Warm
9703,1,8,0,0,0.0,0.0,0,1,365.0,-1.0,11,0,2,0,0.0,0.0,0.7,364.0,15.0,Cold
9702,1,8,0,0,0.0,0.0,0,1,366.0,-1.0,5,0,1,0,0.0,0.0,1.5,365.0,15.0,Cold
9701,1,8,0,0,0.0,0.0,0,1,370.0,-1.0,2,0,0,0,0.0,0.0,1.0,370.0,17.0,Cold
9700,1,8,0,0,0.0,0.0,0,1,367.0,-1.0,18,4,10,0,0.0,0.0,4.47,295.0,21.0,Warm
9699,1,8,6,1,0.0,0.0,0,0,184.0,-1.0,45,7,0,0,0.0,0.0,7.05,63.0,33.5,Warm
9698,1,8,0,0,0.0,0.0,0,1,374.0,-1.0,1,0,0,0,0.0,0.0,-1.0,374.0,12.5,Cold
9697,1,8,0,0,0.0,0.0,0,1,374.0,-1.0,2,0,0,0,0.0,0.0,0.0,374.0,17.0,Cold
9696,1,8,0,1,0.0,0.0,0,0,357.0,-1.0,9,1,1,0,0.0,0.0,17.0,238.0,19.5,Cold
9695,1,8,0,0,0.0,0.0,0,1,365.0,-1.0,4,1,0,0,0.0,0.0,3.0,365.0,18.5,Cold
9694,1,8,0,0,0.0,0.0,0,1,374.0,-1.0,3,0,1,0,0.0,0.0,7.0,360.0,10.5,Cold
9693,1,8,0,1,0.0,0.0,0,0,377.0,-1.0,3,1,0,0,0.0,0.0,40.5,296.0,22.7,Warm
9692,1,8,0,1,0.0,0.0,0,0,377.0,-1.0,5,3,0,0,0.0,0.0,20.25,296.0,28.1,Warm
9691,1,8,0,0,0.0,0.0,0,1,374.0,-1.0,3,0,0,0,0.0,0.0,2.0,374.0,17.0,Cold
9690,1,8,0,0,0.0,0.0,0,1,377.0,-1.0,2,0,0,0,0.0,0.0,1.0,377.0,17.0,Cold
9689,1,8,0,0,0.0,0.0,0,1,372.0,-1.0,4,0,0,0,0.0,0.0,2.0,372.0,17.0,Cold
9688,1,8,0,0,0.0,0.0,0,1,369.0,-1.0,9,3,0,0,0.0,0.0,1.38,367.0,21.5,Warm
9687,1,8,0,0,0.0,0.0,0,1,378.0,-1.0,1,0,0,0,0.0,0.0,-1.0,377.0,14.5,Cold
9686,1,8,0,0,0.0,0.0,0,1,378.0,-1.0,2,0,0,0,0.0,0.0,4.0,374.0,12.5,Cold
9685,1,8,0,0,0.0,0.0,0,1,374.0,-1.0,4,0,0,0,0.0,0.0,1.33,374.0,17.0,Cold
9684,1,8,0,0,0.0,0.0,0,1,374.0,-1.0,3,1,1,0,0.0,0.0,2.0,374.0,17.7,Cold
9683,1,8,0,0,0.0,0.0,0,1,374.0,-1.0,3,0,0,0,0.0,0.0,2.0,374.0,17.0,Cold
9682,1,8,0,0,0.0,0.0,0,1,374.0,-1.0,3,0,0,0,0.0,0.0,2.0,374.0,17.0,Cold
9681,1,8,0,0,0.0,0.0,0,1,374.0,-1.0,2,1,1,0,0.0,0.0,5.0,374.0,16.5,Cold
9680,1,8,0,0,0.0,0.0,0,1,374.0,-1.0,5,2,2,0,0.0,0.0,1.25,374.0,18.0,Cold
9679,1,8,0,0,0.0,0.0,0,1,377.0,-1.0,3,0,0,0,0.0,0.0,1.0,377.0,17.0,Cold
9678,1,8,0,0,0.0,0.0,0,1,378.0,-1.0,7,0,5,0,0.0,0.0,0.33,377.0,15.0,Cold
9677,1,8,0,0,0.0,0.0,0,1,379.0,-1.0,2,1,1,0,0.0,0.0,0.0,379.0,16.5,Cold
9676,1,8,6,1,3500000.0,4000000.0,1,0,189.0,-1.0,19,2,1,0,80.0,4000000.0,19.83,23.0,30.0,Warm
9675,1,8,0,0,0.0,0.0,0,1,374.0,-1.0,3,0,0,0,0.0,0.0,3.0,374.0,17.0,Cold
9674,1,8,0,0,0.0,0.0,0,1,380.0,-1.0,1,1,1,0,0.0,0.0,-1.0,380.0,16.5,Cold
9673,1,8,0,0,0.0,0.0,0,1,374.0,-1.0,4,2,2,0,0.0,0.0,2.0,374.0,18.0,Cold
9672,1,8,0,0,0.0,0.0,0,1,380.0,-1.0,3,0,0,0,0.0,0.0,1.0,378.0,17.0,Cold
9671,1,8,0,0,0.0,0.0,0,1,374.0,-1.0,3,1,0,0,0.0,0.0,3.0,374.0,18.5,Cold
9670,1,8,0,0,0.0,0.0,0,1,377.0,-1.0,5,2,2,0,0.0,0.0,0.75,377.0,18.4,Cold
9669,1,8,0,0,0.0,0.0,0,1,377.0,-1.0,6,1,1,0,0.0,0.0,0.6,377.0,16.5,Cold
9668,1,8,0,0,0.0,0.0,0,1,374.0,-1.0,4,0,0,0,0.0,0.0,2.0,374.0,17.0,Cold
9667,1,8,0,0,0.0,0.0,0,1,365.0,-1.0,8,0,0,0,0.0,0.0,2.14,364.0,17.0,Cold
9666,1,8,0,0,0.0,0.0,0,1,380.0,-1.0,1,0,0,0,0.0,0.0,-1.0,379.0,14.5,Cold
9665,1,8,0,0,0.0,0.0,0,1,359.0,-1.0,17,4,1,0,0.0,0.0,1.31,359.0,21.0,Warm
9664,1,8,0,0,0.0,0.0,0,1,374.0,-1.0,4,1,0,0,0.0,0.0,1.67,374.0,18.5,Cold
9663,1,8,0,0,0.0,0.0,0,1,377.0,-1.0,3,1,1,0,0.0,0.0,1.0,377.0,16.5,Cold
9662,1,8,0,0,0.0,0.0,0,1,380.0,-1.0,2,2,2,0,0.0,0.0,1.0,378.0,15.2,Cold
9661,1,8,0,0,0.0,0.0,0,1,379.0,-1.0,3,1,0,0,0.0,0.0,0.0,379.0,19.7,Cold
9660,1,8,0,0,0.0,0.0,0,1,372.0,-1.0,6,2,0,0,0.0,0.0,1.4,372.0,20.0,Cold
9659,1,8,0,0,0.0,0.0,0,1,377.0,-1.0,3,0,0,0,0.0,0.0,1.0,377.0,17.0,Cold
9658,1,8,0,0,0.0,0.0,0,1,380.0,-1.0,2,2,2,0,0.0,0.0,0.0,380.0,18.0,Cold
9657,1,8,0,0,0.0,0.0,0,1,377.0,-1.0,4,0,1,0,0.0,0.0,2.67,371.0,15.0,Cold
9656,1,8,0,0,0.0,0.0,0,1,371.0,-1.0,9,2,0,0,0.0,0.0,1.0,371.0,20.0,Cold
9655,1,8,0,0,0.0,0.0,0,1,378.0,-1.0,4,1,1,0,0.0,0.0,0.33,378.0,16.5,Cold
9654,1,8,0,0,0.0,0.0,0,1,377.0,-1.0,2,1,1,0,0.0,0.0,2.0,377.0,16.5,Cold
9653,1,8,0,0,0.0,0.0,0,1,379.0,-1.0,2,1,1,0,0.0,0.0,0.0,379.0,16.5,Cold
9652,1,8,0,0,0.0,0.0,0,1,377.0,-1.0,2,0,0,0,0.0,0.0,2.0,377.0,17.0,Cold
9651,1,8,0,0,0.0,0.0,0,1,377.0,-1.0,2,0,0,0,0.0,0.0,2.0,377.0,17.0,Cold
9650,1,8,0,0,0.0,0.0,0,1,377.0,-1.0,3,1,1,0,0.0,0.0,1.0,377.0,16.5,Cold
9649,1,8,0,0,0.0,0.0,0,1,380.0,-1.0,1,0,0,0,0.0,0.0,-1.0,379.0,14.5,Cold
9648,1,8,0,0,0.0,0.0,0,1,379.0,-1.0,3,2,2,0,0.0,0.0,0.0,379.0,18.0,Cold
9647,1,8,0,0,0.0,0.0,0,1,379.0,-1.0,2,1,1,0,0.0,0.0,0.0,379.0,16.5,Cold
9646,1,8,0,0,0.0,0.0,0,1,353.0,-1.0,19,9,4,0,0.0,0.0,1.44,353.0,25.0,Warm
9645,1,8,0,0,0.0,0.0,0,1,379.0,-1.0,2,1,0,0,0.0,0.0,0.0,379.0,18.5,Cold
9644,1,8,0,0,0.0,0.0,0,1,377.0,-1.0,3,0,0,0,0.0,0.0,1.0,377.0,17.0,Cold
9643,1,8,0,0,0.0,0.0,0,1,377.0,-1.0,3,0,0,0,0.0,0.0,1.0,377.0,17.0,Cold
9642,1,8,0,0,0.0,0.0,0,1,380.0,-1.0,2,1,1,0,0.0,0.0,2.0,377.0,16.5,Cold
9641,1,8,6,1,0.0,0.0,0,0,156.0,-1.0,23,2,0,0,75.0,0.0,15.45,43.0,26.0,Warm
9640,1,8,0,0,500000.0,800000.0,1,1,384.0,-1.0,6,1,0,0,0.0,800000.0,0.0,384.0,20.5,Warm
9639,1,8,0,1,0.0,0.0,0,0,384.0,-1.0,1,0,0,0,0.0,0.0,-1.0,384.0,15.0,Cold
9636,1,8,6,1,0.0,0.0,0,0,227.0,-1.0,21,2,0,0,0.0,0.0,15.85,68.0,26.0,Warm
9635,1,8,6,1,0.0,0.0,0,0,217.0,-1.0,24,1,0,0,0.0,0.0,14.17,59.0,24.5,Warm
9634,1,8,6,1,0.0,0.0,0,0,190.0,-1.0,28,1,0,0,100.0,0.0,12.19,56.0,24.5,Warm
9633,1,8,6,1,0.0,0.0,0,0,233.0,-1.0,31,4,1,0,0.0,0.0,10.5,70.0,27.0,Warm
9632,3,8,6,1,0.0,0.0,0,0,377.0,-1.0,10,4,0,0,0.0,0.0,23.22,176.0,39.0,Warm
9631,1,8,0,1,0.0,0.0,0,0,385.0,-1.0,8,4,1,0,0.0,0.0,18.14,258.0,30.0,Warm
9630,1,8,0,1,0.0,0.0,0,0,315.0,-1.0,9,0,0,0,0.0,0.0,8.75,252.0,20.0,Cold
9629,1,8,6,1,0.0,0.0,0,0,156.0,-1.0,22,1,0,0,59.0,0.0,15.9,52.0,24.5,Warm
9628,1,8,0,0,400000.0,500000.0,1,1,378.0,-1.0,3,1,1,0,0.0,500000.0,4.0,378.0,13.7,Cold
9627,1,8,0,1,40000.0,0.0,0,0,287.0,-1.0,17,1,0,0,0.0,0.0,7.38,273.0,22.5,Warm
9626,1,8,0,0,0.0,0.0,0,1,391.0,-1.0,2,0,0,0,0.0,0.0,28.0,363.0,17.0,Cold
9625,1,8,0,1,0.0,0.0,0,0,391.0,-1.0,7,4,2,0,0.0,0.0,25.0,240.0,20.0,Cold
9624,1,8,0,1,0.0,0.0,0,0,391.0,-1.0,7,1,2,0,0.0,0.0,24.67,240.0,15.5,Cold
9623,1,8,0,1,0.0,0.0,0,0,391.0,-1.0,1,0,0,0,0.0,0.0,-1.0,230.0,15.5,Cold
9622,1,8,0,1,0.0,0.0,0,0,391.0,-1.0,1,0,0,0,0.0,0.0,-1.0,230.0,15.5,Cold
9620,1,8,1,1,0.0,0.0,0,0,391.0,-1.0,1,0,0,0,0.0,0.0,-1.0,63.0,14.0,Cold
9619,1,8,0,1,0.0,0.0,0,0,391.0,-1.0,1,0,0,0,0.0,0.0,-1.0,388.0,18.0,Cold
9618,1,8,6,1,0.0,0.0,0,0,391.0,-1.0,2,0,0,0,0.0,0.0,2.0,56.0,19.0,Cold
9617,1,8,6,1,0.0,0.0,0,0,241.0,-1.0,16,2,0,0,0.0,0.0,21.87,57.0,24.0,Warm
9616,1,8,6,1,0.0,0.0,0,0,391.0,-1.0,4,0,3,0,18.0,0.0,5.0,43.0,21.0,Warm
9615,1,8,1,1,0.0,0.0,0,0,391.0,-1.0,3,0,0,0,0.0,0.0,56.5,117.0,13.5,Cold
9614,1,8,0,0,0.0,0.0,0,1,391.0,-1.0,1,0,0,0,0.0,0.0,-1.0,230.0,12.5,Cold
9613,1,8,0,1,0.0,0.0,0,0,391.0,-1.0,1,0,1,0,0.0,0.0,-1.0,230.0,13.5,Cold
9612,1,8,0,0,0.0,0.0,0,1,391.0,-1.0,1,1,1,0,0.0,0.0,-1.0,230.0,14.5,Cold
9611,1,8,2,0,0.0,0.0,0,1,391.0,-1.0,4,2,4,0,0.0,0.0,96.0,43.0,12.2,Cold
9610,1,8,0,1,0.0,0.0,0,0,391.0,-1.0,2,2,2,0,0.0,0.0,51.0,280.0,19.0,Cold
9609,1,8,0,1,0.0,0.0,0,0,391.0,-1.0,7,2,1,0,0.0,0.0,24.67,240.0,19.0,Cold
9608,1,8,0,0,0.0,0.0,0,1,391.0,-1.0,5,1,1,0,0.0,0.0,22.25,299.0,14.5,Cold
9607,1,8,0,1,0.0,0.0,0,0,391.0,-1.0,1,1,1,0,0.0,0.0,-1.0,334.0,17.5,Cold
9606,1,8,0,1,0.0,0.0,0,0,391.0,-1.0,2,0,0,0,0.0,0.0,66.0,314.0,20.0,Cold
9605,1,8,0,1,0.0,0.0,0,0,391.0,-1.0,2,0,0,0,0.0,0.0,0.0,334.0,18.0,Cold
9604,1,8,0,1,0.0,0.0,0,0,391.0,-1.0,1,0,0,0,0.0,0.0,-1.0,331.0,18.0,Cold
9603,1,8,6,1,0.0,0.0,0,0,349.0,-1.0,6,0,2,0,0.0,0.0,68.4,7.0,21.0,Warm
9602,1,8,0,1,0.0,0.0,0,0,350.0,-1.0,1,0,0,0,0.0,0.0,-1.0,350.0,18.0,Cold
9601,1,8,0,1,0.0,0.0,0,0,391.0,-1.0,2,1,0,0,0.0,0.0,66.0,314.0,22.7,Warm
9600,1,8,0,1,0.0,0.0,0,0,350.0,-1.0,2,0,1,0,0.0,0.0,0.0,350.0,16.0,Cold
9599,1,8,0,1,0.0,0.0,0,0,349.0,-1.0,9,3,3,0,0.0,0.0,5.88,302.0,20.5,Warm
9598,1,8,0,1,0.0,0.0,0,0,350.0,-1.0,1,0,0,0,0.0,0.0,-1.0,350.0,18.0,Cold
9597,1,8,0,1,0.0,0.0,0,0,391.0,-1.0,1,0,0,0,0.0,0.0,-1.0,334.0,15.5,Cold
9596,1,8,0,1,0.0,0.0,0,0,350.0,-1.0,1,0,1,0,0.0,0.0,-1.0,350.0,16.0,Cold
9595,1,8,0,1,0.0,0.0,0,0,345.0,-1.0,1,0,0,0,0.0,0.0,-1.0,345.0,18.0,Cold
9594,1,8,0,1,0.0,0.0,0,0,345.0,-1.0,1,0,0,0,0.0,0.0,-1.0,345.0,18.0,Cold
9593,1,8,0,1,0.0,0.0,0,0,391.0,-1.0,4,0,0,0,0.0,0.0,11.67,296.0,18.0,Cold
9592,1,8,0,1,0.0,0.0,0,0,391.0,-1.0,1,0,0,0,0.0,0.0,-1.0,350.0,18.0,Cold
9591,1,8,0,1,0.0,0.0,0,0,391.0,-1.0,1,0,0,0,0.0,0.0,-1.0,350.0,18.0,Cold
9590,1,8,0,1,0.0,0.0,0,0,350.0,-1.0,1,0,0,0,0.0,0.0,-1.0,350.0,15.5,Cold
9589,1,8,0,1,0.0,0.0,0,0,332.0,-1.0,2,0,0,0,0.0,0.0,2.0,332.0,21.0,Warm
9588,1,8,0,1,0.0,0.0,0,0,391.0,-1.0,1,0,0,0,0.0,0.0,-1.0,332.0,15.5,Cold
9587,1,8,0,1,0.0,0.0,0,0,350.0,-1.0,8,3,3,0,0.0,0.0,5.0,315.0,20.5,Warm
9586,1,8,0,1,0.0,0.0,0,0,350.0,-1.0,1,0,0,0,0.0,0.0,-1.0,350.0,18.0,Cold
9585,1,8,0,1,0.0,0.0,0,0,345.0,-1.0,1,0,1,0,0.0,0.0,-1.0,345.0,16.0,Cold
9584,1,8,0,1,0.0,0.0,0,0,391.0,-1.0,2,1,1,0,0.0,0.0,66.0,314.0,20.7,Warm
9583,1,8,0,1,0.0,0.0,0,0,318.0,-1.0,2,1,0,0,0.0,0.0,16.0,318.0,19.5,Cold
9582,1,8,0,1,0.0,0.0,0,0,391.0,-1.0,1,0,0,0,0.0,0.0,-1.0,330.0,18.0,Cold
9581,1,8,0,1,0.0,0.0,0,0,391.0,-1.0,3,1,1,0,0.0,0.0,25.5,295.0,19.5,Cold
9580,1,8,0,1,0.0,0.0,0,0,391.0,-1.0,3,1,1,0,0.0,0.0,15.0,316.0,19.5,Cold
9579,1,8,0,1,0.0,0.0,0,0,391.0,-1.0,2,0,0,0,0.0,0.0,4.0,346.0,18.0,Cold
9578,1,8,0,1,0.0,0.0,0,0,391.0,-1.0,1,0,0,0,0.0,0.0,-1.0,334.0,15.5,Cold
9577,1,8,0,1,0.0,0.0,0,0,391.0,-1.0,6,2,1,0,0.0,0.0,20.6,247.0,19.0,Cold
9576,1,8,0,1,0.0,0.0,0,0,350.0,-1.0,5,3,4,0,0.0,0.0,19.0,274.0,18.5,Cold
9575,1,8,6,1,0.0,0.0,0,0,350.0,-1.0,10,5,5,0,79.0,0.0,37.33,14.0,25.7,Warm
9574,1,8,0,1,0.0,0.0,0,0,391.0,-1.0,1,0,0,0,0.0,0.0,-1.0,334.0,18.0,Cold
9573,1,8,0,1,0.0,0.0,0,0,391.0,-1.0,1,0,0,0,0.0,0.0,-1.0,334.0,15.5,Cold
9572,1,8,0,1,0.0,0.0,0,0,349.0,-1.0,7,3,2,0,0.0,0.0,10.0,289.0,20.5,Warm
9571,1,8,0,1,0.0,0.0,0,0,349.0,-1.0,6,4,4,0,0.0,0.0,6.6,316.0,20.0,Cold
9570,1,8,0,1,0.0,0.0,0,0,350.0,-1.0,1,0,0,0,0.0,0.0,-1.0,350.0,18.0,Cold
9569,1,8,0,1,0.0,0.0,0,0,391.0,-1.0,1,0,0,0,0.0,0.0,-1.0,330.0,18.0,Cold
9568,1,8,0,1,0.0,0.0,0,0,391.0,-1.0,2,0,0,0,0.0,0.0,0.0,330.0,15.5,Cold
9567,1,8,0,1,0.0,0.0,0,0,327.0,-1.0,2,0,1,0,0.0,0.0,7.0,327.0,16.0,Cold
9566,1,8,0,1,0.0,0.0,0,0,349.0,-1.0,1,0,0,0,0.0,0.0,-1.0,349.0,18.0,Cold
9565,1,8,0,1,0.0,0.0,0,0,391.0,-1.0,4,0,0,0,0.0,0.0,8.67,324.0,18.0,Cold
9564,1,8,0,1,0.0,0.0,0,0,391.0,-1.0,3,0,1,0,0.0,0.0,11.5,327.0,13.5,Cold
9563,1,8,0,1,0.0,0.0,0,0,391.0,-1.0,5,2,3,0,0.0,0.0,24.75,247.0,17.0,Cold
9562,1,8,0,1,0.0,0.0,0,0,391.0,-1.0,1,0,0,0,0.0,0.0,-1.0,331.0,18.0,Cold
9561,1,8,0,0,0.0,0.0,0,1,391.0,-1.0,4,0,0,0,0.0,0.0,11.67,296.0,15.0,Cold
9560,1,8,0,1,0.0,0.0,0,0,391.0,-1.0,1,0,0,0,0.0,0.0,-1.0,331.0,18.0,Cold
9559,1,8,0,1,0.0,0.0,0,0,391.0,-1.0,2,1,1,0,0.0,0.0,74.0,316.0,17.5,Cold
9558,1,8,0,1,0.0,0.0,0,0,316.0,-1.0,3,0,1,0,0.0,0.0,17.0,316.0,16.0,Cold
9557,1,8,0,1,0.0,0.0,0,0,345.0,-1.0,1,0,0,0,0.0,0.0,-1.0,345.0,18.0,Cold
9556,1,8,2,1,0.0,0.0,0,0,350.0,-1.0,9,2,8,0,0.0,0.0,36.5,58.0,15.2,Cold
9555,1,8,0,1,0.0,0.0,0,0,350.0,-1.0,1,0,1,0,0.0,0.0,-1.0,350.0,16.0,Cold
9554,2,8,0,1,0.0,0.0,0,0,330.0,-1.0,3,0,1,0,0.0,0.0,7.5,330.0,19.0,Cold
9553,1,8,6,1,0.0,0.0,0,0,391.0,-1.0,2,0,0,0,0.0,0.0,144.0,185.0,20.5,Warm
9552,1,8,0,1,0.0,0.0,0,0,391.0,-1.0,1,0,0,0,0.0,0.0,-1.0,334.0,18.0,Cold
9551,1,8,0,1,0.0,0.0,0,0,391.0,-1.0,1,0,0,0,0.0,0.0,-1.0,350.0,18.0,Cold
9550,1,8,0,1,0.0,0.0,0,0,391.0,-1.0,1,1,0,0,0.0,0.0,-1.0,350.0,19.5,Cold
9549,1,8,0,1,0.0,0.0,0,0,391.0,-1.0,1,0,0,0,0.0,0.0,-1.0,331.0,18.0,Cold
9548,1,8,0,1,0.0,0.0,0,0,350.0,-1.0,6,2,3,0,0.0,0.0,7.2,314.0,18.2,Cold
9547,1,8,0,1,0.0,0.0,0,0,345.0,-1.0,1,0,1,0,0.0,0.0,-1.0,345.0,13.5,Cold
9546,1,8,0,1,0.0,0.0,0,0,345.0,-1.0,1,0,1,0,0.0,0.0,-1.0,345.0,13.5,Cold
9545,1,8,0,1,0.0,0.0,0,0,349.0,-1.0,1,1,1,0,0.0,0.0,-1.0,349.0,15.0,Cold
9544,1,8,0,1,0.0,0.0,0,0,349.0,-1.0,1,0,0,0,0.0,0.0,-1.0,349.0,18.0,Cold
9543,1,8,0,1,0.0,0.0,0,0,349.0,-1.0,1,0,1,0,0.0,0.0,-1.0,349.0,13.5,Cold
9542,1,8,0,1,0.0,0.0,0,0,391.0,-1.0,3,0,2,0,0.0,0.0,5.5,339.0,16.0,Cold
9541,1,8,0,1,0.0,0.0,0,0,391.0,-1.0,4,0,0,0,0.0,0.0,11.67,296.0,18.0,Cold
9540,1,8,0,1,0.0,0.0,0,0,391.0,-1.0,1,0,0,0,0.0,0.0,-1.0,331.0,15.5,Cold
9539,1,8,0,1,0.0,0.0,0,0,350.0,-1.0,1,0,0,0,0.0,0.0,-1.0,350.0,18.0,Cold
9538,1,8,0,1,0.0,0.0,0,0,350.0,-1.0,1,0,0,0,0.0,0.0,-1.0,350.0,15.5,Cold
9537,1,8,0,1,0.0,0.0,0,0,320.0,-1.0,4,0,3,0,0.0,0.0,12.0,320.0,16.0,Cold
9536,1,8,0,0,0.0,0.0,0,1,391.0,-1.0,7,0,2,0,0.0,0.0,6.67,316.0,15.0,Cold
9535,1,8,6,1,0.0,0.0,0,0,391.0,-1.0,7,0,0,0,24.0,0.0,34.5,124.0,23.0,Warm
9534,1,8,0,1,0.0,0.0,0,0,391.0,-1.0,1,0,0,0,0.0,0.0,-1.0,350.0,18.0,Cold
9533,1,8,0,1,0.0,0.0,0,0,391.0,-1.0,1,0,0,0,0.0,0.0,-1.0,334.0,18.0,Cold
9532,1,8,6,1,0.0,0.0,0,0,391.0,-1.0,15,4,6,0,0.0,0.0,24.21,7.0,27.4,Warm
9531,1,8,0,1,0.0,0.0,0,0,391.0,-1.0,4,4,3,0,0.0,0.0,10.33,315.0,24.0,Warm
9530,1,8,0,1,0.0,0.0,0,0,391.0,-1.0,5,1,2,0,0.0,0.0,10.0,316.0,17.5,Cold
9529,1,8,0,1,0.0,0.0,0,0,320.0,-1.0,2,0,1,0,0.0,0.0,30.0,320.0,16.0,Cold
9528,1,8,0,1,0.0,0.0,0,0,391.0,-1.0,5,2,0,0,0.0,0.0,37.0,240.0,21.0,Warm
9527,1,8,0,0,0.0,0.0,0,1,391.0,-1.0,4,1,3,0,33.0,0.0,91.33,57.0,14.5,Cold
9526,1,8,0,1,0.0,0.0,0,0,331.0,-1.0,4,2,0,0,0.0,0.0,30.67,240.0,21.0,Warm
9525,1,8,0,1,0.0,0.0,0,0,391.0,-1.0,3,0,1,0,0.0,0.0,45.0,240.0,16.0,Cold
9524,1,8,0,0,0.0,0.0,0,1,391.0,-1.0,4,0,2,0,0.0,0.0,32.0,234.0,13.0,Cold
9523,1,8,0,1,0.0,0.0,0,0,391.0,-1.0,4,2,3,0,0.0,0.0,8.0,310.0,17.0,Cold
9522,1,8,2,1,0.0,0.0,0,0,391.0,-1.0,5,0,3,0,0.0,0.0,71.75,42.0,13.0,Cold
9521,1,8,0,0,0.0,0.0,0,1,391.0,-1.0,3,1,0,0,0.0,0.0,5.5,380.0,16.5,Cold
9520,1,8,0,0,0.0,0.0,0,1,391.0,-1.0,2,1,0,0,0.0,0.0,1.0,380.0,17.7,Cold
9519,1,8,0,0,0.0,0.0,0,1,391.0,-1.0,2,0,0,0,0.0,0.0,5.0,378.0,15.5,Cold
9518,1,8,0,0,0.0,0.0,0,1,391.0,-1.0,3,1,0,0,0.0,0.0,6.5,370.0,16.5,Cold
9517,1,8,0,0,0.0,0.0,0,1,391.0,-1.0,3,1,0,0,0.0,0.0,9.0,363.0,18.5,Cold
9516,1,8,0,0,0.0,0.0,0,1,391.0,-1.0,6,2,0,0,0.0,0.0,3.8,362.0,18.0,Cold
9515,1,8,0,0,0.0,0.0,0,1,391.0,-1.0,1,0,0,0,0.0,0.0,-1.0,381.0,12.5,Cold
9514,1,8,0,0,0.0,0.0,0,1,391.0,-1.0,1,0,0,0,0.0,0.0,-1.0,381.0,15.0,Cold
9513,1,8,0,0,0.0,0.0,0,1,391.0,-1.0,1,0,0,0,0.0,0.0,-1.0,381.0,15.0,Cold
9512,1,8,0,0,0.0,0.0,0,1,391.0,-1.0,1,0,0,0,0.0,0.0,-1.0,383.0,15.0,Cold
9511,1,8,0,1,0.0,0.0,0,0,391.0,-1.0,5,0,0,0,0.0,0.0,23.0,240.0,18.0,Cold
9510,1,8,0,1,0.0,0.0,0,0,391.0,-1.0,2,1,2,0,0.0,0.0,48.0,268.0,15.5,Cold
9509,1,8,0,1,0.0,0.0,0,0,391.0,-1.0,3,0,2,0,0.0,0.0,19.0,278.0,16.0,Cold
9508,1,8,0,1,0.0,0.0,0,0,391.0,-1.0,4,1,1,0,0.0,0.0,30.67,240.0,17.5,Cold
9507,1,8,0,1,0.0,0.0,0,0,391.0,-1.0,1,1,1,0,0.0,0.0,-1.0,316.0,17.5,Cold
9506,1,8,0,1,0.0,0.0,0,0,391.0,-1.0,2,1,2,0,0.0,0.0,26.0,290.0,15.5,Cold
9505,1,8,0,1,0.0,0.0,0,0,331.0,-1.0,6,0,0,0,0.0,0.0,26.8,198.0,15.5,Cold
9504,1,8,0,1,0.0,0.0,0,0,391.0,-1.0,1,0,1,0,0.0,0.0,-1.0,316.0,13.5,Cold
9503,1,8,0,1,0.0,0.0,0,0,391.0,-1.0,2,0,0,0,0.0,0.0,0.0,316.0,18.0,Cold
9502,1,8,0,1,0.0,0.0,0,0,391.0,-1.0,3,1,2,0,0.0,0.0,38.5,239.0,15.5,Cold
9501,1,8,0,1,0.0,0.0,0,0,391.0,-1.0,1,0,0,0,0.0,0.0,-1.0,230.0,15.5,Cold
9500,1,8,0,1,0.0,0.0,0,0,391.0,-1.0,1,1,1,0,0.0,0.0,-1.0,230.0,17.5,Cold
9499,1,8,0,1,0.0,0.0,0,0,391.0,-1.0,1,1,1,0,0.0,0.0,-1.0,230.0,17.5,Cold
9498,1,8,2,1,0.0,0.0,0,0,391.0,-1.0,2,1,1,0,51.0,0.0,0.0,58.0,18.5,Cold
9496,1,8,1,1,0.0,0.0,0,0,391.0,-1.0,2,1,1,0,36.0,0.0,0.0,63.0,17.5,Cold
9493,1,8,0,1,0.0,0.0,0,0,391.0,-1.0,1,0,0,0,0.0,0.0,-1.0,334.0,18.0,Cold
9492,1,8,0,1,0.0,0.0,0,0,391.0,-1.0,1,0,0,0,0.0,0.0,-1.0,230.0,15.5,Cold
9491,1,8,0,1,0.0,0.0,0,0,391.0,-1.0,1,1,1,0,0.0,0.0,-1.0,230.0,17.5,Cold
9490,1,8,2,0,0.0,0.0,0,1,392.0,-1.0,3,2,1,0,0.0,0.0,1.0,61.0,17.4,Cold
9489,1,8,0,1,0.0,0.0,0,0,392.0,-1.0,1,0,0,0,0.0,0.0,-1.0,230.0,15.5,Cold
9488,1,8,0,1,0.0,0.0,0,0,392.0,-1.0,1,0,0,0,0.0,0.0,-1.0,392.0,18.0,Cold
9487,1,8,0,1,0.0,0.0,0,0,392.0,-1.0,2,0,0,0,0.0,0.0,0.0,392.0,18.0,Cold
9485,1,8,0,1,0.0,0.0,0,0,392.0,-1.0,2,0,0,0,0.0,0.0,68.0,323.0,21.0,Warm
9479,1,8,6,1,0.0,0.0,0,0,392.0,-1.0,9,0,1,0,0.0,0.0,26.0,184.0,24.0,Warm
9478,1,8,0,1,0.0,0.0,0,0,392.0,-1.0,3,0,0,0,0.0,0.0,93.5,205.0,15.5,Cold
9477,1,8,0,1,0.0,0.0,0,0,392.0,-1.0,3,1,1,0,0.0,0.0,48.0,296.0,20.7,Warm
9476,1,8,0,0,0.0,0.0,0,1,362.0,-1.0,4,0,0,0,0.0,0.0,10.33,362.0,15.0,Cold
9475,1,8,0,1,0.0,0.0,0,0,356.0,-1.0,2,0,1,0,0.0,0.0,37.0,356.0,13.5,Cold
9474,1,8,6,1,500000.0,550000.0,1,0,241.0,-1.0,11,0,0,0,0.0,550000.0,32.8,65.0,22.0,Warm
9473,1,8,6,1,400000.0,500000.0,1,0,287.0,-1.0,30,0,0,0,19.0,500000.0,11.76,52.0,24.0,Warm
9471,1,8,0,1,10000000.0,8000000000.0,1,0,393.0,-1.0,2,0,0,0,0.0,8000000000.0,0.0,393.0,26.0,Warm
9470,1,8,0,0,0.0,0.0,0,1,394.0,-1.0,1,0,0,0,0.0,0.0,-1.0,392.0,12.5,Cold
9469,1,8,0,1,0.0,0.0,0,0,290.0,-1.0,16,1,0,0,0.0,0.0,13.07,198.0,21.5,Warm
9468,1,8,0,1,0.0,0.0,0,0,350.0,-1.0,2,0,0,0,0.0,0.0,42.0,350.0,18.0,Cold
9467,1,8,0,1,0.0,0.0,0,0,339.0,-1.0,8,0,0,0,0.0,0.0,9.86,323.0,20.0,Cold
9466,1,8,0,1,0.0,0.0,0,0,350.0,-1.0,4,0,0,0,0.0,0.0,14.0,350.0,18.0,Cold
9465,1,8,6,1,0.0,0.0,0,0,395.0,-1.0,14,4,0,0,72.0,0.0,26.0,52.0,29.0,Warm
9464,1,8,6,1,0.0,0.0,0,0,240.0,-1.0,16,3,0,0,100.0,0.0,16.0,57.0,27.5,Warm
9462,1,8,0,0,0.0,0.0,0,1,395.0,-1.0,1,0,0,0,0.0,0.0,-1.0,285.0,15.0,Cold
9461,1,8,0,8,0.0,0.0,0,0,395.0,-1.0,1,1,1,0,0.0,0.0,-1.0,296.0,19.5,Cold
9460,1,8,0,1,0.0,0.0,0,0,395.0,-1.0,1,1,1,0,0.0,0.0,-1.0,294.0,17.5,Cold
9459,1,8,0,1,0.0,0.0,0,0,395.0,-1.0,1,1,1,0,0.0,0.0,-1.0,294.0,17.5,Cold
9458,1,8,0,1,0.0,0.0,0,0,395.0,-1.0,1,1,1,0,0.0,0.0,-1.0,294.0,17.5,Cold
9457,1,8,0,1,0.0,0.0,0,0,395.0,-1.0,1,1,0,0,0.0,0.0,-1.0,294.0,19.5,Cold
9456,1,8,0,1,0.0,0.0,0,0,395.0,-1.0,1,0,1,0,0.0,0.0,-1.0,294.0,13.5,Cold
9455,1,8,6,1,0.0,0.0,0,0,178.0,-1.0,8,1,0,0,40.0,0.0,5.0,171.0,24.5,Warm
9454,1,8,0,1,0.0,0.0,0,0,395.0,-1.0,1,0,0,0,0.0,0.0,-1.0,294.0,18.0,Cold
9453,1,8,0,1,0.0,0.0,0,0,395.0,-1.0,1,1,1,0,0.0,0.0,-1.0,294.0,17.5,Cold
9452,1,8,0,1,0.0,0.0,0,0,395.0,-1.0,1,1,1,0,0.0,0.0,-1.0,294.0,17.5,Cold
9451,1,8,0,1,0.0,0.0,0,0,395.0,-1.0,1,1,1,0,0.0,0.0,-1.0,290.0,17.5,Cold
9450,1,8,0,1,0.0,0.0,0,0,395.0,-1.0,1,0,0,0,0.0,0.0,-1.0,294.0,15.5,Cold
9449,1,8,6,1,0.0,0.0,0,0,220.0,-1.0,21,3,0,0,0.0,0.0,19.4,6.0,27.5,Warm
9448,1,8,6,1,0.0,0.0,0,0,381.0,-1.0,12,2,1,0,0.0,0.0,30.09,63.0,22.0,Warm
9447,1,8,6,1,0.0,0.0,0,0,257.0,-1.0,20,1,0,0,0.0,0.0,11.47,176.0,24.5,Warm
9446,1,8,0,0,0.0,0.0,0,1,380.0,-1.0,5,2,1,0,0.0,0.0,3.5,380.0,19.2,Cold
9445,1,8,6,1,0.0,0.0,0,0,178.0,-1.0,24,4,0,0,13.0,0.0,14.87,52.0,29.0,Warm
9444,1,8,6,1,0.0,0.0,0,0,183.0,-1.0,35,5,0,0,0.0,0.0,10.32,43.0,30.5,Warm
9443,1,8,6,1,0.0,0.0,0,0,179.0,-1.0,23,5,1,0,0.0,0.0,14.41,77.0,28.5,Warm
9442,1,8,6,1,0.0,0.0,0,0,222.0,-1.0,12,1,1,0,0.0,0.0,26.45,101.0,22.5,Warm
9441,1,8,0,1,0.0,0.0,0,0,318.0,-1.0,8,2,0,0,0.0,0.0,21.0,245.0,23.0,Warm
9440,1,8,6,1,0.0,0.0,0,0,160.0,-1.0,34,3,1,0,40.0,0.0,10.55,44.0,25.5,Warm
9439,1,8,0,0,0.0,0.0,0,1,360.0,-1.0,3,2,1,0,0.0,0.0,16.0,360.0,14.7,Cold
9438,1,8,0,0,0.0,0.0,0,1,380.0,-1.0,3,2,1,0,0.0,0.0,6.0,380.0,19.2,Cold
9437,1,8,6,1,0.0,0.0,0,0,273.0,-1.0,15,2,1,0,101.0,0.0,24.86,44.0,24.0,Warm
9436,1,8,0,0,0.0,0.0,0,1,381.0,-1.0,3,2,1,0,0.0,0.0,5.5,381.0,19.2,Cold
9435,1,8,0,1,0.0,0.0,0,0,296.0,-1.0,9,1,0,0,0.0,0.0,18.38,245.0,21.5,Warm
9434,1,8,6,1,0.0,0.0,0,0,316.0,-1.0,10,2,1,0,0.0,0.0,38.78,43.0,24.0,Warm
9433,1,8,6,1,0.0,0.0,0,0,190.0,-1.0,18,5,1,0,40.0,0.0,20.0,52.0,28.5,Warm
9432,1,8,6,1,0.0,0.0,0,0,273.0,-1.0,12,3,0,0,42.0,0.0,20.0,172.0,27.5,Warm
9431,1,8,6,1,0.0,0.0,0,0,211.0,-1.0,31,5,0,0,0.0,0.0,6.93,184.0,30.5,Warm
9430,1,8,6,1,0.0,0.0,0,0,241.0,-1.0,20,2,0,0,0.0,0.0,18.37,43.0,26.0,Warm
9429,1,8,0,0,0.0,0.0,0,1,380.0,-1.0,3,0,0,0,0.0,0.0,8.5,380.0,15.0,Cold
9428,1,8,6,1,400000.0,500000.0,1,0,217.0,-1.0,23,1,0,0,0.0,500000.0,16.82,23.0,25.5,Warm
9427,1,8,6,1,0.0,0.0,0,0,398.0,-1.0,17,1,0,0,0.0,0.0,17.0,123.0,22.5,Warm
9426,1,8,6,1,400000.0,500000.0,1,0,189.0,-1.0,39,7,0,0,151.0,500000.0,9.18,44.0,35.7,Warm
9425,1,8,6,1,500000.0,600000.0,1,0,398.0,-1.0,5,1,0,0,0.0,600000.0,58.5,63.0,23.5,Warm
9424,2,8,0,0,500000.0,550000.0,1,1,380.0,-1.0,4,2,1,0,0.0,550000.0,4.33,380.0,22.4,Warm
9423,1,8,0,0,500000.0,500000.0,1,1,375.0,-1.0,5,2,1,0,0.0,500000.0,4.5,375.0,21.4,Warm
9420,1,8,0,8,0.0,0.0,0,0,398.0,-1.0,1,0,0,0,0.0,0.0,-1.0,393.0,20.5,Warm
9418,1,8,0,0,0.0,0.0,0,1,398.0,-1.0,1,0,0,0,0.0,0.0,-1.0,395.0,15.0,Cold
9416,1,8,6,1,0.0,0.0,0,0,263.0,-1.0,24,2,0,0,0.0,0.0,14.17,68.0,26.0,Warm
9415,1,8,0,0,0.0,0.0,0,1,398.0,-1.0,1,0,0,0,0.0,0.0,-1.0,391.0,15.0,Cold
9414,1,8,6,1,0.0,0.0,0,0,398.0,-1.0,5,2,2,0,0.0,0.0,91.75,24.0,22.0,Warm
9413,1,8,6,1,0.0,0.0,0,0,398.0,-1.0,12,0,0,0,0.0,0.0,35.27,6.0,18.5,Cold
9408,1,8,6,1,0.0,0.0,0,0,254.0,-1.0,21,3,0,1,211.0,0.0,16.75,56.0,32.5,Warm
9407,1,8,6,1,0.0,0.0,0,0,148.0,-1.0,16,2,1,0,0.0,0.0,16.2,148.0,24.0,Warm
9405,1,8,6,1,0.0,0.0,0,0,263.0,-1.0,8,0,0,0,38.0,0.0,17.86,172.0,23.0,Warm
9404,1,8,6,1,0.0,0.0,0,0,398.0,-1.0,2,0,0,0,0.0,0.0,365.0,23.0,21.0,Warm
9403,1,8,6,1,0.0,0.0,0,0,184.0,-1.0,18,1,0,0,0.0,0.0,14.0,59.0,24.5,Warm
9402,1,8,6,1,0.0,0.0,0,0,398.0,-1.0,2,0,0,0,0.0,0.0,368.0,23.0,21.0,Warm
9401,1,8,0,1,0.0,0.0,0,0,398.0,-1.0,2,0,0,0,0.0,0.0,1.0,385.0,15.5,Cold
9399,1,8,0,0,0.0,0.0,0,1,398.0,-1.0,1,1,0,0,0.0,0.0,-1.0,395.0,14.0,Cold
9395,1,8,6,1,400000.0,0.0,0,0,375.0,-1.0,14,1,0,0,0.0,0.0,18.85,148.0,28.5,Warm
9393,1,8,6,1,0.0,0.0,0,0,398.0,-1.0,13,2,1,0,0.0,0.0,28.33,51.0,22.0,Warm
9390,1,8,6,1,0.0,0.0,0,0,311.0,-1.0,14,1,0,0,0.0,0.0,29.46,10.0,24.5,Warm
9389,1,8,0,0,0.0,0.0,0,1,398.0,-1.0,1,1,1,0,0.0,0.0,-1.0,393.0,14.5,Cold
9388,1,8,0,1,0.0,0.0,0,0,275.0,-1.0,25,1,0,0,0.0,0.0,7.88,204.0,21.5,Warm
9387,1,8,0,0,0.0,0.0,0,1,373.0,-1.0,4,1,1,0,0.0,0.0,6.67,373.0,15.7,Cold
9386,1,8,0,8,0.0,0.0,0,0,398.0,-1.0,1,1,0,0,0.0,0.0,-1.0,393.0,19.5,Cold
9385,1,8,0,0,700000.0,800000.0,1,1,398.0,-1.0,2,1,0,0,0.0,800000.0,8.0,385.0,18.7,Cold
9384,1,8,6,1,0.0,0.0,0,0,148.0,-1.0,41,9,0,0,67.0,0.0,8.53,52.0,36.2,Warm
9383,1,8,6,1,500000.0,600000.0,1,0,190.0,-1.0,22,1,0,0,0.0,600000.0,12.86,123.0,25.5,Warm
9382,1,8,6,1,400000.0,500000.0,1,0,183.0,-1.0,42,5,0,0,42.0,500000.0,5.12,183.0,34.5,Warm
9381,1,8,0,0,900000.0,900000.0,1,1,369.0,-1.0,7,2,1,0,0.0,900000.0,4.0,369.0,19.9,Cold
9380,1,8,6,1,0.0,0.0,0,0,189.0,-1.0,24,3,1,0,0.0,0.0,14.61,57.0,25.5,Warm
9379,1,8,0,0,400000.0,450000.0,1,1,362.0,-1.0,7,4,1,0,0.0,450000.0,5.17,362.0,24.8,Warm
9378,1,8,0,1,500000.0,500000.0,1,0,249.0,-1.0,16,4,0,0,0.0,500000.0,9.6,249.0,27.0,Warm
9377,1,8,0,8,40000.0,500000.0,1,0,398.0,-1.0,1,0,0,0,0.0,500000.0,-1.0,392.0,21.0,Warm
9375,1,8,6,1,400000.0,500000.0,1,0,327.0,-1.0,15,2,0,0,0.0,500000.0,26.36,24.0,27.0,Warm
9372,1,8,0,0,0.0,0.0,0,1,398.0,-1.0,3,1,1,0,0.0,0.0,25.0,335.0,14.5,Cold
9369,1,8,0,0,500000.0,500000.0,1,1,398.0,-1.0,1,0,0,0,0.0,500000.0,-1.0,393.0,16.0,Cold
9367,1,8,6,1,400000.0,500000.0,1,0,257.0,-1.0,12,3,0,0,0.0,500000.0,22.27,148.0,28.5,Warm
9366,1,8,0,0,500000.0,530000.0,1,1,375.0,-1.0,4,1,1,0,0.0,530000.0,5.67,375.0,16.7,Cold
9365,1,8,6,1,500000.0,600000.0,1,0,357.0,-1.0,10,0,0,0,0.0,600000.0,24.0,176.0,22.0,Warm
9364,1,8,0,1,0.0,0.0,0,0,350.0,-1.0,4,2,0,0,0.0,0.0,12.0,350.0,23.0,Warm
9363,1,8,0,1,0.0,0.0,0,0,304.0,-1.0,7,0,0,0,0.0,0.0,23.33,245.0,20.0,Cold
9362,1,8,0,0,0.0,0.0,0,1,398.0,-1.0,1,1,1,0,0.0,0.0,-1.0,391.0,14.5,Cold
9361,1,8,6,1,0.0,0.0,0,0,398.0,-1.0,2,1,0,0,0.0,0.0,368.0,23.0,22.5,Warm
9360,1,8,6,1,0.0,0.0,0,0,398.0,-1.0,5,0,2,0,0.0,0.0,27.0,189.0,16.5,Cold
9359,1,8,6,1,0.0,0.0,0,0,189.0,-1.0,19,3,0,0,100.0,0.0,15.06,52.0,27.5,Warm
9357,1,8,6,1,0.0,0.0,0,0,189.0,-1.0,33,5,0,0,0.0,0.0,6.44,186.0,31.7,Warm
9356,1,8,6,1,0.0,0.0,0,0,294.0,-1.0,18,4,0,0,0.0,0.0,22.94,2.0,29.0,Warm
9355,1,8,6,1,400000.0,470000.0,1,0,242.0,-1.0,29,3,0,0,66.0,470000.0,12.5,43.0,28.5,Warm
9354,1,8,6,1,0.0,0.0,0,0,189.0,-1.0,38,4,0,0,0.0,0.0,10.46,6.0,29.0,Warm
9353,1,8,6,0,0.0,0.0,0,1,359.0,-1.0,14,4,0,0,0.0,0.0,25.0,68.0,29.4,Warm
9352,1,8,6,1,0.0,0.0,0,0,156.0,-1.0,55,9,1,0,80.0,0.0,7.17,5.0,36.0,Warm
9351,1,8,0,1,0.0,0.0,0,0,327.0,-1.0,17,3,0,0,0.0,0.0,9.25,245.0,24.5,Warm
9350,1,8,6,1,300000.0,400000.0,1,0,227.0,-1.0,21,5,0,0,0.0,400000.0,17.2,49.0,37.5,Warm
9349,1,8,6,1,0.0,0.0,0,0,329.0,-1.0,42,2,0,0,76.0,0.0,5.37,172.0,26.0,Warm
9348,1,8,6,1,500000.0,600000.0,1,0,213.0,-1.0,22,0,0,0,71.0,600000.0,16.57,44.0,24.0,Warm
9347,1,8,6,1,400000.0,500000.0,1,0,357.0,-1.0,14,0,0,0,0.0,500000.0,24.77,71.0,22.0,Warm
9346,1,8,6,1,500000.0,550000.0,1,0,380.0,-1.0,20,5,0,0,0.0,550000.0,17.68,57.0,29.5,Warm
9345,1,8,0,1,400000.0,500000.0,1,0,371.0,-1.0,5,0,0,0,0.0,500000.0,5.25,371.0,19.0,Cold
9344,1,8,6,1,0.0,0.0,0,0,241.0,-1.0,10,0,0,0,0.0,0.0,42.67,16.0,23.0,Warm
9342,1,8,0,1,0.0,0.0,0,0,419.0,-1.0,2,0,0,0,0.0,0.0,0.0,419.0,18.0,Cold
9341,2,8,0,1,70000.0,80000.0,1,0,340.0,-1.0,11,2,1,0,0.0,80000.0,8.8,340.0,25.0,Warm
9339,2,8,0,0,0.0,0.0,0,1,350.0,-1.0,5,0,0,0,0.0,0.0,0.0,350.0,20.0,Cold
9338,1,8,0,0,0.0,0.0,0,1,360.0,-1.0,6,0,0,0,0.0,0.0,18.2,360.0,15.0,Cold
9336,1,8,0,8,0.0,0.0,0,0,462.0,-1.0,2,1,0,0,0.0,0.0,0.0,462.0,26.5,Warm
9334,1,8,0,1,0.0,0.0,0,0,470.0,-1.0,5,0,0,0,0.0,0.0,31.0,327.0,21.0,Warm
9333,1,8,0,0,0.0,0.0,0,1,470.0,-1.0,3,0,0,0,0.0,0.0,1.5,370.0,12.5,Cold
9331,1,8,6,1,0.0,0.0,0,0,248.0,-1.0,13,0,6,0,0.0,0.0,24.42,57.0,16.5,Cold
9330,1,8,0,0,0.0,0.0,0,1,360.0,-1.0,4,0,0,0,0.0,0.0,36.67,360.0,12.5,Cold
9329,1,8,0,1,0.0,0.0,0,0,478.0,-1.0,5,0,0,0,0.0,0.0,30.25,330.0,18.0,Cold
9328,1,8,0,1,0.0,0.0,0,0,478.0,-1.0,2,0,0,0,0.0,0.0,0.0,400.0,18.0,Cold
9327,1,8,2,1,0.0,0.0,0,0,478.0,-1.0,3,0,0,0,115.0,0.0,214.0,50.0,19.0,Cold
9326,1,8,0,1,0.0,0.0,0,0,485.0,-1.0,4,2,2,0,0.0,0.0,69.0,278.0,21.0,Warm
9325,2,8,0,0,0.0,0.0,0,1,365.0,-1.0,6,0,0,0,0.0,0.0,24.0,365.0,20.0,Cold
9324,1,8,0,0,0.0,0.0,0,1,365.0,-1.0,5,2,0,0,0.0,0.0,27.75,365.0,21.2,Warm
9323,2,8,0,1,0.0,0.0,0,0,486.0,-1.0,7,1,1,0,0.0,0.0,39.67,248.0,22.5,Warm
9322,1,8,0,0,0.0,0.0,0,1,486.0,-1.0,4,0,0,0,0.0,0.0,4.33,360.0,12.5,Cold
9321,2,8,0,1,0.0,0.0,0,0,354.0,-1.0,9,5,0,0,0.0,0.0,2.38,354.0,30.5,Warm
9320,1,8,0,0,0.0,0.0,0,1,365.0,-1.0,3,1,1,0,0.0,0.0,4.0,365.0,17.7,Cold
9319,1,8,0,1,0.0,0.0,0,0,486.0,-1.0,4,0,0,0,0.0,0.0,37.67,247.0,16.0,Cold
9318,1,8,0,0,0.0,0.0,0,1,362.0,-1.0,9,0,0,0,0.0,0.0,2.38,354.0,17.0,Cold
9317,1,8,0,0,0.0,0.0,0,1,362.0,-1.0,9,0,0,0,0.0,0.0,15.38,362.0,17.0,Cold
9315,1,8,0,0,0.0,0.0,0,1,492.0,-1.0,2,0,0,0,0.0,0.0,3.0,370.0,12.5,Cold
9314,1,8,0,0,0.0,0.0,0,1,366.0,-1.0,6,0,0,0,0.0,0.0,2.4,361.0,17.0,Cold
9313,1,8,0,1,0.0,0.0,0,0,350.0,-1.0,9,0,1,0,0.0,0.0,2.88,350.0,18.0,Cold
9312,2,8,0,1,0.0,0.0,0,0,492.0,-1.0,4,1,0,0,0.0,0.0,21.33,296.0,25.7,Warm
9311,1,8,0,0,0.0,0.0,0,1,493.0,-1.0,2,0,0,0,0.0,0.0,0.0,373.0,12.5,Cold
9310,1,8,0,0,0.0,0.0,0,1,493.0,-1.0,5,0,1,0,0.0,0.0,14.75,301.0,10.5,Cold
9309,2,8,0,1,325.0,375.0,1,0,321.0,-1.0,5,1,0,0,0.0,375.0,43.0,321.0,29.7,Warm
9308,1,8,0,1,30000.0,40000.0,1,0,493.0,-1.0,2,1,1,0,0.0,40000.0,154.0,339.0,24.7,Warm
9269,1,8,0,1,0.0,0.0,0,0,498.0,-1.0,4,4,0,0,0.0,0.0,81.0,255.0,29.0,Warm
9268,1,8,2,0,0.0,0.0,0,1,498.0,-1.0,9,4,5,0,42.0,0.0,54.88,59.0,18.4,Cold
9267,1,8,0,1,0.0,0.0,0,0,498.0,-1.0,9,0,3,0,0.0,0.0,28.0,274.0,16.0,Cold
9266,1,8,0,0,0.0,0.0,0,1,498.0,-1.0,1,0,0,0,0.0,0.0,-1.0,498.0,15.0,Cold
9265,1,8,0,1,0.0,0.0,0,0,498.0,-1.0,5,1,3,0,0.0,0.0,50.75,294.0,16.7,Cold
9264,1,8,0,1,0.0,0.0,0,0,321.0,-1.0,6,2,5,0,0.0,0.0,35.2,321.0,21.4,Warm
9263,1,8,0,1,0.0,0.0,0,0,498.0,-1.0,3,2,0,0,0.0,0.0,87.5,322.0,25.4,Warm
9262,1,8,0,1,0.0,0.0,0,0,498.0,-1.0,5,5,2,0,0.0,0.0,57.25,268.0,27.1,Warm
9261,1,8,2,1,0.0,0.0,0,0,498.0,-1.0,7,1,5,0,0.0,0.0,72.67,61.0,10.5,Cold
9260,1,8,0,1,0.0,0.0,0,0,392.0,-1.0,3,0,0,0,0.0,0.0,53.0,392.0,20.0,Cold
9259,1,8,0,1,0.0,0.0,0,0,498.0,-1.0,6,0,2,0,0.0,0.0,37.4,311.0,14.0,Cold
9258,1,8,0,0,0.0,0.0,0,1,498.0,-1.0,6,2,1,0,0.0,0.0,44.8,274.0,18.0,Cold
9257,1,8,0,1,0.0,0.0,0,0,498.0,-1.0,5,5,3,0,0.0,0.0,52.0,290.0,26.7,Warm
9256,1,8,0,1,0.0,0.0,0,0,498.0,-1.0,4,1,3,0,0.0,0.0,58.67,322.0,18.7,Cold
9255,1,8,0,1,0.0,0.0,0,0,498.0,-1.0,4,5,0,0,0.0,0.0,4.67,484.0,25.5,Warm
9254,1,8,0,0,0.0,0.0,0,1,498.0,-1.0,4,3,3,0,0.0,0.0,4.67,484.0,16.7,Cold
9253,1,8,0,0,0.0,0.0,0,1,498.0,-1.0,2,0,0,0,0.0,0.0,1.0,497.0,15.0,Cold
9252,1,8,0,1,0.0,0.0,0,0,498.0,-1.0,4,1,1,0,0.0,0.0,3.33,488.0,17.5,Cold
9251,1,8,0,0,0.0,0.0,0,1,498.0,-1.0,3,2,2,0,0.0,0.0,5.0,488.0,17.2,Cold
9250,1,8,0,0,0.0,0.0,0,1,498.0,-1.0,6,1,1,0,0.0,0.0,1.8,489.0,15.7,Cold
9249,1,8,0,1,0.0,0.0,0,0,499.0,-1.0,9,4,1,0,0.0,0.0,30.5,255.0,24.0,Warm
9248,1,8,0,1,0.0,0.0,0,0,500.0,-1.0,2,0,0,0,0.0,0.0,168.0,322.0,17.5,Cold
9247,1,8,0,1,0.0,0.0,0,0,500.0,-1.0,5,4,0,0,0.0,0.0,55.0,275.0,26.0,Warm
9246,1,8,2,0,0.0,0.0,0,1,379.0,-1.0,10,5,5,0,40.0,0.0,48.89,51.0,26.3,Warm
9244,1,8,0,1,0.0,0.0,0,0,500.0,-1.0,1,0,0,0,0.0,0.0,-1.0,497.0,18.0,Cold
9243,1,8,0,1,0.0,0.0,0,0,500.0,-1.0,4,1,3,0,0.0,0.0,75.0,272.0,16.7,Cold
9242,1,8,0,1,0.0,0.0,0,0,500.0,-1.0,5,1,1,0,0.0,0.0,56.75,272.0,19.5,Cold
9241,1,8,0,1,0.0,0.0,0,0,320.0,-1.0,5,0,0,0,0.0,0.0,44.25,320.0,20.0,Cold
9240,1,8,0,0,0.0,0.0,0,1,500.0,-1.0,5,1,1,0,0.0,0.0,4.75,481.0,15.7,Cold
9239,1,8,0,0,0.0,0.0,0,1,362.0,-1.0,11,0,3,0,0.0,0.0,14.1,359.0,15.0,Cold
9238,1,8,0,0,0.0,0.0,0,1,500.0,-1.0,3,0,0,0,0.0,0.0,9.5,481.0,13.0,Cold
9237,1,8,0,1,0.0,0.0,0,0,331.0,-1.0,27,4,7,0,0.0,0.0,6.58,329.0,24.0,Warm
9236,1,8,0,1,0.0,0.0,0,0,334.0,-1.0,14,6,5,0,0.0,0.0,14.15,316.0,25.0,Warm
9235,1,8,0,0,0.0,0.0,0,1,500.0,-1.0,5,0,2,0,0.0,0.0,34.5,362.0,15.0,Cold
9234,1,8,0,1,0.0,0.0,0,0,500.0,-1.0,4,2,0,0,0.0,0.0,5.0,484.0,21.0,Warm
9233,1,8,0,1,0.0,0.0,0,0,500.0,-1.0,3,1,1,0,0.0,0.0,3.0,493.0,17.5,Cold
9232,1,8,0,1,0.0,0.0,0,0,500.0,-1.0,5,0,1,0,0.0,0.0,3.75,484.0,16.0,Cold
9231,1,8,0,1,0.0,0.0,0,0,500.0,-1.0,4,1,2,0,0.0,0.0,5.0,484.0,15.5,Cold
9230,1,8,0,0,0.0,0.0,0,1,500.0,-1.0,1,0,0,0,0.0,0.0,-1.0,499.0,15.0,Cold
9229,1,8,0,1,0.0,0.0,0,0,500.0,-1.0,3,0,0,0,0.0,0.0,7.0,484.0,18.0,Cold
9228,1,8,0,1,0.0,0.0,0,0,500.0,-1.0,3,1,2,0,0.0,0.0,88.5,322.0,18.7,Cold
9227,1,8,0,1,0.0,0.0,0,0,500.0,-1.0,3,1,1,0,0.0,0.0,88.5,322.0,20.7,Warm
9226,1,8,0,1,0.0,0.0,0,0,350.0,-1.0,2,0,0,0,0.0,0.0,0.0,350.0,20.0,Cold
9225,1,8,0,1,0.0,0.0,0,0,500.0,-1.0,6,2,2,0,0.0,0.0,41.8,290.0,19.0,Cold
9224,1,8,0,1,0.0,0.0,0,0,500.0,-1.0,4,1,1,0,0.0,0.0,62.67,311.0,20.7,Warm
9223,1,8,0,1,0.0,0.0,0,0,500.0,-1.0,2,1,0,0,0.0,0.0,0.0,428.0,19.5,Cold
9222,1,8,0,1,0.0,0.0,0,0,500.0,-1.0,3,1,1,0,0.0,0.0,89.0,322.0,20.7,Warm
9221,1,8,0,1,0.0,0.0,0,0,349.0,-1.0,2,0,0,0,0.0,0.0,0.0,349.0,20.0,Cold
9220,1,8,0,1,0.0,0.0,0,0,500.0,-1.0,5,5,4,0,0.0,0.0,46.0,316.0,22.7,Warm
9219,1,8,0,1,0.0,0.0,0,0,500.0,-1.0,4,1,3,0,0.0,0.0,76.0,272.0,16.7,Cold
9218,1,8,0,1,0.0,0.0,0,0,408.0,-1.0,2,2,0,0,0.0,0.0,0.0,408.0,23.0,Warm
9217,1,8,0,1,0.0,0.0,0,0,408.0,-1.0,3,1,0,0,0.0,0.0,0.0,408.0,22.7,Warm
9216,1,8,6,1,0.0,0.0,0,0,500.0,-1.0,1,0,1,0,0.0,0.0,-1.0,56.0,17.0,Cold
9215,1,8,0,1,0.0,0.0,0,0,341.0,-1.0,10,1,2,0,0.0,0.0,3.78,315.0,17.5,Cold
9214,1,8,0,0,0.0,0.0,0,1,342.0,-1.0,9,1,6,0,0.0,0.0,6.75,292.0,12.5,Cold
9213,1,8,0,0,0.0,0.0,0,1,344.0,-1.0,5,0,2,0,0.0,0.0,0.5,344.0,15.0,Cold
9212,1,8,2,0,0.0,0.0,0,1,500.0,-1.0,6,3,6,0,0.0,0.0,90.0,50.0,16.9,Cold
9211,1,8,0,1,0.0,0.0,0,0,500.0,-1.0,2,0,1,0,0.0,0.0,177.0,323.0,15.5,Cold
9210,1,8,0,1,0.0,0.0,0,0,345.0,-1.0,1,0,1,0,0.0,0.0,-1.0,345.0,13.5,Cold
9209,1,8,0,1,0.0,0.0,0,0,345.0,-1.0,3,0,0,0,0.0,0.0,49.0,247.0,20.0,Cold
9208,1,8,0,1,0.0,0.0,0,0,500.0,-1.0,3,0,0,0,0.0,0.0,17.0,316.0,15.5,Cold
9207,1,8,0,1,0.0,0.0,0,0,500.0,-1.0,2,0,1,0,0.0,0.0,177.0,323.0,15.5,Cold
9206,1,8,0,1,0.0,0.0,0,0,334.0,-1.0,11,2,5,0,0.0,0.0,3.0,315.0,17.0,Cold
9205,1,8,0,0,0.0,0.0,0,1,350.0,-1.0,2,0,2,0,0.0,0.0,7.0,343.0,10.5,Cold
9204,1,8,0,1,0.0,0.0,0,0,437.0,-1.0,3,3,1,0,0.0,0.0,89.0,322.0,24.9,Warm
9203,1,8,2,0,0.0,0.0,0,1,500.0,-1.0,5,3,3,0,0.0,0.0,111.25,55.0,20.1,Warm
9202,1,8,0,1,0.0,0.0,0,0,500.0,-1.0,4,3,1,0,0.0,0.0,72.67,279.0,23.7,Warm
9201,1,8,0,1,0.0,0.0,0,0,500.0,-1.0,4,4,1,0,0.0,0.0,63.0,311.0,26.4,Warm
9200,1,8,0,1,0.0,0.0,0,0,500.0,-1.0,2,2,1,0,0.0,0.0,178.0,322.0,21.4,Warm
9199,1,8,0,1,0.0,0.0,0,0,500.0,-1.0,3,1,3,0,0.0,0.0,94.5,311.0,16.7,Cold
9198,1,8,2,1,0.0,0.0,0,0,346.0,-1.0,12,1,3,0,111.0,0.0,41.55,43.0,15.7,Cold
9197,1,8,0,1,0.0,0.0,0,0,437.0,-1.0,6,2,0,0,0.0,0.0,36.8,315.0,24.2,Warm
9196,1,8,0,1,0.0,0.0,0,0,437.0,-1.0,4,3,1,0,0.0,0.0,61.33,315.0,23.7,Warm
9195,1,8,0,1,0.0,0.0,0,0,500.0,-1.0,3,1,0,0,0.0,0.0,94.0,311.0,19.5,Cold
9194,1,8,0,1,0.0,0.0,0,0,500.0,-1.0,7,2,4,0,0.0,0.0,34.17,294.0,18.2,Cold
9193,1,8,0,1,0.0,0.0,0,0,437.0,-1.0,4,2,1,0,0.0,0.0,61.33,315.0,22.2,Warm
9192,1,8,0,1,0.0,0.0,0,0,500.0,-1.0,6,2,4,0,0.0,0.0,37.6,311.0,19.4,Cold
9191,1,8,0,1,0.0,0.0,0,0,500.0,-1.0,2,2,0,0,0.0,0.0,105.0,394.0,21.0,Warm
9190,1,8,0,0,0.0,0.0,0,1,500.0,-1.0,4,2,0,0,0.0,0.0,4.0,488.0,18.0,Cold
9189,1,8,6,1,0.0,0.0,0,0,500.0,-1.0,6,2,0,0,0.0,0.0,98.6,7.0,25.2,Warm
9188,1,8,0,0,0.0,0.0,0,1,500.0,-1.0,2,1,0,0,0.0,0.0,12.0,488.0,16.5,Cold
9187,1,8,0,0,0.0,0.0,0,1,500.0,-1.0,1,2,1,0,0.0,0.0,-1.0,500.0,18.4,Cold
9186,1,8,0,0,0.0,0.0,0,1,500.0,-1.0,3,3,0,0,0.0,0.0,6.0,488.0,20.7,Warm
9185,1,8,0,1,0.0,0.0,0,0,500.0,-1.0,3,0,0,0,0.0,0.0,8.0,484.0,15.5,Cold
9184,1,8,0,1,0.0,0.0,0,0,500.0,-1.0,6,0,0,0,0.0,0.0,3.2,484.0,18.0,Cold
9183,1,8,0,1,0.0,0.0,0,0,458.0,-1.0,4,1,0,0,0.0,0.0,15.0,458.0,21.5,Warm
9182,1,8,0,1,0.0,0.0,0,0,503.0,-1.0,2,0,1,0,0.0,0.0,109.0,394.0,13.5,Cold
9181,1,8,0,1,0.0,0.0,0,0,437.0,-1.0,5,0,0,0,0.0,0.0,45.25,322.0,20.0,Cold
9180,1,8,0,1,0.0,0.0,0,0,503.0,-1.0,4,1,2,0,0.0,0.0,86.33,244.0,15.5,Cold
9179,1,8,0,1,0.0,0.0,0,0,503.0,-1.0,2,1,1,0,0.0,0.0,202.0,301.0,17.5,Cold
9178,1,8,0,1,0.0,0.0,0,0,503.0,-1.0,3,0,1,0,0.0,0.0,106.5,290.0,16.0,Cold
9177,1,8,0,1,0.0,0.0,0,0,503.0,-1.0,2,2,0,0,0.0,0.0,118.0,385.0,24.0,Warm
9176,1,8,0,1,0.0,0.0,0,0,503.0,-1.0,3,0,0,0,0.0,0.0,112.0,276.0,15.5,Cold
9175,1,8,0,1,0.0,0.0,0,0,503.0,-1.0,4,0,1,0,0.0,0.0,73.0,281.0,16.0,Cold
9174,1,8,0,1,0.0,0.0,0,0,503.0,-1.0,3,1,1,0,0.0,0.0,107.0,289.0,17.5,Cold
9173,1,8,0,1,0.0,0.0,0,0,503.0,-1.0,3,2,0,0,0.0,0.0,113.5,276.0,21.0,Warm
9172,1,8,6,1,0.0,0.0,0,0,503.0,-1.0,7,0,0,0,0.0,0.0,75.0,50.0,21.0,Warm
9171,1,8,2,0,0.0,0.0,0,1,503.0,-1.0,4,1,1,0,0.0,0.0,157.67,30.0,13.5,Cold
9170,1,8,0,0,0.0,0.0,0,1,503.0,-1.0,3,2,1,0,0.0,0.0,5.5,492.0,16.0,Cold
9169,1,8,0,1,0.0,0.0,0,0,503.0,-1.0,5,0,0,0,0.0,0.0,4.75,484.0,18.0,Cold
9168,1,8,0,1,0.0,0.0,0,0,503.0,-1.0,5,0,1,0,0.0,0.0,4.75,484.0,13.5,Cold
9167,1,8,6,1,0.0,0.0,0,0,503.0,-1.0,10,2,1,0,0.0,0.0,55.11,7.0,23.2,Warm
9166,1,8,0,0,0.0,0.0,0,1,503.0,-1.0,3,1,0,0,0.0,0.0,9.5,484.0,16.5,Cold
9165,1,8,6,1,0.0,0.0,0,0,503.0,-1.0,4,0,1,0,0.0,0.0,159.0,26.0,16.5,Cold
9164,1,8,0,0,0.0,0.0,0,1,503.0,-1.0,3,0,0,0,0.0,0.0,5.0,493.0,15.0,Cold
9163,1,8,0,0,0.0,0.0,0,1,503.0,-1.0,3,2,2,0,0.0,0.0,9.5,484.0,15.2,Cold
9162,1,8,0,0,0.0,0.0,0,1,503.0,-1.0,6,0,0,0,0.0,0.0,4.0,483.0,15.0,Cold
9161,1,8,0,1,0.0,0.0,0,0,504.0,-1.0,1,0,0,0,0.0,0.0,-1.0,238.0,15.5,Cold
9160,1,8,0,1,0.0,0.0,0,0,504.0,-1.0,1,0,0,0,0.0,0.0,-1.0,238.0,18.0,Cold
9158,1,8,2,0,0.0,0.0,0,1,504.0,-1.0,5,2,3,0,0.0,0.0,111.75,57.0,14.2,Cold
9157,1,8,6,1,0.0,0.0,0,0,504.0,-1.0,2,0,1,0,0.0,0.0,144.0,185.0,18.5,Cold
9156,1,8,0,1,0.0,0.0,0,0,504.0,-1.0,3,1,2,0,0.0,0.0,111.0,282.0,15.5,Cold
9155,1,8,0,1,0.0,0.0,0,0,504.0,-1.0,2,0,2,0,0.0,0.0,202.0,302.0,14.0,Cold
9154,1,8,0,1,0.0,0.0,0,0,504.0,-1.0,2,1,1,0,0.0,0.0,202.0,302.0,17.5,Cold
9153,1,8,0,1,0.0,0.0,0,0,504.0,-1.0,3,0,1,0,0.0,0.0,106.0,292.0,13.5,Cold
9152,1,8,6,1,0.0,0.0,0,0,504.0,-1.0,6,2,2,0,0.0,0.0,98.0,14.0,23.2,Warm
9151,1,8,0,1,0.0,0.0,0,0,504.0,-1.0,2,0,1,0,0.0,0.0,202.0,302.0,13.5,Cold
9150,1,8,0,1,0.0,0.0,0,0,504.0,-1.0,3,0,1,0,0.0,0.0,112.0,280.0,16.0,Cold
9149,1,8,0,1,0.0,0.0,0,0,504.0,-1.0,2,0,1,0,0.0,0.0,202.0,302.0,16.0,Cold
9148,1,8,0,1,0.0,0.0,0,0,320.0,-1.0,4,2,2,0,0.0,0.0,60.67,320.0,22.2,Warm
9147,1,8,0,1,0.0,0.0,0,0,337.0,-1.0,8,2,6,0,0.0,0.0,5.0,315.0,17.0,Cold
9146,1,8,0,1,0.0,0.0,0,0,504.0,-1.0,2,1,2,0,0.0,0.0,179.0,323.0,18.7,Cold
9145,1,8,0,1,0.0,0.0,0,0,504.0,-1.0,3,1,0,0,0.0,0.0,89.5,323.0,20.2,Warm
9144,1,8,0,1,0.0,0.0,0,0,504.0,-1.0,4,1,4,0,0.0,0.0,64.0,310.0,14.2,Cold
9143,1,8,0,1,0.0,0.0,0,0,320.0,-1.0,5,2,1,0,0.0,0.0,46.0,320.0,23.4,Warm
9142,1,8,0,1,0.0,0.0,0,0,504.0,-1.0,4,3,3,0,0.0,0.0,60.67,322.0,20.2,Warm
9141,1,8,0,1,0.0,0.0,0,0,392.0,-1.0,5,2,4,0,0.0,0.0,46.75,315.0,17.0,Cold
9140,1,8,0,1,0.0,0.0,0,0,504.0,-1.0,4,5,2,0,0.0,0.0,60.33,323.0,29.5,Warm
9139,1,8,0,1,0.0,0.0,0,0,322.0,-1.0,4,1,1,0,0.0,0.0,60.67,322.0,18.7,Cold
9138,1,8,0,1,0.0,0.0,0,0,345.0,-1.0,1,0,0,0,0.0,0.0,-1.0,345.0,18.0,Cold
9137,1,8,0,1,0.0,0.0,0,0,324.0,-1.0,4,0,0,0,0.0,0.0,60.33,324.0,18.0,Cold
9136,1,8,0,1,0.0,0.0,0,0,505.0,-1.0,3,3,1,0,0.0,0.0,81.0,343.0,20.5,Warm
9135,1,8,0,0,0.0,0.0,0,1,505.0,-1.0,1,0,0,0,0.0,0.0,-1.0,505.0,15.0,Cold
9134,1,8,0,1,0.0,0.0,0,0,318.0,-1.0,4,1,2,0,0.0,0.0,62.33,318.0,17.5,Cold
9133,1,8,0,1,0.0,0.0,0,0,335.0,-1.0,6,0,2,0,0.0,0.0,37.4,318.0,12.0,Cold
9132,1,8,0,1,0.0,0.0,0,0,505.0,-1.0,2,0,1,0,0.0,0.0,204.0,301.0,14.0,Cold
9131,1,8,2,0,0.0,0.0,0,1,505.0,-1.0,7,5,4,0,0.0,0.0,77.0,42.0,24.3,Warm
9130,1,8,0,1,0.0,0.0,0,0,505.0,-1.0,5,4,2,0,0.0,0.0,55.5,282.0,25.2,Warm
9129,1,8,0,1,0.0,0.0,0,0,505.0,-1.0,5,1,4,0,0.0,0.0,48.25,311.0,16.7,Cold
9128,1,8,0,1,0.0,0.0,0,0,505.0,-1.0,5,3,5,0,0.0,0.0,56.5,278.0,22.9,Warm
9127,1,8,0,1,0.0,0.0,0,0,505.0,-1.0,4,3,4,0,0.0,0.0,77.67,272.0,18.5,Cold
9126,1,8,0,1,0.0,0.0,0,0,505.0,-1.0,3,2,3,0,0.0,0.0,90.5,323.0,21.4,Warm
9125,1,8,0,0,0.0,0.0,0,1,505.0,-1.0,7,4,0,0,0.0,0.0,2.17,492.0,21.0,Warm
9124,1,8,0,1,0.0,0.0,0,0,505.0,-1.0,5,0,1,0,0.0,0.0,5.25,484.0,16.0,Cold
9123,1,8,0,0,0.0,0.0,0,1,505.0,-1.0,3,2,0,0,0.0,0.0,2.5,500.0,18.0,Cold
9122,1,8,0,0,0.0,0.0,0,1,505.0,-1.0,2,1,1,0,0.0,0.0,3.0,502.0,14.5,Cold
9121,1,8,0,0,0.0,0.0,0,1,505.0,-1.0,1,0,0,0,0.0,0.0,-1.0,505.0,12.5,Cold
9120,1,8,0,1,0.0,0.0,0,0,505.0,-1.0,3,0,0,0,0.0,0.0,8.0,489.0,18.0,Cold
9119,1,8,0,0,0.0,0.0,0,1,505.0,-1.0,3,3,3,0,0.0,0.0,6.5,492.0,14.7,Cold
9118,1,8,0,1,0.0,0.0,0,0,505.0,-1.0,4,0,0,0,0.0,0.0,7.0,484.0,18.0,Cold
9117,1,8,0,0,0.0,0.0,0,1,505.0,-1.0,5,3,1,0,0.0,0.0,5.25,484.0,18.7,Cold
9116,1,8,0,1,0.0,0.0,0,0,505.0,-1.0,5,1,0,0,0.0,0.0,5.25,484.0,19.5,Cold
9115,1,8,0,0,0.0,0.0,0,1,506.0,-1.0,3,0,0,0,0.0,0.0,3.5,499.0,15.0,Cold
9114,1,8,0,0,0.0,0.0,0,1,506.0,-1.0,2,1,1,0,0.0,0.0,7.0,499.0,14.5,Cold
9113,1,8,0,0,0.0,0.0,0,1,506.0,-1.0,3,0,0,0,0.0,0.0,3.5,499.0,12.5,Cold
9112,1,8,0,1,0.0,0.0,0,0,506.0,-1.0,3,1,1,0,0.0,0.0,7.0,492.0,17.5,Cold
9111,1,8,0,0,0.0,0.0,0,1,506.0,-1.0,4,1,1,0,0.0,0.0,7.33,484.0,14.5,Cold
9110,1,8,0,0,0.0,0.0,0,1,506.0,-1.0,2,0,0,0,0.0,0.0,14.0,492.0,15.0,Cold
9109,1,8,0,1,0.0,0.0,0,0,506.0,-1.0,6,0,0,0,0.0,0.0,4.4,484.0,16.0,Cold
9108,2,8,0,1,0.0,0.0,0,0,506.0,-1.0,4,4,1,0,0.0,0.0,55.67,339.0,28.2,Warm
9107,1,8,0,1,0.0,0.0,0,0,506.0,-1.0,5,3,1,0,0.0,0.0,72.25,217.0,20.5,Warm
9106,2,8,0,1,0.0,0.0,0,0,506.0,-1.0,4,1,0,0,0.0,0.0,55.67,339.0,22.5,Warm
9105,1,8,0,1,0.0,0.0,0,0,310.0,-1.0,10,3,2,0,0.0,0.0,21.78,310.0,22.5,Warm
9104,1,8,0,1,0.0,0.0,0,0,339.0,-1.0,6,0,1,0,0.0,0.0,33.4,339.0,18.0,Cold
9103,1,8,0,1,0.0,0.0,0,0,506.0,-1.0,5,2,1,0,0.0,0.0,65.5,244.0,19.0,Cold
9102,1,8,0,1,0.0,0.0,0,0,506.0,-1.0,5,1,0,0,0.0,0.0,57.5,276.0,19.5,Cold
9101,1,8,2,0,0.0,0.0,0,1,506.0,-1.0,6,2,2,0,0.0,0.0,95.2,30.0,16.2,Cold
9100,1,8,0,0,0.0,0.0,0,1,359.0,-1.0,12,1,0,0,0.0,0.0,13.36,359.0,18.5,Cold
9099,1,8,0,0,0.0,0.0,0,1,360.0,-1.0,7,1,2,0,0.0,0.0,24.33,360.0,16.5,Cold
9098,1,8,0,0,0.0,0.0,0,1,358.0,-1.0,16,6,2,0,0.0,0.0,9.93,357.0,24.0,Warm
9097,1,8,0,0,0.0,0.0,0,1,359.0,-1.0,15,0,6,0,0.0,0.0,10.93,353.0,15.0,Cold
9096,1,8,0,1,0.0,0.0,0,0,507.0,-1.0,5,4,0,0,0.0,0.0,48.0,315.0,26.4,Warm
9095,1,8,0,0,0.0,0.0,0,1,363.0,-1.0,8,4,3,0,0.0,0.0,21.14,359.0,19.0,Cold
9094,1,8,0,0,0.0,0.0,0,1,357.0,-1.0,14,7,6,0,0.0,0.0,11.54,357.0,26.5,Warm
9093,1,8,0,0,0.0,0.0,0,1,362.0,-1.0,7,0,0,0,0.0,0.0,24.17,362.0,17.0,Cold
9092,1,8,0,0,0.0,0.0,0,1,507.0,-1.0,4,0,3,0,0.0,0.0,49.0,360.0,15.0,Cold
9091,1,8,0,0,0.0,0.0,0,1,507.0,-1.0,7,3,3,0,0.0,0.0,24.5,360.0,17.5,Cold
9090,1,8,0,0,0.0,0.0,0,1,358.0,-1.0,9,1,1,0,0.0,0.0,18.62,358.0,16.5,Cold
9089,1,8,0,0,0.0,0.0,0,1,507.0,-1.0,4,0,0,0,0.0,0.0,7.0,486.0,13.0,Cold
9088,1,8,0,0,0.0,0.0,0,1,352.0,-1.0,22,4,5,0,0.0,0.0,7.76,344.0,21.0,Warm
9087,1,8,0,0,0.0,0.0,0,1,363.0,-1.0,7,0,1,0,0.0,0.0,24.5,360.0,15.0,Cold
9086,1,8,6,1,0.0,0.0,0,0,362.0,-1.0,4,0,0,0,0.0,0.0,166.67,7.0,23.0,Warm
9085,1,8,0,1,0.0,0.0,0,0,507.0,-1.0,8,0,1,0,0.0,0.0,3.43,483.0,16.0,Cold
9084,1,8,0,0,0.0,0.0,0,1,507.0,-1.0,4,0,0,0,0.0,0.0,5.0,492.0,15.0,Cold
9083,1,8,0,0,0.0,0.0,0,1,507.0,-1.0,6,0,0,0,0.0,0.0,3.2,491.0,15.0,Cold
9082,1,8,0,0,0.0,0.0,0,1,507.0,-1.0,3,0,0,0,0.0,0.0,7.5,492.0,13.0,Cold
9081,1,8,0,1,0.0,0.0,0,0,507.0,-1.0,3,1,1,0,0.0,0.0,7.5,492.0,17.5,Cold
9080,1,8,0,1,0.0,0.0,0,0,507.0,-1.0,7,1,2,0,0.0,0.0,3.0,489.0,15.5,Cold
9079,1,8,0,1,0.0,0.0,0,0,507.0,-1.0,7,0,0,0,0.0,0.0,3.17,488.0,18.0,Cold
9078,1,8,0,0,0.0,0.0,0,1,507.0,-1.0,6,4,3,0,0.0,0.0,3.0,492.0,16.2,Cold
9077,1,8,0,0,0.0,0.0,0,1,507.0,-1.0,6,2,2,0,0.0,0.0,3.0,492.0,14.7,Cold
9076,1,8,0,1,0.0,0.0,0,0,507.0,-1.0,3,0,2,0,0.0,0.0,11.5,484.0,16.0,Cold
9075,1,8,0,1,0.0,0.0,0,0,507.0,-1.0,4,1,0,0,0.0,0.0,69.33,299.0,19.5,Cold
9074,1,8,0,1,0.0,0.0,0,0,507.0,-1.0,4,1,1,0,0.0,0.0,76.33,278.0,17.5,Cold
9073,1,8,0,1,0.0,0.0,0,0,507.0,-1.0,5,1,1,0,0.0,0.0,58.5,273.0,17.5,Cold
9072,1,8,0,0,0.0,0.0,0,1,507.0,-1.0,2,0,0,0,0.0,0.0,210.0,297.0,15.0,Cold
9071,1,8,0,1,0.0,0.0,0,0,507.0,-1.0,6,1,3,0,0.0,0.0,53.4,240.0,15.5,Cold
9070,1,8,0,1,0.0,0.0,0,0,507.0,-1.0,4,0,0,0,0.0,0.0,69.33,299.0,18.0,Cold
9069,1,8,0,1,0.0,0.0,0,0,507.0,-1.0,6,0,1,0,0.0,0.0,43.4,290.0,16.0,Cold
9068,1,8,2,0,0.0,0.0,0,1,507.0,-1.0,11,1,3,1,138.0,0.0,46.5,42.0,17.7,Cold
9067,1,8,0,1,0.0,0.0,0,0,507.0,-1.0,6,0,1,0,0.0,0.0,45.2,281.0,13.5,Cold
9066,1,8,0,1,0.0,0.0,0,0,507.0,-1.0,3,0,0,0,0.0,0.0,105.0,297.0,18.0,Cold
9065,1,8,0,0,0.0,0.0,0,1,509.0,-1.0,4,1,1,0,0.0,0.0,7.0,488.0,15.7,Cold
9064,1,8,0,1,0.0,0.0,0,0,509.0,-1.0,2,0,0,0,0.0,0.0,2.0,507.0,18.0,Cold
9063,1,8,0,1,0.0,0.0,0,0,509.0,-1.0,4,2,2,0,0.0,0.0,6.0,491.0,20.2,Warm
9062,1,8,0,0,0.0,0.0,0,1,509.0,-1.0,4,1,1,0,0.0,0.0,6.67,489.0,15.7,Cold
9061,1,8,0,1,0.0,0.0,0,0,509.0,-1.0,6,0,0,0,0.0,0.0,4.2,488.0,16.0,Cold
9060,1,8,0,0,0.0,0.0,0,1,509.0,-1.0,4,0,0,0,0.0,0.0,8.67,483.0,15.0,Cold
9059,1,8,0,0,0.0,0.0,0,1,509.0,-1.0,4,2,0,0,0.0,0.0,6.0,491.0,18.0,Cold
9058,2,8,0,1,0.0,0.0,0,0,341.0,-1.0,13,3,2,0,0.0,0.0,14.0,341.0,23.5,Warm
9057,1,8,0,1,0.0,0.0,0,0,296.0,-1.0,3,3,0,0,0.0,0.0,106.5,296.0,24.5,Warm
9056,1,8,0,1,0.0,0.0,0,0,297.0,-1.0,4,1,0,0,0.0,0.0,70.67,297.0,21.5,Warm
9055,1,8,0,1,0.0,0.0,0,0,509.0,-1.0,6,2,1,0,0.0,0.0,47.4,272.0,19.0,Cold
9054,1,8,0,1,0.0,0.0,0,0,509.0,-1.0,5,0,0,0,0.0,0.0,6.5,483.0,16.0,Cold
9053,1,8,0,1,0.0,0.0,0,0,509.0,-1.0,3,1,0,0,0.0,0.0,7.0,495.0,19.5,Cold
9052,1,8,0,0,0.0,0.0,0,1,509.0,-1.0,2,2,3,0,0.0,0.0,2.0,507.0,14.0,Cold
9051,1,8,0,1,0.0,0.0,0,0,509.0,-1.0,4,0,0,0,0.0,0.0,6.0,491.0,18.0,Cold
9050,1,8,0,0,0.0,0.0,0,1,509.0,-1.0,4,2,0,0,0.0,0.0,6.0,491.0,18.0,Cold
9049,1,8,6,1,0.0,0.0,0,0,509.0,-1.0,6,2,2,0,0.0,0.0,89.6,61.0,20.0,Cold
9048,1,8,0,1,0.0,0.0,0,0,509.0,-1.0,4,1,1,0,0.0,0.0,70.0,299.0,17.5,Cold
9047,1,8,0,1,0.0,0.0,0,0,509.0,-1.0,7,3,2,0,0.0,0.0,37.83,282.0,18.5,Cold
9046,1,8,0,1,0.0,0.0,0,0,509.0,-1.0,8,0,1,0,0.0,0.0,33.43,275.0,16.0,Cold
9045,1,8,0,1,0.0,0.0,0,0,509.0,-1.0,5,0,1,0,0.0,0.0,52.0,301.0,16.0,Cold
9044,1,8,0,1,0.0,0.0,0,0,297.0,-1.0,4,0,0,0,0.0,0.0,70.67,297.0,20.0,Cold
9043,1,8,0,1,0.0,0.0,0,0,509.0,-1.0,6,2,0,0,0.0,0.0,42.0,299.0,21.0,Warm
9042,2,8,0,1,0.0,0.0,0,0,344.0,-1.0,18,4,4,0,0.0,0.0,10.24,335.0,27.0,Warm
9041,1,8,0,1,0.0,0.0,0,0,509.0,-1.0,1,0,0,0,0.0,0.0,-1.0,509.0,15.5,Cold
9040,1,8,0,1,0.0,0.0,0,0,509.0,-1.0,6,1,2,0,0.0,0.0,54.2,238.0,15.5,Cold
9039,1,8,0,1,0.0,0.0,0,0,509.0,-1.0,6,3,0,0,0.0,0.0,42.6,296.0,22.5,Warm
9038,1,8,0,1,0.0,0.0,0,0,509.0,-1.0,6,4,0,0,0.0,0.0,46.8,275.0,24.0,Warm
9037,1,8,0,1,0.0,0.0,0,0,509.0,-1.0,6,3,2,0,0.0,0.0,46.6,276.0,18.5,Cold
9036,1,8,0,1,0.0,0.0,0,0,509.0,-1.0,6,0,0,0,0.0,0.0,46.2,278.0,18.0,Cold
9035,1,8,0,1,0.0,0.0,0,0,509.0,-1.0,6,0,1,0,0.0,0.0,44.0,289.0,16.0,Cold
9034,1,8,0,1,0.0,0.0,0,0,509.0,-1.0,5,0,1,0,0.0,0.0,57.75,278.0,16.0,Cold
9033,1,8,0,1,0.0,0.0,0,0,510.0,-1.0,4,0,0,0,0.0,0.0,8.67,484.0,18.0,Cold
9032,1,8,0,1,0.0,0.0,0,0,510.0,-1.0,3,0,0,0,0.0,0.0,13.0,484.0,18.0,Cold
9031,1,8,0,1,0.0,0.0,0,0,510.0,-1.0,9,2,0,0,0.0,0.0,3.25,484.0,21.0,Warm
9030,1,8,0,1,0.0,0.0,0,0,510.0,-1.0,4,1,1,0,0.0,0.0,8.67,484.0,17.5,Cold
9029,1,8,0,0,0.0,0.0,0,1,510.0,-1.0,3,1,1,0,0.0,0.0,3.5,503.0,14.5,Cold
9028,1,8,0,1,0.0,0.0,0,0,510.0,-1.0,6,1,1,0,0.0,0.0,5.8,481.0,17.5,Cold
9027,1,8,6,1,0.0,0.0,0,0,510.0,-1.0,5,0,0,0,0.0,0.0,123.5,16.0,21.0,Warm
9026,1,8,0,1,0.0,0.0,0,0,510.0,-1.0,4,3,0,0,0.0,0.0,3.67,499.0,22.5,Warm
9025,1,8,0,1,0.0,0.0,0,0,510.0,-1.0,7,2,1,0,0.0,0.0,3.67,488.0,19.0,Cold
9024,1,8,0,1,0.0,0.0,0,0,510.0,-1.0,4,0,0,0,0.0,0.0,8.67,484.0,15.5,Cold
9023,1,8,0,1,0.0,0.0,0,0,510.0,-1.0,5,0,0,0,0.0,0.0,6.5,484.0,18.0,Cold
9022,1,8,0,1,0.0,0.0,0,0,510.0,-1.0,9,3,3,0,0.0,0.0,3.25,484.0,16.5,Cold
9021,2,8,0,0,0.0,0.0,0,1,510.0,-1.0,6,3,2,0,0.0,0.0,2.2,499.0,19.7,Cold
9020,1,8,0,1,0.0,0.0,0,0,510.0,-1.0,4,1,0,0,0.0,0.0,8.67,484.0,19.5,Cold
9019,1,8,0,0,0.0,0.0,0,1,357.0,-1.0,15,1,3,0,0.0,0.0,11.0,356.0,16.5,Cold
9018,1,8,0,0,0.0,0.0,0,1,360.0,-1.0,8,4,2,0,0.0,0.0,21.43,360.0,21.0,Warm
9017,2,8,0,1,0.0,0.0,0,0,349.0,-1.0,21,10,0,0,0.0,0.0,13.2,247.0,35.0,Warm
9016,1,8,0,0,0.0,0.0,0,1,511.0,-1.0,7,1,0,0,0.0,0.0,15.0,421.0,19.5,Cold
9015,1,8,0,0,0.0,0.0,0,1,511.0,-1.0,4,0,1,0,0.0,0.0,10.33,479.0,13.0,Cold
9014,1,8,0,1,0.0,0.0,0,0,511.0,-1.0,4,0,0,0,0.0,0.0,30.67,419.0,18.0,Cold
9013,1,8,0,0,0.0,0.0,0,1,358.0,-1.0,11,2,2,0,0.0,0.0,15.3,358.0,18.0,Cold
9012,1,8,0,1,0.0,0.0,0,0,350.0,-1.0,9,2,2,0,0.0,0.0,27.0,296.0,20.2,Warm
9011,1,8,0,1,0.0,0.0,0,0,346.0,-1.0,15,7,2,0,0.0,0.0,19.57,238.0,26.5,Warm
9010,1,8,0,0,0.0,0.0,0,1,512.0,-1.0,4,1,0,0,0.0,0.0,2.0,506.0,14.0,Cold
9009,1,8,0,1,0.0,0.0,0,0,512.0,-1.0,5,2,1,0,0.0,0.0,1.75,505.0,19.0,Cold
9008,2,8,0,1,0.0,0.0,0,0,518.0,-1.0,4,1,0,0,0.0,0.0,80.0,278.0,25.7,Warm
9007,1,8,0,1,0.0,0.0,0,0,519.0,-1.0,1,0,0,0,0.0,0.0,-1.0,519.0,18.0,Cold
9006,1,8,0,1,0.0,0.0,0,0,519.0,-1.0,1,0,0,0,0.0,0.0,-1.0,519.0,15.5,Cold
9005,1,8,0,1,0.0,0.0,0,0,523.0,-1.0,1,1,0,0,0.0,0.0,-1.0,523.0,19.5,Cold
9004,1,8,6,1,0.0,0.0,0,0,524.0,-1.0,8,3,0,0,0.0,0.0,48.0,188.0,30.5,Warm
9003,1,8,0,1,0.0,0.0,0,0,525.0,-1.0,1,0,0,0,0.0,0.0,-1.0,525.0,15.5,Cold
9002,1,8,0,1,0.0,0.0,0,0,525.0,-1.0,1,0,1,0,0.0,0.0,-1.0,525.0,13.5,Cold
9001,1,8,0,1,0.0,0.0,0,0,525.0,-1.0,1,1,1,0,0.0,0.0,-1.0,525.0,17.5,Cold
9000,1,8,0,1,0.0,0.0,0,0,525.0,-1.0,2,0,0,0,0.0,0.0,6.0,519.0,15.5,Cold
8999,1,8,0,1,0.0,0.0,0,0,525.0,-1.0,2,0,0,0,0.0,0.0,0.0,525.0,15.5,Cold
8998,1,8,0,1,0.0,0.0,0,0,525.0,-1.0,1,0,0,0,0.0,0.0,-1.0,525.0,15.5,Cold
8997,1,8,0,1,0.0,0.0,0,0,525.0,-1.0,1,0,0,0,0.0,0.0,-1.0,525.0,15.5,Cold
8996,1,8,0,1,0.0,0.0,0,0,525.0,-1.0,1,1,1,0,0.0,0.0,-1.0,525.0,17.5,Cold
8995,1,8,0,1,0.0,0.0,0,0,525.0,-1.0,2,0,0,0,0.0,0.0,6.0,519.0,18.0,Cold
8994,1,8,0,1,0.0,0.0,0,0,525.0,-1.0,1,1,1,0,0.0,0.0,-1.0,525.0,17.5,Cold
8991,1,8,0,1,0.0,0.0,0,0,525.0,-1.0,1,1,1,0,0.0,0.0,-1.0,313.0,20.7,Warm
8986,1,8,0,1,0.0,0.0,0,0,525.0,-1.0,1,0,0,0,0.0,0.0,-1.0,309.0,15.5,Cold
8985,1,8,0,1,0.0,0.0,0,0,525.0,-1.0,1,0,0,0,0.0,0.0,-1.0,309.0,18.0,Cold
8983,1,8,0,0,0.0,0.0,0,1,525.0,-1.0,4,0,1,0,0.0,0.0,47.67,380.0,13.0,Cold
8982,1,8,0,1,0.0,0.0,0,0,525.0,-1.0,3,1,0,0,0.0,0.0,87.0,349.0,19.5,Cold
8981,1,8,0,1,0.0,0.0,0,0,525.0,-1.0,3,1,0,0,0.0,0.0,86.0,351.0,19.5,Cold
8980,1,8,0,0,0.0,0.0,0,1,525.0,-1.0,2,1,1,0,0.0,0.0,2.0,521.0,15.7,Cold
8979,1,8,0,1,0.0,0.0,0,0,525.0,-1.0,2,1,0,0,0.0,0.0,174.0,349.0,19.5,Cold
8978,1,8,0,0,0.0,0.0,0,1,525.0,-1.0,7,1,0,0,0.0,0.0,32.17,332.0,16.5,Cold
8977,1,8,0,0,0.0,0.0,0,1,525.0,-1.0,2,0,0,0,0.0,0.0,25.0,500.0,12.5,Cold
8976,1,8,0,0,0.0,0.0,0,1,525.0,-1.0,1,0,0,0,0.0,0.0,-1.0,525.0,15.0,Cold
8975,1,8,0,0,0.0,0.0,0,1,525.0,-1.0,1,2,0,0,0.0,0.0,-1.0,525.0,20.4,Warm
8974,1,8,0,0,0.0,0.0,0,1,525.0,-1.0,2,2,2,0,0.0,0.0,25.0,500.0,17.2,Cold
8973,1,8,0,1,0.0,0.0,0,0,525.0,-1.0,1,1,0,0,0.0,0.0,-1.0,525.0,19.5,Cold
8972,1,8,0,1,0.0,0.0,0,0,525.0,-1.0,1,0,0,0,0.0,0.0,-1.0,525.0,15.5,Cold
8971,1,8,0,1,0.0,0.0,0,0,525.0,-1.0,2,1,1,0,0.0,0.0,226.0,299.0,17.5,Cold
8970,1,8,0,1,0.0,0.0,0,0,525.0,-1.0,1,0,0,0,0.0,0.0,-1.0,525.0,15.5,Cold
8969,1,8,0,1,0.0,0.0,0,0,525.0,-1.0,1,0,0,0,0.0,0.0,-1.0,525.0,18.0,Cold
8968,1,8,0,1,0.0,0.0,0,0,525.0,-1.0,3,0,2,0,0.0,0.0,113.0,299.0,16.0,Cold
8967,1,8,0,1,0.0,0.0,0,0,525.0,-1.0,1,0,0,0,0.0,0.0,-1.0,525.0,15.5,Cold
8966,1,8,0,1,0.0,0.0,0,0,525.0,-1.0,2,1,1,0,0.0,0.0,226.0,299.0,17.5,Cold
8965,1,8,0,1,0.0,0.0,0,0,525.0,-1.0,1,0,0,0,0.0,0.0,-1.0,525.0,18.0,Cold
8964,1,8,0,1,0.0,0.0,0,0,525.0,-1.0,1,0,0,0,0.0,0.0,-1.0,525.0,18.0,Cold
8963,1,8,0,1,0.0,0.0,0,0,525.0,-1.0,1,0,0,0,0.0,0.0,-1.0,525.0,15.5,Cold
8962,1,8,0,1,0.0,0.0,0,0,525.0,-1.0,1,1,1,0,0.0,0.0,-1.0,525.0,17.5,Cold
8961,1,8,0,1,0.0,0.0,0,0,525.0,-1.0,2,0,0,0,0.0,0.0,2.0,523.0,18.0,Cold
8960,1,8,0,1,0.0,0.0,0,0,525.0,-1.0,2,1,1,0,0.0,0.0,0.0,525.0,17.5,Cold
8959,1,8,0,1,0.0,0.0,0,0,525.0,-1.0,1,0,0,0,0.0,0.0,-1.0,525.0,16.0,Cold
8958,1,8,0,1,0.0,0.0,0,0,525.0,-1.0,1,1,1,0,0.0,0.0,-1.0,525.0,17.5,Cold
8957,1,8,0,1,0.0,0.0,0,0,525.0,-1.0,1,0,0,0,0.0,0.0,-1.0,525.0,15.5,Cold
8956,1,8,0,1,0.0,0.0,0,0,525.0,-1.0,1,1,1,0,0.0,0.0,-1.0,525.0,17.5,Cold
8955,1,8,0,1,0.0,0.0,0,0,525.0,-1.0,1,1,1,0,0.0,0.0,-1.0,525.0,17.5,Cold
8954,1,8,0,1,0.0,0.0,0,0,525.0,-1.0,1,0,0,0,0.0,0.0,-1.0,525.0,15.5,Cold
8953,2,8,0,1,0.0,0.0,0,0,297.0,-1.0,4,2,1,0,0.0,0.0,76.0,297.0,22.0,Warm
8952,1,8,0,1,0.0,0.0,0,0,380.0,-1.0,13,3,3,0,0.0,0.0,26.5,209.0,23.5,Warm
8951,1,8,0,1,0.0,0.0,0,0,539.0,-1.0,4,1,0,0,0.0,0.0,110.67,207.0,24.5,Warm
8950,2,8,0,1,0.0,0.0,0,0,323.0,-1.0,6,0,0,0,0.0,0.0,29.4,323.0,23.0,Warm
8949,1,8,0,0,0.0,0.0,0,1,546.0,-1.0,2,0,0,0,0.0,0.0,0.0,546.0,15.0,Cold
8948,1,8,0,1,0.0,0.0,0,0,546.0,-1.0,2,1,1,0,0.0,0.0,250.0,296.0,23.7,Warm
8947,1,8,0,1,0.0,0.0,0,0,546.0,-1.0,1,0,0,0,0.0,0.0,-1.0,546.0,21.0,Warm
8946,1,8,0,1,0.0,0.0,0,0,546.0,-1.0,2,2,0,0,0.0,0.0,250.0,296.0,27.2,Warm
8945,1,8,0,0,0.0,0.0,0,1,360.0,-1.0,2,0,0,0,0.0,0.0,186.0,360.0,18.0,Cold
8944,1,8,0,1,0.0,0.0,0,0,297.0,-1.0,3,1,0,0,0.0,0.0,124.5,297.0,22.5,Warm
8943,1,8,0,1,0.0,0.0,0,0,546.0,-1.0,2,2,1,0,0.0,0.0,250.0,296.0,25.2,Warm
8939,1,8,0,1,0.0,0.0,0,0,559.0,-1.0,3,1,0,0,0.0,0.0,1.5,556.0,21.5,Warm
8938,1,8,0,1,0.0,0.0,0,0,561.0,-1.0,1,0,0,0,0.0,0.0,-1.0,561.0,18.0,Cold
8937,1,8,0,1,0.0,0.0,0,0,353.0,-1.0,6,6,0,0,0.0,0.0,41.6,353.0,30.0,Warm
8936,1,8,0,1,0.0,0.0,0,0,561.0,-1.0,1,0,0,0,0.0,0.0,-1.0,561.0,18.0,Cold
8935,1,8,0,0,0.0,0.0,0,1,360.0,-1.0,3,0,0,0,0.0,0.0,20.0,360.0,15.0,Cold
8934,1,8,0,1,0.0,0.0,0,0,562.0,-1.0,8,9,3,0,21.0,0.0,52.0,198.0,29.0,Warm
8933,1,8,0,0,0.0,0.0,0,1,360.0,-1.0,8,1,1,0,0.0,0.0,28.86,360.0,19.5,Cold
8932,1,8,0,1,0.0,0.0,0,0,562.0,-1.0,5,4,1,0,0.0,0.0,0.0,562.0,27.0,Warm
8930,1,8,0,0,0.0,0.0,0,1,360.0,-1.0,6,3,1,0,0.0,0.0,41.0,360.0,22.5,Warm
8929,1,8,0,1,0.0,0.0,0,0,565.0,-1.0,8,1,0,0,0.0,0.0,41.29,276.0,25.7,Warm
8928,1,8,6,1,0.0,0.0,0,0,568.0,-1.0,3,0,0,0,0.0,0.0,262.0,44.0,21.0,Warm
8927,1,8,0,1,0.0,0.0,0,0,566.0,-1.0,10,1,5,0,0.0,0.0,32.89,272.0,19.5,Cold
8926,1,8,0,0,0.0,0.0,0,1,360.0,-1.0,13,3,0,0,0.0,0.0,17.33,360.0,24.5,Warm
8925,1,8,0,1,0.0,0.0,0,0,568.0,-1.0,3,2,0,0,0.0,0.0,144.5,279.0,21.5,Warm
8924,1,8,0,0,0.0,0.0,0,1,360.0,-1.0,4,0,0,0,0.0,0.0,68.33,360.0,17.0,Cold
8923,1,8,0,1,0.0,0.0,0,0,339.0,-1.0,14,2,1,0,0.0,0.0,20.92,293.0,21.0,Warm
8922,1,8,0,1,0.0,0.0,0,0,568.0,-1.0,3,1,1,0,0.0,0.0,121.0,323.0,20.7,Warm
8921,1,8,0,1,0.0,0.0,0,0,568.0,-1.0,29,11,12,0,0.0,0.0,9.75,295.0,36.0,Warm
8920,1,8,0,0,0.0,0.0,0,1,360.0,-1.0,7,1,1,0,0.0,0.0,34.67,360.0,16.5,Cold
8919,1,8,0,0,0.0,0.0,0,1,360.0,-1.0,12,3,1,0,0.0,0.0,18.91,360.0,19.5,Cold
8918,1,8,0,1,0.0,0.0,0,0,568.0,-1.0,5,0,0,0,0.0,0.0,60.75,325.0,20.0,Cold
8917,1,8,0,0,0.0,0.0,0,1,360.0,-1.0,3,0,0,0,0.0,0.0,104.0,360.0,13.0,Cold
8916,1,8,0,0,0.0,0.0,0,1,360.0,-1.0,6,2,0,0,0.0,0.0,41.6,360.0,20.0,Cold
8915,1,8,0,0,0.0,0.0,0,1,360.0,-1.0,5,0,0,0,0.0,0.0,52.0,360.0,17.0,Cold
8914,1,8,0,1,0.0,0.0,0,0,568.0,-1.0,4,1,0,0,0.0,0.0,97.33,276.0,21.5,Warm
8913,1,8,0,0,0.0,0.0,0,1,360.0,-1.0,12,6,0,0,0.0,0.0,18.91,360.0,30.8,Warm
8912,1,8,0,0,0.0,0.0,0,1,360.0,-1.0,6,0,0,0,0.0,0.0,41.6,360.0,17.0,Cold
8911,1,8,0,1,0.0,0.0,0,0,325.0,-1.0,3,1,0,0,0.0,0.0,120.0,325.0,21.5,Warm
8910,1,8,0,0,0.0,0.0,0,1,360.0,-1.0,5,1,1,0,0.0,0.0,51.25,360.0,16.5,Cold
8909,1,8,0,0,0.0,0.0,0,1,565.0,-1.0,2,0,0,0,0.0,0.0,0.0,565.0,17.0,Cold
8908,1,8,0,1,0.0,0.0,0,0,565.0,-1.0,6,1,0,0,0.0,0.0,54.0,295.0,22.7,Warm
8907,2,8,0,1,0.0,0.0,0,0,569.0,-1.0,5,0,2,0,0.0,0.0,72.75,278.0,17.5,Cold
8906,1,8,0,1,0.0,0.0,0,0,324.0,-1.0,7,4,0,0,0.0,0.0,42.5,314.0,26.0,Warm
8905,2,8,0,0,0.0,0.0,0,1,360.0,-1.0,7,1,2,0,0.0,0.0,34.83,360.0,19.5,Cold
8904,1,8,0,0,0.0,0.0,0,1,360.0,-1.0,5,0,2,0,0.0,0.0,52.25,360.0,15.0,Cold
8903,1,8,0,1,0.0,0.0,0,0,569.0,-1.0,6,0,2,0,0.0,0.0,59.6,271.0,16.5,Cold
8902,1,8,0,0,0.0,0.0,0,1,362.0,-1.0,4,0,3,0,0.0,0.0,69.0,362.0,15.0,Cold
8901,1,8,0,1,0.0,0.0,0,0,569.0,-1.0,6,1,0,0,0.0,0.0,59.6,271.0,21.5,Warm
8900,1,8,0,0,0.0,0.0,0,1,360.0,-1.0,6,3,2,0,0.0,0.0,41.8,360.0,19.5,Cold
8899,1,8,0,0,0.0,0.0,0,1,360.0,-1.0,7,3,1,0,0.0,0.0,34.83,360.0,19.5,Cold
8898,1,8,0,1,0.0,0.0,0,0,318.0,-1.0,5,1,2,0,0.0,0.0,88.0,217.0,17.5,Cold
8897,1,8,0,1,0.0,0.0,0,0,569.0,-1.0,4,0,0,0,0.0,0.0,81.33,325.0,17.5,Cold
8896,1,8,0,1,0.0,0.0,0,0,569.0,-1.0,6,0,3,0,0.0,0.0,58.6,276.0,18.0,Cold
8895,2,8,0,1,0.0,0.0,0,0,423.0,-1.0,6,1,0,0,0.0,0.0,69.8,220.0,24.5,Warm
8894,1,8,0,1,0.0,0.0,0,0,569.0,-1.0,5,1,2,0,0.0,0.0,74.5,271.0,18.7,Cold
8893,1,8,0,1,0.0,0.0,0,0,324.0,-1.0,5,0,0,0,0.0,0.0,87.25,220.0,20.0,Cold
8892,1,8,0,0,0.0,0.0,0,1,360.0,-1.0,9,1,0,0,0.0,0.0,26.12,360.0,18.5,Cold
8891,1,8,0,0,0.0,0.0,0,1,360.0,-1.0,8,1,0,0,0.0,0.0,29.86,360.0,18.5,Cold
8890,1,8,0,1,0.0,0.0,0,0,548.0,-1.0,5,1,1,0,0.0,0.0,61.0,325.0,19.5,Cold
8889,1,8,0,0,0.0,0.0,0,1,360.0,-1.0,5,1,0,0,0.0,0.0,52.25,360.0,18.5,Cold
8888,1,8,0,0,0.0,0.0,0,1,360.0,-1.0,7,0,1,0,0.0,0.0,34.83,360.0,15.0,Cold
8887,1,8,0,1,0.0,0.0,0,0,570.0,-1.0,5,0,0,0,0.0,0.0,61.0,325.0,18.0,Cold
8886,1,8,0,1,0.0,0.0,0,0,342.0,-1.0,13,0,10,0,0.0,0.0,20.17,327.0,16.0,Cold
8885,1,8,0,1,0.0,0.0,0,0,570.0,-1.0,5,0,1,0,0.0,0.0,74.5,271.0,16.5,Cold
8884,1,8,0,0,0.0,0.0,0,1,360.0,-1.0,8,4,0,0,0.0,0.0,29.86,360.0,23.0,Warm
8883,1,8,0,0,0.0,0.0,0,1,360.0,-1.0,5,1,0,0,0.0,0.0,40.75,360.0,19.7,Cold
8882,1,8,0,1,0.0,0.0,0,0,320.0,-1.0,6,0,4,0,0.0,0.0,58.2,279.0,12.0,Cold
8881,1,8,0,0,0.0,0.0,0,1,570.0,-1.0,3,1,0,0,0.0,0.0,11.0,548.0,19.7,Cold
8880,1,8,0,1,0.0,0.0,0,0,570.0,-1.0,5,0,0,0,0.0,0.0,74.75,271.0,18.5,Cold
8879,1,8,0,8,0.0,0.0,0,0,422.0,-1.0,4,0,0,0,0.0,0.0,49.33,422.0,22.0,Warm
8878,1,8,0,1,0.0,0.0,0,0,350.0,-1.0,6,0,1,0,0.0,0.0,57.6,282.0,18.0,Cold
8877,1,8,0,1,0.0,0.0,0,0,570.0,-1.0,4,0,0,0,0.0,0.0,116.67,220.0,18.0,Cold
8876,1,8,0,0,0.0,0.0,0,1,360.0,-1.0,9,1,2,0,0.0,0.0,26.25,360.0,14.5,Cold
8875,1,8,0,0,0.0,0.0,0,1,360.0,-1.0,8,6,1,0,0.0,0.0,29.86,360.0,25.2,Warm
8874,1,8,0,0,0.0,0.0,0,1,360.0,-1.0,5,0,1,0,0.0,0.0,52.25,360.0,15.0,Cold
8873,1,8,0,0,0.0,0.0,0,1,358.0,-1.0,2,0,0,0,0.0,0.0,211.0,358.0,12.5,Cold
8872,1,8,0,0,0.0,0.0,0,1,360.0,-1.0,6,1,1,0,0.0,0.0,42.0,360.0,17.7,Cold
8871,1,8,0,0,0.0,0.0,0,1,360.0,-1.0,7,2,0,0,0.0,0.0,35.0,360.0,21.2,Warm
8870,1,8,0,0,0.0,0.0,0,1,360.0,-1.0,8,3,0,0,0.0,0.0,30.0,360.0,21.5,Warm
8869,1,8,0,0,0.0,0.0,0,1,360.0,-1.0,6,1,3,0,0.0,0.0,42.0,360.0,12.5,Cold
8868,1,8,0,1,0.0,0.0,0,0,300.0,-1.0,7,0,2,0,0.0,0.0,45.0,300.0,18.0,Cold
8867,2,8,0,0,4500000.0,5000000.0,1,1,360.0,-1.0,11,5,3,0,0.0,5000000.0,21.0,360.0,26.5,Warm
8866,2,8,0,1,0.0,0.0,0,0,276.0,-1.0,9,3,1,0,0.0,0.0,37.38,271.0,26.7,Warm
8865,2,8,0,1,0.0,0.0,0,0,548.0,-1.0,16,3,7,0,0.0,0.0,19.2,282.0,26.5,Warm
8864,1,8,0,0,0.0,0.0,0,1,360.0,-1.0,4,1,2,0,0.0,0.0,70.0,360.0,12.5,Cold
8863,1,8,0,0,0.0,0.0,0,1,360.0,-1.0,5,0,2,0,0.0,0.0,52.5,360.0,15.0,Cold
8862,1,8,0,0,0.0,0.0,0,1,360.0,-1.0,5,1,2,0,0.0,0.0,52.5,360.0,14.5,Cold
8861,1,8,0,1,0.0,0.0,0,0,325.0,-1.0,6,2,2,0,0.0,0.0,70.0,220.0,21.0,Warm
8860,1,8,0,0,0.0,0.0,0,1,360.0,-1.0,5,6,3,0,0.0,0.0,52.5,360.0,22.0,Warm
8859,2,8,0,1,0.0,0.0,0,0,278.0,-1.0,17,7,2,0,0.0,0.0,18.69,271.0,32.5,Warm
8858,1,8,0,0,0.0,0.0,0,1,360.0,-1.0,5,1,1,0,0.0,0.0,52.5,360.0,16.5,Cold
8857,1,8,0,0,0.0,0.0,0,1,362.0,-1.0,7,4,2,0,0.0,0.0,34.67,362.0,20.7,Warm
8856,1,8,0,0,0.0,0.0,0,1,360.0,-1.0,4,0,1,0,0.0,0.0,70.0,360.0,10.5,Cold
8855,1,8,0,0,0.0,0.0,0,1,360.0,-1.0,7,4,2,0,0.0,0.0,35.0,360.0,19.0,Cold
8854,1,8,0,0,0.0,0.0,0,1,360.0,-1.0,6,0,2,0,0.0,0.0,42.0,360.0,13.0,Cold
8853,1,8,0,0,0.0,0.0,0,1,360.0,-1.0,10,2,0,0,0.0,0.0,23.33,360.0,22.4,Warm
8852,1,8,0,0,0.0,0.0,0,1,360.0,-1.0,6,2,1,0,0.0,0.0,42.0,360.0,20.4,Warm
8851,1,8,0,0,0.0,0.0,0,1,360.0,-1.0,5,1,1,0,0.0,0.0,52.5,360.0,16.5,Cold
8850,2,8,0,1,0.0,0.0,0,0,339.0,-1.0,4,0,0,0,0.0,0.0,77.0,339.0,23.0,Warm
8849,1,8,0,1,0.0,0.0,0,0,325.0,-1.0,9,1,1,0,54.0,0.0,46.38,198.0,19.5,Cold
8848,1,8,0,0,0.0,0.0,0,1,569.0,-1.0,2,0,0,0,0.0,0.0,0.0,569.0,17.0,Cold
8847,1,8,0,1,0.0,0.0,0,0,568.0,-1.0,9,3,1,0,0.0,0.0,36.0,282.0,22.5,Warm
8846,1,8,0,0,0.0,0.0,0,1,566.0,-1.0,3,0,0,0,0.0,0.0,1.5,566.0,17.0,Cold
8845,1,8,0,0,0.0,0.0,0,1,568.0,-1.0,4,0,0,0,0.0,0.0,0.33,568.0,17.0,Cold
8844,1,8,0,0,0.0,0.0,0,1,360.0,-1.0,3,0,0,0,0.0,0.0,105.0,360.0,12.5,Cold
8843,1,8,0,1,0.0,0.0,0,0,570.0,-1.0,4,0,1,0,0.0,0.0,91.0,297.0,13.5,Cold
8842,1,8,0,1,0.0,0.0,0,0,570.0,-1.0,3,2,2,0,0.0,0.0,123.5,323.0,21.0,Warm
8841,1,8,0,0,0.0,0.0,0,1,360.0,-1.0,7,1,2,0,0.0,0.0,34.83,360.0,14.5,Cold
8840,1,8,0,1,0.0,0.0,0,0,343.0,-1.0,7,2,2,0,0.0,0.0,42.5,315.0,19.0,Cold
8839,2,8,0,1,0.0,0.0,0,0,565.0,-1.0,9,1,0,0,0.0,0.0,43.62,220.0,24.5,Warm
8838,1,8,0,0,0.0,0.0,0,1,360.0,-1.0,6,1,1,0,0.0,0.0,42.0,360.0,16.5,Cold
8837,1,8,0,1,0.0,0.0,0,0,570.0,-1.0,5,2,2,0,0.0,0.0,74.75,271.0,23.4,Warm
8836,1,8,0,0,0.0,0.0,0,1,360.0,-1.0,11,0,0,0,0.0,0.0,21.0,360.0,17.0,Cold
8835,1,8,0,0,0.0,0.0,0,1,360.0,-1.0,7,0,1,0,0.0,0.0,35.0,360.0,15.0,Cold
8834,1,8,0,0,0.0,0.0,0,1,360.0,-1.0,5,0,0,0,0.0,0.0,52.5,360.0,17.0,Cold
8833,1,8,0,0,0.0,0.0,0,1,362.0,-1.0,7,3,1,0,0.0,0.0,34.67,362.0,19.5,Cold
8832,1,8,0,0,0.0,0.0,0,1,360.0,-1.0,7,4,2,0,0.0,0.0,35.0,360.0,19.0,Cold
8831,1,8,0,0,0.0,0.0,0,1,570.0,-1.0,2,0,0,0,0.0,0.0,3.0,566.0,12.5,Cold
8830,1,8,0,0,0.0,0.0,0,1,360.0,-1.0,5,0,0,0,0.0,0.0,52.5,360.0,14.5,Cold
8829,1,8,0,0,0.0,0.0,0,1,570.0,-1.0,2,0,0,0,0.0,0.0,45.0,525.0,17.0,Cold
8828,1,8,0,1,0.0,0.0,0,0,570.0,-1.0,4,0,0,0,0.0,0.0,96.0,282.0,20.0,Cold
8827,1,8,0,1,0.0,0.0,0,0,570.0,-1.0,4,1,0,0,0.0,0.0,81.67,325.0,22.7,Warm
8826,1,8,0,1,0.0,0.0,0,0,310.0,-1.0,10,4,0,0,0.0,0.0,28.89,310.0,27.2,Warm
8825,1,8,0,0,0.0,0.0,0,1,360.0,-1.0,7,2,1,0,0.0,0.0,35.0,360.0,19.2,Cold
8824,1,8,6,1,0.0,0.0,0,0,573.0,-1.0,7,0,1,0,0.0,0.0,64.83,184.0,19.0,Cold
8823,1,8,0,1,0.0,0.0,0,0,573.0,-1.0,3,1,0,0,0.0,0.0,0.5,571.0,21.5,Warm
8822,1,8,0,1,0.0,0.0,0,0,573.0,-1.0,2,0,1,0,0.0,0.0,1.0,571.0,18.0,Cold
8821,1,8,0,1,0.0,0.0,0,0,573.0,-1.0,4,0,0,0,0.0,0.0,4.0,560.0,17.5,Cold
8820,1,8,0,1,0.0,0.0,0,0,573.0,-1.0,2,2,0,0,0.0,0.0,1.0,571.0,23.0,Warm
8819,1,8,0,1,0.0,0.0,0,0,573.0,-1.0,1,1,0,0,0.0,0.0,-1.0,572.0,21.5,Warm
8818,1,8,0,1,0.0,0.0,0,0,573.0,-1.0,3,0,1,0,0.0,0.0,59.0,454.0,18.0,Cold
8817,1,8,0,1,0.0,0.0,0,0,573.0,-1.0,2,0,1,0,0.0,0.0,1.0,571.0,15.5,Cold
8816,1,8,0,1,0.0,0.0,0,0,325.0,-1.0,5,0,0,0,0.0,0.0,62.0,325.0,20.0,Cold
8815,1,8,0,0,0.0,0.0,0,1,573.0,-1.0,1,0,0,0,0.0,0.0,-1.0,573.0,15.0,Cold
8814,1,8,0,0,0.0,0.0,0,1,360.0,-1.0,11,2,1,0,0.0,0.0,21.3,360.0,18.0,Cold
8813,1,8,0,1,0.0,0.0,0,0,563.0,-1.0,9,1,1,0,0.0,0.0,37.12,276.0,20.7,Warm
8812,1,8,0,0,0.0,0.0,0,1,360.0,-1.0,7,2,3,0,0.0,0.0,35.5,360.0,16.0,Cold
8811,1,8,0,1,0.0,0.0,0,0,559.0,-1.0,7,2,1,0,0.0,0.0,49.5,276.0,21.0,Warm
8809,1,8,0,0,0.0,0.0,0,1,360.0,-1.0,3,0,1,0,0.0,0.0,106.5,360.0,11.0,Cold
8808,1,8,0,0,0.0,0.0,0,1,358.0,-1.0,7,1,0,0,0.0,0.0,35.83,358.0,19.7,Cold
8807,1,8,2,1,0.0,0.0,0,0,325.0,-1.0,14,0,2,0,0.0,0.0,29.38,191.0,17.0,Cold
8806,1,8,0,0,0.0,0.0,0,1,358.0,-1.0,7,0,1,0,0.0,0.0,35.83,358.0,15.0,Cold
8805,1,8,0,0,0.0,0.0,0,1,559.0,-1.0,6,1,1,0,0.0,0.0,2.8,559.0,16.5,Cold
8804,1,8,0,0,0.0,0.0,0,1,573.0,-1.0,2,1,1,0,0.0,0.0,0.0,573.0,16.5,Cold
8803,2,8,0,0,0.0,0.0,0,1,570.0,-1.0,4,2,0,0,0.0,0.0,1.0,570.0,23.0,Warm
8802,1,8,0,0,0.0,0.0,0,1,573.0,-1.0,3,0,0,0,0.0,0.0,0.0,573.0,17.0,Cold
8801,1,8,0,0,0.0,0.0,0,1,360.0,-1.0,6,2,1,0,0.0,0.0,42.6,360.0,18.0,Cold
8800,1,8,0,0,0.0,0.0,0,1,573.0,-1.0,2,0,0,0,0.0,0.0,0.0,573.0,17.0,Cold
8799,1,8,0,0,0.0,0.0,0,1,559.0,-1.0,4,1,0,0,0.0,0.0,4.67,559.0,18.5,Cold
8798,1,8,0,0,0.0,0.0,0,1,573.0,-1.0,3,0,0,0,0.0,0.0,2.5,568.0,12.5,Cold
8797,1,8,0,0,0.0,0.0,0,1,573.0,-1.0,2,0,0,0,0.0,0.0,0.0,573.0,17.0,Cold
8796,1,8,0,1,0.0,0.0,0,0,325.0,-1.0,4,0,0,0,0.0,0.0,82.67,325.0,20.0,Cold
8795,1,8,0,0,0.0,0.0,0,1,573.0,-1.0,2,1,1,0,0.0,0.0,0.0,573.0,17.7,Cold
8794,1,8,0,0,0.0,0.0,0,1,360.0,-1.0,5,0,2,0,0.0,0.0,53.25,360.0,15.0,Cold
8793,1,8,0,0,0.0,0.0,0,1,360.0,-1.0,6,0,0,0,0.0,0.0,42.6,360.0,17.0,Cold
8792,1,8,0,1,0.0,0.0,0,0,573.0,-1.0,8,3,1,0,29.0,0.0,53.57,198.0,27.7,Warm
8791,1,8,0,1,0.0,0.0,0,0,573.0,-1.0,4,2,1,0,0.0,0.0,82.67,325.0,22.2,Warm
8790,1,8,0,0,0.0,0.0,0,1,573.0,-1.0,1,0,0,0,0.0,0.0,-1.0,573.0,12.5,Cold
8789,2,8,0,1,0.0,0.0,0,0,314.0,-1.0,6,0,0,0,0.0,0.0,59.0,278.0,23.0,Warm
8788,1,8,0,1,0.0,0.0,0,0,573.0,-1.0,4,0,0,0,0.0,0.0,86.67,313.0,15.5,Cold
8787,1,8,0,1,0.0,0.0,0,0,573.0,-1.0,4,0,0,0,0.0,0.0,92.33,296.0,20.0,Cold
8786,1,8,0,0,0.0,0.0,0,1,573.0,-1.0,2,0,0,0,0.0,0.0,1.0,572.0,15.0,Cold
8785,2,8,0,1,0.0,0.0,0,0,313.0,-1.0,6,5,0,0,0.0,0.0,52.0,313.0,30.5,Warm
8784,2,8,0,1,0.0,0.0,0,0,573.0,-1.0,8,0,0,0,0.0,0.0,43.14,271.0,23.0,Warm
8783,1,8,0,1,0.0,0.0,0,0,325.0,-1.0,5,0,0,0,0.0,0.0,75.25,272.0,20.0,Cold
8782,1,8,0,0,0.0,0.0,0,1,360.0,-1.0,6,1,1,0,0.0,0.0,42.6,360.0,16.5,Cold
8781,1,8,0,1,0.0,0.0,0,0,573.0,-1.0,2,0,0,0,0.0,0.0,248.0,325.0,18.0,Cold
8780,1,8,0,1,0.0,0.0,0,0,573.0,-1.0,3,3,0,0,0.0,0.0,26.0,521.0,24.5,Warm
8779,1,8,0,1,0.0,0.0,0,0,573.0,-1.0,4,0,2,0,0.0,0.0,86.67,313.0,16.0,Cold
8778,1,8,0,1,0.0,0.0,0,0,325.0,-1.0,5,0,0,0,0.0,0.0,89.0,217.0,20.0,Cold
8777,1,8,0,0,0.0,0.0,0,1,360.0,-1.0,5,0,2,0,0.0,0.0,53.25,360.0,15.0,Cold
8767,1,8,0,1,0.0,0.0,0,0,384.0,-1.0,5,3,2,0,0.0,0.0,66.5,258.0,22.5,Warm
8766,1,8,0,1,0.0,0.0,0,0,574.0,-1.0,4,2,1,0,0.0,0.0,98.67,268.0,22.2,Warm
8765,1,8,0,1,0.0,0.0,0,0,574.0,-1.0,5,1,1,0,0.0,0.0,74.0,268.0,20.7,Warm
8764,1,8,0,1,0.0,0.0,0,0,574.0,-1.0,2,1,0,0,0.0,0.0,40.0,524.0,20.2,Warm
8763,1,8,0,1,0.0,0.0,0,0,574.0,-1.0,4,2,0,0,0.0,0.0,102.0,268.0,24.2,Warm
8762,2,8,0,1,0.0,0.0,0,0,574.0,-1.0,5,2,0,0,0.0,0.0,76.75,267.0,27.2,Warm
8761,2,8,0,1,0.0,0.0,0,0,343.0,-1.0,18,7,0,0,0.0,0.0,18.06,267.0,40.7,Interested
8760,2,8,0,1,0.0,0.0,0,0,571.0,-1.0,9,7,2,0,0.0,0.0,38.38,267.0,33.1,Warm
8759,1,8,0,1,0.0,0.0,0,0,574.0,-1.0,7,5,1,0,0.0,0.0,31.0,388.0,29.0,Warm
8758,2,8,0,1,0.0,0.0,0,0,574.0,-1.0,9,3,0,0,0.0,0.0,38.38,267.0,31.1,Warm
8757,1,8,0,1,0.0,0.0,0,0,574.0,-1.0,6,1,1,0,0.0,0.0,62.8,260.0,19.5,Cold
8756,1,8,0,1,0.0,0.0,0,0,574.0,-1.0,5,2,1,0,0.0,0.0,76.75,267.0,21.0,Warm
8755,1,8,0,1,0.0,0.0,0,0,574.0,-1.0,1,0,0,0,0.0,0.0,-1.0,574.0,17.5,Cold
8754,1,8,0,1,0.0,0.0,0,0,574.0,-1.0,3,1,1,0,0.0,0.0,125.5,323.0,20.7,Warm
8753,1,8,0,1,0.0,0.0,0,0,574.0,-1.0,3,1,1,0,0.0,0.0,153.5,267.0,19.5,Cold
8752,1,8,0,1,0.0,0.0,0,0,574.0,-1.0,2,1,0,0,0.0,0.0,307.0,267.0,21.5,Warm
8751,2,8,0,1,0.0,0.0,0,0,565.0,-1.0,7,1,0,0,0.0,0.0,38.67,342.0,25.7,Warm
8750,1,8,0,1,0.0,0.0,0,0,574.0,-1.0,3,1,1,0,0.0,0.0,153.5,267.0,19.5,Cold
8749,1,8,0,1,0.0,0.0,0,0,574.0,-1.0,2,0,1,0,0.0,0.0,307.0,267.0,15.5,Cold
8748,1,8,6,1,0.0,0.0,0,0,574.0,-1.0,3,0,1,0,0.0,0.0,240.0,94.0,18.5,Cold
8747,1,8,0,0,0.0,0.0,0,1,574.0,-1.0,3,2,2,0,0.0,0.0,181.5,204.0,18.0,Cold
8746,1,8,0,1,0.0,0.0,0,0,357.0,-1.0,6,4,4,0,0.0,0.0,42.0,357.0,22.0,Warm
8745,1,8,0,1,0.0,0.0,0,0,574.0,-1.0,5,0,3,0,0.0,0.0,46.0,383.0,18.0,Cold
8744,1,8,3,1,0.0,0.0,0,0,574.0,-1.0,11,5,2,0,47.0,0.0,37.6,191.0,27.5,Warm
8743,1,8,0,1,0.0,0.0,0,0,574.0,-1.0,6,0,3,0,0.0,0.0,12.2,506.0,15.5,Cold
8742,1,8,0,1,0.0,0.0,0,0,574.0,-1.0,5,0,2,0,0.0,0.0,50.25,366.0,18.0,Cold
8741,1,8,0,1,0.0,0.0,0,0,574.0,-1.0,5,3,3,0,0.0,0.0,51.75,360.0,25.5,Warm
8740,1,8,0,1,0.0,0.0,0,0,574.0,-1.0,3,1,1,0,0.0,0.0,0.0,567.0,19.5,Cold
8739,1,8,0,1,0.0,0.0,0,0,574.0,-1.0,8,0,1,0,0.0,0.0,27.0,378.0,15.5,Cold
8738,1,8,0,1,0.0,0.0,0,0,574.0,-1.0,4,0,1,0,0.0,0.0,18.33,512.0,15.5,Cold
8737,1,8,0,1,0.0,0.0,0,0,574.0,-1.0,1,1,1,0,0.0,0.0,-1.0,567.0,19.5,Cold
8736,1,8,0,1,0.0,0.0,0,0,574.0,-1.0,6,2,1,0,0.0,0.0,34.6,394.0,24.0,Warm
8735,1,8,0,1,0.0,0.0,0,0,574.0,-1.0,4,1,1,0,0.0,0.0,69.0,360.0,19.5,Cold
8734,1,8,0,1,0.0,0.0,0,0,574.0,-1.0,3,0,0,0,0.0,0.0,1.0,570.0,20.0,Cold
8733,1,8,0,1,0.0,0.0,0,0,574.0,-1.0,3,0,0,0,0.0,0.0,1.0,571.0,16.0,Cold
8732,1,8,0,1,0.0,0.0,0,0,574.0,-1.0,1,1,0,0,0.0,0.0,-1.0,574.0,21.5,Warm
8731,1,8,0,1,0.0,0.0,0,0,574.0,-1.0,1,1,1,0,0.0,0.0,-1.0,574.0,19.5,Cold
8730,1,8,6,1,0.0,0.0,0,0,377.0,-1.0,4,3,3,0,0.0,0.0,134.0,172.0,25.5,Warm
8729,1,8,0,1,0.0,0.0,0,0,574.0,-1.0,2,0,0,0,0.0,0.0,1.0,573.0,17.5,Cold
8728,1,8,0,1,0.0,0.0,0,0,574.0,-1.0,4,3,1,0,0.0,0.0,105.0,259.0,22.5,Warm
8727,1,8,0,1,0.0,0.0,0,0,574.0,-1.0,2,1,2,0,0.0,0.0,1.0,573.0,17.5,Cold
8726,1,8,0,1,0.0,0.0,0,0,574.0,-1.0,2,0,0,0,0.0,0.0,1.0,573.0,20.0,Cold
8725,1,8,0,1,0.0,0.0,0,0,574.0,-1.0,3,0,1,0,0.0,0.0,1.5,571.0,18.0,Cold
8724,1,8,0,1,0.0,0.0,0,0,381.0,-1.0,14,1,1,0,0.0,0.0,23.31,271.0,19.5,Cold
8723,1,8,0,1,0.0,0.0,0,0,574.0,-1.0,3,1,1,0,0.0,0.0,104.0,366.0,19.5,Cold
8722,1,8,0,0,0.0,0.0,0,1,360.0,-1.0,11,0,3,0,0.0,0.0,21.5,360.0,15.0,Cold
8721,1,8,0,0,0.0,0.0,0,1,360.0,-1.0,5,0,0,0,0.0,0.0,53.25,360.0,17.0,Cold
8720,1,8,0,0,0.0,0.0,0,1,360.0,-1.0,5,0,1,0,0.0,0.0,53.75,360.0,15.0,Cold
8719,1,8,0,1,0.0,0.0,0,0,325.0,-1.0,4,0,0,0,0.0,0.0,83.33,325.0,20.0,Cold
8718,1,8,0,1,0.0,0.0,0,0,575.0,-1.0,7,1,1,0,0.0,0.0,62.83,198.0,19.5,Cold
8717,1,8,0,0,0.0,0.0,0,1,360.0,-1.0,5,1,0,0,0.0,0.0,53.5,360.0,19.7,Cold
8716,1,8,0,1,0.0,0.0,0,0,325.0,-1.0,6,1,1,0,0.0,0.0,58.2,282.0,19.5,Cold
8715,1,8,0,0,0.0,0.0,0,1,360.0,-1.0,7,1,1,0,0.0,0.0,35.83,360.0,17.7,Cold
8714,1,8,0,1,0.0,0.0,0,0,575.0,-1.0,4,0,0,0,0.0,0.0,91.67,297.0,16.5,Cold
8713,1,8,0,0,0.0,0.0,0,1,359.0,-1.0,5,1,1,0,0.0,0.0,53.25,359.0,15.0,Cold
8712,1,8,0,1,0.0,0.0,0,0,574.0,-1.0,8,2,1,0,0.0,0.0,42.71,276.0,21.0,Warm
8711,1,8,0,0,0.0,0.0,0,1,575.0,-1.0,2,0,0,0,0.0,0.0,10.0,562.0,14.5,Cold
8710,1,8,0,1,0.0,0.0,0,0,575.0,-1.0,5,3,1,0,0.0,0.0,73.25,282.0,23.7,Warm
8709,1,8,0,0,0.0,0.0,0,1,360.0,-1.0,5,0,0,0,0.0,0.0,53.25,360.0,17.0,Cold
8708,1,8,0,0,0.0,0.0,0,1,360.0,-1.0,7,1,1,0,0.0,0.0,35.5,360.0,16.5,Cold
8707,1,8,0,1,0.0,0.0,0,0,575.0,-1.0,4,0,0,0,0.0,0.0,99.0,276.0,18.5,Cold
8706,1,8,0,0,0.0,0.0,0,1,360.0,-1.0,7,2,2,0,0.0,0.0,35.83,360.0,18.0,Cold
8705,1,8,0,0,0.0,0.0,0,1,360.0,-1.0,7,1,0,0,0.0,0.0,35.83,360.0,18.5,Cold
8704,1,8,0,1,0.0,0.0,0,0,325.0,-1.0,5,0,0,0,0.0,0.0,94.25,196.0,20.0,Cold
8703,1,8,0,1,0.0,0.0,0,0,272.0,-1.0,9,0,0,0,0.0,0.0,37.88,272.0,20.0,Cold
8702,1,8,0,0,0.0,0.0,0,1,360.0,-1.0,6,0,2,0,0.0,0.0,43.0,360.0,15.0,Cold
8701,1,8,0,0,0.0,0.0,0,1,360.0,-1.0,6,0,2,0,0.0,0.0,43.0,360.0,13.0,Cold
8700,1,8,0,0,0.0,0.0,0,1,360.0,-1.0,5,0,0,0,0.0,0.0,53.75,360.0,17.0,Cold
8699,1,8,0,0,0.0,0.0,0,1,360.0,-1.0,5,1,0,0,0.0,0.0,53.75,360.0,18.5,Cold
8698,1,8,0,0,0.0,0.0,0,1,575.0,-1.0,3,0,0,0,0.0,0.0,2.5,570.0,15.0,Cold
8697,1,8,0,0,0.0,0.0,0,1,360.0,-1.0,12,3,1,0,0.0,0.0,19.55,360.0,20.7,Warm
8696,2,8,0,1,0.0,0.0,0,0,409.0,-1.0,18,1,0,0,0.0,0.0,17.47,278.0,24.5,Warm
8695,1,8,0,1,0.0,0.0,0,0,359.0,-1.0,6,0,1,0,0.0,0.0,51.0,315.0,14.0,Cold
8694,1,8,0,1,0.0,0.0,0,0,325.0,-1.0,10,2,1,0,0.0,0.0,39.67,218.0,21.0,Warm
8693,1,8,0,1,0.0,0.0,0,0,329.0,-1.0,5,0,2,0,0.0,0.0,74.0,279.0,15.5,Cold
8692,1,8,0,1,0.0,0.0,0,0,336.0,-1.0,6,0,0,0,0.0,0.0,47.8,336.0,20.0,Cold
8691,1,8,0,0,0.0,0.0,0,1,359.0,-1.0,5,1,0,0,0.0,0.0,54.0,359.0,19.7,Cold
8690,1,8,0,1,0.0,0.0,0,0,575.0,-1.0,5,0,0,0,0.0,0.0,72.75,279.0,18.5,Cold
8689,1,8,0,1,0.0,0.0,0,0,345.0,-1.0,4,0,1,0,0.0,0.0,76.67,345.0,18.0,Cold
8688,2,8,0,1,0.0,0.0,0,0,345.0,-1.0,16,4,0,0,0.0,0.0,18.67,295.0,29.0,Warm
8687,1,8,0,1,0.0,0.0,0,0,575.0,-1.0,6,0,0,0,0.0,0.0,60.6,272.0,20.0,Cold
8686,1,8,0,0,0.0,0.0,0,1,360.0,-1.0,6,0,3,0,0.0,0.0,43.0,360.0,13.0,Cold
8685,1,8,0,0,0.0,0.0,0,1,358.0,-1.0,6,0,0,0,0.0,0.0,43.4,358.0,17.0,Cold
8684,2,8,0,1,0.0,0.0,0,0,409.0,-1.0,4,1,0,0,0.0,0.0,55.33,409.0,25.7,Warm
8683,2,8,0,1,0.0,0.0,0,0,409.0,-1.0,14,1,1,0,0.0,0.0,22.77,279.0,22.5,Warm
8682,2,8,0,1,0.0,0.0,0,0,315.0,-1.0,12,2,0,0,0.0,0.0,26.91,279.0,26.0,Warm
8681,1,8,0,1,0.0,0.0,0,0,339.0,-1.0,11,5,0,0,0.0,0.0,23.6,339.0,27.5,Warm
8680,2,8,0,1,0.0,0.0,0,0,572.0,-1.0,5,1,0,0,0.0,0.0,55.75,352.0,24.5,Warm
8679,1,8,0,1,0.0,0.0,0,0,357.0,-1.0,2,1,1,0,0.0,0.0,1.0,357.0,19.5,Cold
8678,1,8,0,1,0.0,0.0,0,0,576.0,-1.0,1,0,1,0,0.0,0.0,-1.0,358.0,15.5,Cold
8677,1,8,0,1,0.0,0.0,0,0,357.0,-1.0,2,0,0,0,0.0,0.0,1.0,357.0,20.0,Cold
8676,1,8,6,1,0.0,0.0,0,0,357.0,-1.0,5,1,1,0,30.0,0.0,66.0,94.0,22.5,Warm
8675,1,8,0,1,0.0,0.0,0,0,576.0,-1.0,1,0,0,0,0.0,0.0,-1.0,358.0,17.5,Cold
8674,1,8,6,1,0.0,0.0,0,0,576.0,-1.0,1,1,1,0,0.0,0.0,-1.0,116.0,20.5,Warm
8673,1,8,6,1,0.0,0.0,0,0,576.0,-1.0,1,1,1,0,0.0,0.0,-1.0,116.0,20.5,Warm
8672,1,8,6,1,0.0,0.0,0,0,576.0,-1.0,1,0,0,0,0.0,0.0,-1.0,116.0,18.5,Cold
8671,1,8,6,1,0.0,0.0,0,0,576.0,-1.0,1,0,0,0,0.0,0.0,-1.0,116.0,18.5,Cold
8670,1,8,0,1,0.0,0.0,0,0,352.0,-1.0,2,1,1,0,0.0,0.0,1.0,352.0,19.5,Cold
8669,1,8,6,1,0.0,0.0,0,0,576.0,-1.0,1,0,0,0,0.0,0.0,-1.0,116.0,18.5,Cold
8668,1,8,6,1,0.0,0.0,0,0,576.0,-1.0,1,0,0,0,0.0,0.0,-1.0,116.0,21.0,Warm
8667,1,8,6,1,0.0,0.0,0,0,576.0,-1.0,3,0,0,0,28.0,0.0,9.0,98.0,23.0,Warm
8665,1,8,0,1,0.0,0.0,0,0,576.0,-1.0,4,2,2,0,0.0,0.0,105.33,260.0,19.0,Cold
8664,1,8,0,1,0.0,0.0,0,0,576.0,-1.0,3,4,1,0,0.0,0.0,154.5,267.0,24.0,Warm
8663,1,8,0,0,0.0,0.0,0,1,577.0,-1.0,2,0,1,0,0.0,0.0,260.0,316.0,10.5,Cold
8662,1,8,0,0,0.0,0.0,0,1,569.0,-1.0,4,0,0,0,0.0,0.0,17.67,523.0,17.0,Cold
8661,1,8,0,1,0.0,0.0,0,0,577.0,-1.0,1,0,0,0,0.0,0.0,-1.0,576.0,15.5,Cold
8660,2,8,0,1,0.0,0.0,0,0,351.0,-1.0,9,4,1,0,0.0,0.0,45.62,211.0,27.0,Warm
8659,1,8,0,1,0.0,0.0,0,0,576.0,-1.0,2,1,1,0,0.0,0.0,0.0,576.0,19.5,Cold
8658,1,8,0,1,0.0,0.0,0,0,576.0,-1.0,3,2,0,0,0.0,0.0,157.0,262.0,23.0,Warm
8657,1,8,0,1,0.0,0.0,0,0,577.0,-1.0,2,0,0,0,0.0,0.0,6.0,570.0,15.5,Cold
8656,1,8,0,1,0.0,0.0,0,0,576.0,-1.0,4,0,0,0,0.0,0.0,87.0,315.0,20.0,Cold
8655,1,8,0,1,0.0,0.0,0,0,576.0,-1.0,2,0,0,0,0.0,0.0,0.0,576.0,20.0,Cold
8654,1,8,0,1,0.0,0.0,0,0,577.0,-1.0,1,0,0,0,0.0,0.0,-1.0,576.0,15.5,Cold
8653,1,8,0,1,0.0,0.0,0,0,576.0,-1.0,2,0,0,0,0.0,0.0,0.0,576.0,20.0,Cold
8652,1,8,0,1,0.0,0.0,0,0,573.0,-1.0,4,0,0,0,0.0,0.0,1.0,573.0,20.0,Cold
8651,1,8,0,1,0.0,0.0,0,0,577.0,-1.0,1,0,0,0,0.0,0.0,-1.0,576.0,15.5,Cold
8650,1,8,6,1,0.0,0.0,0,0,577.0,-1.0,4,1,1,0,0.0,0.0,159.33,97.0,22.5,Warm
8649,1,8,0,1,0.0,0.0,0,0,577.0,-1.0,3,0,1,0,0.0,0.0,129.5,313.0,15.5,Cold
8648,1,8,0,1,0.0,0.0,0,0,562.0,-1.0,6,0,1,0,0.0,0.0,73.0,207.0,18.0,Cold
8647,1,8,0,0,0.0,0.0,0,1,577.0,-1.0,1,0,0,0,0.0,0.0,-1.0,576.0,14.5,Cold
8646,1,8,0,1,0.0,0.0,0,0,329.0,-1.0,4,0,0,0,0.0,0.0,82.33,329.0,20.0,Cold
8645,1,8,0,0,0.0,0.0,0,1,576.0,-1.0,2,0,0,0,0.0,0.0,0.0,576.0,17.0,Cold
8644,1,8,0,1,0.0,0.0,0,0,577.0,-1.0,4,0,0,0,0.0,0.0,123.0,207.0,17.5,Cold
8643,1,8,0,1,0.0,0.0,0,0,577.0,-1.0,3,0,1,0,0.0,0.0,184.5,207.0,18.0,Cold
8642,1,8,0,1,0.0,0.0,0,0,576.0,-1.0,3,2,0,0,0.0,0.0,125.5,325.0,25.4,Warm
8641,1,8,0,1,0.0,0.0,0,0,576.0,-1.0,5,1,1,0,0.0,0.0,94.25,199.0,19.5,Cold
8640,1,8,0,1,0.0,0.0,0,0,576.0,-1.0,3,0,0,0,0.0,0.0,125.5,325.0,20.0,Cold
8639,1,8,0,1,0.0,0.0,0,0,576.0,-1.0,2,0,0,0,0.0,0.0,0.0,576.0,20.0,Cold
8638,1,8,0,1,0.0,0.0,0,0,576.0,-1.0,4,2,0,0,0.0,0.0,123.0,207.0,24.2,Warm
8637,1,8,0,1,0.0,0.0,0,0,329.0,-1.0,5,1,1,0,0.0,0.0,92.25,207.0,19.5,Cold
8636,1,8,0,1,0.0,0.0,0,0,577.0,-1.0,1,0,0,0,0.0,0.0,-1.0,576.0,16.5,Cold
8635,1,8,0,1,0.0,0.0,0,0,575.0,-1.0,2,0,0,0,0.0,0.0,1.0,575.0,20.0,Cold
8634,2,8,0,1,0.0,0.0,0,0,565.0,-1.0,10,3,1,0,0.0,0.0,42.33,195.0,26.7,Warm
8633,1,8,6,1,0.0,0.0,0,0,575.0,-1.0,5,0,0,0,0.0,0.0,122.25,87.0,23.0,Warm
8632,1,8,0,1,0.0,0.0,0,0,577.0,-1.0,3,2,0,0,0.0,0.0,160.5,255.0,23.0,Warm
8631,1,8,0,0,0.0,0.0,0,1,576.0,-1.0,3,0,0,0,0.0,0.0,0.0,576.0,17.0,Cold
8630,1,8,0,1,0.0,0.0,0,0,577.0,-1.0,2,0,0,0,0.0,0.0,318.0,258.0,17.5,Cold
8629,1,8,0,1,0.0,0.0,0,0,577.0,-1.0,5,3,2,0,0.0,0.0,94.5,198.0,24.9,Warm
8628,1,8,0,1,0.0,0.0,0,0,330.0,-1.0,4,0,0,0,0.0,0.0,106.0,258.0,20.0,Cold
8627,1,8,0,0,0.0,0.0,0,1,577.0,-1.0,3,0,1,0,0.0,0.0,190.5,195.0,12.5,Cold
8626,1,8,6,1,0.0,0.0,0,0,577.0,-1.0,4,1,1,0,42.0,0.0,160.67,94.0,22.5,Warm
8618,1,8,6,1,0.0,0.0,0,0,577.0,-1.0,2,0,0,0,27.0,0.0,0.0,150.0,23.0,Warm
8617,1,8,6,1,0.0,0.0,0,0,577.0,-1.0,1,0,0,0,0.0,0.0,-1.0,150.0,21.0,Warm
8616,1,8,6,1,0.0,0.0,0,0,577.0,-1.0,2,0,0,0,16.0,0.0,0.0,150.0,23.0,Warm
8615,1,8,6,1,0.0,0.0,0,0,577.0,-1.0,3,1,1,0,42.0,0.0,28.0,94.0,22.5,Warm
8613,1,8,6,1,0.0,0.0,0,0,577.0,-1.0,1,1,0,0,0.0,0.0,-1.0,115.0,20.5,Warm
8612,1,8,6,1,0.0,0.0,0,0,577.0,-1.0,2,0,0,0,0.0,0.0,56.0,94.0,18.5,Cold
8611,1,8,6,1,0.0,0.0,0,0,577.0,-1.0,1,0,0,0,0.0,0.0,-1.0,150.0,18.5,Cold
8610,1,8,0,1,0.0,0.0,0,0,357.0,-1.0,2,1,1,0,0.0,0.0,1.0,357.0,19.5,Cold
8609,1,8,0,1,0.0,0.0,0,0,577.0,-1.0,1,0,0,0,0.0,0.0,-1.0,358.0,17.5,Cold
8608,1,8,0,1,0.0,0.0,0,0,577.0,-1.0,1,0,1,0,0.0,0.0,-1.0,358.0,15.5,Cold
8607,1,8,0,1,0.0,0.0,0,0,357.0,-1.0,2,1,1,0,0.0,0.0,1.0,357.0,19.5,Cold
8606,1,8,0,1,0.0,0.0,0,0,577.0,-1.0,7,0,2,0,0.0,0.0,32.67,360.0,18.0,Cold
8605,1,8,0,1,0.0,0.0,0,0,577.0,-1.0,5,0,0,0,0.0,0.0,25.5,454.0,20.0,Cold
8604,1,8,0,1,0.0,0.0,0,0,577.0,-1.0,10,1,0,0,0.0,0.0,22.56,360.0,21.5,Warm
8603,1,8,0,1,0.0,0.0,0,0,383.0,-1.0,7,5,0,0,0.0,0.0,30.0,383.0,27.5,Warm
8602,1,8,6,1,0.0,0.0,0,0,577.0,-1.0,16,2,2,0,35.0,0.0,33.27,77.0,24.0,Warm
8601,1,8,0,1,0.0,0.0,0,0,357.0,-1.0,3,1,1,0,0.0,0.0,109.5,357.0,19.5,Cold
8600,2,8,0,1,0.0,0.0,0,0,339.0,-1.0,11,0,0,0,0.0,0.0,29.7,280.0,23.0,Warm
8599,2,8,0,1,0.0,0.0,0,0,577.0,-1.0,4,1,0,0,0.0,0.0,99.67,278.0,23.0,Warm
8598,1,8,0,0,0.0,0.0,0,1,358.0,-1.0,6,0,2,0,0.0,0.0,43.8,358.0,11.0,Cold
8597,1,8,0,1,0.0,0.0,0,0,577.0,-1.0,5,0,0,0,0.0,0.0,72.25,288.0,18.0,Cold
8596,1,8,0,1,0.0,0.0,0,0,352.0,-1.0,4,0,1,0,0.0,0.0,75.0,352.0,18.0,Cold
8595,1,8,0,1,0.0,0.0,0,0,352.0,-1.0,5,0,1,0,0.0,0.0,56.25,352.0,16.0,Cold
8594,2,8,0,1,0.0,0.0,0,0,345.0,-1.0,19,3,2,0,0.0,0.0,16.94,272.0,25.5,Warm
8593,2,8,0,1,0.0,0.0,0,0,577.0,-1.0,6,0,2,0,0.0,0.0,59.6,279.0,19.5,Cold
8592,1,8,0,1,0.0,0.0,0,0,352.0,-1.0,11,1,0,0,0.0,0.0,22.5,352.0,21.5,Warm
8591,1,8,0,1,0.0,0.0,0,0,337.0,-1.0,8,0,2,0,0.0,0.0,42.71,278.0,16.0,Cold
8590,1,8,0,1,0.0,0.0,0,0,573.0,-1.0,4,5,0,0,0.0,0.0,83.0,324.0,27.5,Warm
8589,1,8,0,1,0.0,0.0,0,0,577.0,-1.0,3,1,1,0,0.0,0.0,147.0,279.0,19.5,Cold
8588,1,8,0,1,0.0,0.0,0,0,359.0,-1.0,8,2,2,0,0.0,0.0,42.43,276.0,21.4,Warm
8587,1,8,0,0,0.0,0.0,0,1,360.0,-1.0,8,0,2,0,0.0,0.0,30.57,360.0,15.0,Cold
8586,1,8,0,0,0.0,0.0,0,1,360.0,-1.0,6,0,0,0,0.0,0.0,42.8,360.0,17.0,Cold
8585,1,8,0,0,0.0,0.0,0,1,360.0,-1.0,6,1,1,0,0.0,0.0,43.4,360.0,17.7,Cold
8584,1,8,0,0,0.0,0.0,0,1,360.0,-1.0,9,2,4,0,0.0,0.0,27.12,360.0,17.0,Cold
8583,2,8,0,1,0.0,0.0,0,0,344.0,-1.0,12,9,2,0,0.0,0.0,25.64,295.0,33.0,Warm
8582,1,8,0,0,0.0,0.0,0,1,360.0,-1.0,6,1,2,0,0.0,0.0,43.4,360.0,14.5,Cold
8581,1,8,0,0,0.0,0.0,0,1,360.0,-1.0,4,0,2,0,0.0,0.0,72.33,360.0,13.0,Cold
8580,1,8,0,0,0.0,0.0,0,1,360.0,-1.0,4,0,1,0,0.0,0.0,72.33,360.0,15.0,Cold
8579,1,8,0,1,0.0,0.0,0,0,577.0,-1.0,2,0,0,0,0.0,0.0,252.0,325.0,15.5,Cold
8578,1,8,0,0,0.0,0.0,0,1,362.0,-1.0,3,0,0,0,0.0,0.0,107.5,362.0,12.5,Cold
8577,1,8,0,0,0.0,0.0,0,1,357.0,-1.0,3,0,3,0,0.0,0.0,110.0,357.0,8.5,Cold
8576,1,8,0,1,0.0,0.0,0,0,573.0,-1.0,4,2,0,0,0.0,0.0,84.0,325.0,23.0,Warm
8575,1,8,0,0,0.0,0.0,0,1,362.0,-1.0,3,1,1,0,0.0,0.0,107.5,362.0,13.2,Cold
8574,1,8,0,0,0.0,0.0,0,1,360.0,-1.0,4,1,0,0,0.0,0.0,72.33,360.0,18.5,Cold
8573,1,8,0,0,0.0,0.0,0,1,362.0,-1.0,5,1,0,0,0.0,0.0,53.75,362.0,15.2,Cold
8572,1,8,0,0,0.0,0.0,0,1,362.0,-1.0,4,0,0,0,0.0,0.0,71.67,362.0,17.0,Cold
8571,1,8,0,0,0.0,0.0,0,1,360.0,-1.0,5,0,1,0,0.0,0.0,54.25,360.0,15.0,Cold
8570,1,8,0,1,0.0,0.0,0,0,357.0,-1.0,3,0,1,0,0.0,0.0,140.0,297.0,13.5,Cold
8569,1,8,0,1,0.0,0.0,0,0,577.0,-1.0,3,0,0,0,0.0,0.0,126.0,325.0,18.0,Cold
8568,1,8,0,0,0.0,0.0,0,1,360.0,-1.0,8,2,1,0,0.0,0.0,30.29,360.0,18.0,Cold
8567,1,8,0,0,0.0,0.0,0,1,360.0,-1.0,8,0,2,0,0.0,0.0,31.0,360.0,15.0,Cold
8566,1,8,0,0,0.0,0.0,0,1,360.0,-1.0,8,1,1,0,0.0,0.0,31.0,360.0,16.5,Cold
8565,1,8,0,0,0.0,0.0,0,1,360.0,-1.0,6,0,1,0,0.0,0.0,43.4,360.0,15.0,Cold
8564,1,8,0,0,0.0,0.0,0,1,360.0,-1.0,5,0,1,0,0.0,0.0,53.25,360.0,15.0,Cold
8563,2,8,0,1,0.0,0.0,0,0,565.0,-1.0,7,1,0,0,0.0,0.0,48.5,282.0,25.7,Warm
8562,1,8,0,0,0.0,0.0,0,1,360.0,-1.0,4,0,1,0,0.0,0.0,71.0,360.0,15.0,Cold
8561,1,8,0,1,0.0,0.0,0,0,574.0,-1.0,3,0,0,0,0.0,0.0,125.5,323.0,20.0,Cold
8560,1,8,0,0,0.0,0.0,0,1,360.0,-1.0,5,0,2,0,0.0,0.0,53.5,360.0,12.5,Cold
8559,1,8,0,0,0.0,0.0,0,1,360.0,-1.0,10,2,3,0,0.0,0.0,24.11,360.0,18.0,Cold
8558,1,8,0,1,0.0,0.0,0,0,547.0,-1.0,5,0,1,0,0.0,0.0,74.75,278.0,18.0,Cold
8557,1,8,0,1,0.0,0.0,0,0,366.0,-1.0,4,1,0,0,0.0,0.0,70.33,366.0,21.5,Warm
8556,1,8,0,1,0.0,0.0,0,0,348.0,-1.0,13,3,7,0,0.0,0.0,19.08,348.0,26.5,Warm
8555,1,8,0,0,0.0,0.0,0,1,360.0,-1.0,6,0,1,0,0.0,0.0,43.4,360.0,15.0,Cold
8554,2,8,0,1,0.0,0.0,0,0,548.0,-1.0,8,3,0,0,0.0,0.0,42.57,279.0,27.5,Warm
8553,1,8,0,0,0.0,0.0,0,1,360.0,-1.0,5,0,0,0,0.0,0.0,54.25,360.0,17.0,Cold
8552,1,8,0,0,0.0,0.0,0,1,360.0,-1.0,9,3,0,0,0.0,0.0,26.75,360.0,21.5,Warm
8551,1,8,0,1,0.0,0.0,0,0,577.0,-1.0,3,0,1,0,0.0,0.0,140.0,297.0,16.0,Cold
8550,1,8,0,0,0.0,0.0,0,1,360.0,-1.0,4,0,2,0,0.0,0.0,72.33,360.0,10.5,Cold
8549,1,8,0,0,0.0,0.0,0,1,360.0,-1.0,6,1,1,0,0.0,0.0,43.4,360.0,17.7,Cold
8548,1,8,0,0,0.0,0.0,0,1,360.0,-1.0,5,2,1,0,0.0,0.0,54.25,360.0,18.0,Cold
8547,1,8,0,1,0.0,0.0,0,0,577.0,-1.0,4,2,1,0,0.0,0.0,100.33,276.0,22.2,Warm
8546,1,8,6,1,0.0,0.0,0,0,334.0,-1.0,18,3,5,0,0.0,0.0,22.35,197.0,23.5,Warm
8545,1,8,0,0,0.0,0.0,0,1,360.0,-1.0,6,0,0,0,0.0,0.0,43.4,360.0,17.0,Cold
8544,1,8,0,0,0.0,0.0,0,1,360.0,-1.0,6,2,0,0,0.0,0.0,43.4,360.0,23.0,Warm
8543,1,8,0,0,0.0,0.0,0,1,360.0,-1.0,6,0,2,0,0.0,0.0,43.4,360.0,13.0,Cold
8542,1,8,0,1,0.0,0.0,0,0,329.0,-1.0,6,4,1,0,0.0,0.0,49.6,329.0,27.0,Warm
8541,1,8,0,1,0.0,0.0,0,0,577.0,-1.0,3,0,0,0,0.0,0.0,152.5,272.0,16.0,Cold
8540,1,8,0,0,0.0,0.0,0,1,359.0,-1.0,3,1,0,0,0.0,0.0,109.0,359.0,19.7,Cold
8539,1,8,0,1,0.0,0.0,0,0,337.0,-1.0,19,7,2,0,0.0,0.0,13.5,334.0,26.5,Warm
8538,1,8,0,1,0.0,0.0,0,0,577.0,-1.0,4,0,0,0,0.0,0.0,93.33,297.0,18.0,Cold
8537,1,8,0,1,0.0,0.0,0,0,352.0,-1.0,3,0,1,0,0.0,0.0,112.5,352.0,16.0,Cold
8536,1,8,0,1,0.0,0.0,0,0,352.0,-1.0,4,0,1,0,0.0,0.0,75.0,352.0,18.0,Cold
8535,1,8,0,1,0.0,0.0,0,0,578.0,-1.0,5,0,1,0,0.0,0.0,72.25,289.0,16.0,Cold
8533,2,8,0,1,0.0,0.0,0,0,548.0,-1.0,8,0,1,0,0.0,0.0,42.71,279.0,21.0,Warm
8532,1,8,0,0,0.0,0.0,0,1,578.0,-1.0,3,1,1,0,0.0,0.0,107.5,363.0,14.5,Cold
8531,2,8,0,1,0.0,0.0,0,0,343.0,-1.0,10,3,0,0,0.0,0.0,28.33,323.0,27.5,Warm
8530,1,8,0,0,0.0,0.0,0,1,360.0,-1.0,7,1,1,0,0.0,0.0,36.5,360.0,16.5,Cold
8529,1,8,0,1,0.0,0.0,0,0,579.0,-1.0,5,1,1,0,0.0,0.0,75.25,278.0,19.5,Cold
8528,1,8,6,1,0.0,0.0,0,0,579.0,-1.0,2,0,1,0,0.0,0.0,429.0,150.0,18.5,Cold
8527,1,8,0,1,0.0,0.0,0,0,579.0,-1.0,1,1,1,0,0.0,0.0,-1.0,579.0,19.5,Cold
8526,1,8,6,1,0.0,0.0,0,0,579.0,-1.0,4,0,0,0,0.0,0.0,143.0,150.0,20.5,Warm
8525,1,8,0,1,0.0,0.0,0,0,579.0,-1.0,4,0,0,0,0.0,0.0,66.0,381.0,20.0,Cold
8524,1,8,0,1,0.0,0.0,0,0,579.0,-1.0,3,2,3,0,0.0,0.0,110.0,359.0,19.0,Cold
8523,1,8,6,1,0.0,0.0,0,0,579.0,-1.0,1,1,1,0,0.0,0.0,-1.0,115.0,20.5,Warm
8521,1,8,0,1,0.0,0.0,0,0,579.0,-1.0,3,0,1,0,0.0,0.0,160.5,258.0,14.5,Cold
8520,1,8,0,1,0.0,0.0,0,0,579.0,-1.0,2,0,0,0,0.0,0.0,316.0,258.0,20.0,Cold
8519,1,8,6,1,0.0,0.0,0,0,325.0,-1.0,6,0,1,0,0.0,0.0,95.8,93.0,21.0,Warm
8518,1,8,0,1,0.0,0.0,0,0,579.0,-1.0,2,0,2,0,0.0,0.0,316.0,258.0,16.0,Cold
8517,1,8,0,1,0.0,0.0,0,0,579.0,-1.0,5,0,2,0,0.0,0.0,79.25,258.0,15.5,Cold
8516,1,8,0,1,0.0,0.0,0,0,313.0,-1.0,10,4,0,0,0.0,0.0,35.67,258.0,29.6,Warm
8515,1,8,6,1,0.0,0.0,0,0,575.0,-1.0,7,2,1,0,0.0,0.0,80.33,93.0,25.2,Warm
8514,1,8,0,1,0.0,0.0,0,0,579.0,-1.0,5,2,2,0,0.0,0.0,96.0,195.0,22.2,Warm
8513,1,8,6,1,0.0,0.0,0,0,579.0,-1.0,8,2,2,1,2127.0,0.0,69.71,91.0,27.0,Warm
8512,1,8,0,1,0.0,0.0,0,0,579.0,-1.0,2,0,0,0,0.0,0.0,321.0,258.0,17.5,Cold
8511,1,8,6,0,0.0,0.0,0,1,579.0,-1.0,5,0,0,0,0.0,0.0,98.25,186.0,17.5,Cold
8510,1,8,0,1,0.0,0.0,0,0,579.0,-1.0,6,0,1,0,0.0,0.0,64.2,258.0,18.0,Cold
8509,1,8,0,0,0.0,0.0,0,1,579.0,-1.0,2,0,0,0,0.0,0.0,0.0,579.0,17.0,Cold
8508,1,8,6,1,0.0,0.0,0,0,579.0,-1.0,6,1,1,0,0.0,0.0,78.2,188.0,22.5,Warm
8507,1,8,6,1,0.0,0.0,0,0,579.0,-1.0,10,0,4,0,0.0,0.0,42.56,189.0,17.0,Cold
8506,1,8,0,0,0.0,0.0,0,1,573.0,-1.0,5,0,0,0,0.0,0.0,0.5,573.0,17.0,Cold
8505,1,8,0,0,0.0,0.0,0,1,575.0,-1.0,2,0,0,0,0.0,0.0,0.0,575.0,17.0,Cold
8504,1,8,0,0,0.0,0.0,0,1,342.0,-1.0,5,1,0,0,0.0,0.0,58.25,342.0,19.7,Cold
8503,1,8,0,0,0.0,0.0,0,1,575.0,-1.0,5,4,2,0,0.0,0.0,13.0,523.0,23.4,Warm
8502,1,8,0,1,0.0,0.0,0,0,328.0,-1.0,10,4,1,0,0.0,0.0,35.22,258.0,24.0,Warm
8501,1,8,0,1,0.0,0.0,0,0,349.0,-1.0,13,10,5,0,0.0,0.0,26.75,258.0,33.0,Warm
8500,1,8,0,0,0.0,0.0,0,1,579.0,-1.0,3,0,0,0,0.0,0.0,15.5,548.0,12.5,Cold
8499,1,8,0,1,0.0,0.0,0,0,579.0,-1.0,8,3,1,0,0.0,0.0,54.86,195.0,22.5,Warm
8498,1,8,0,1,0.0,0.0,0,0,327.0,-1.0,7,1,0,0,0.0,0.0,42.0,327.0,21.5,Warm
8497,1,8,0,0,0.0,0.0,0,1,360.0,-1.0,13,3,0,0,0.0,0.0,18.25,360.0,24.5,Warm
8496,1,8,0,1,0.0,0.0,0,0,579.0,-1.0,4,2,0,0,0.0,0.0,83.33,329.0,21.0,Warm
8495,1,8,0,1,0.0,0.0,0,0,329.0,-1.0,6,0,1,0,0.0,0.0,50.0,329.0,18.0,Cold
8494,1,8,0,1,0.0,0.0,0,0,329.0,-1.0,6,0,0,0,0.0,0.0,59.4,282.0,20.0,Cold
8493,1,8,0,0,0.0,0.0,0,1,360.0,-1.0,8,7,5,0,0.0,0.0,31.29,360.0,24.5,Warm
8492,1,8,0,0,0.0,0.0,0,1,579.0,-1.0,4,0,1,0,0.0,0.0,1.0,576.0,10.5,Cold
8491,2,8,0,0,0.0,0.0,0,1,360.0,-1.0,7,4,2,0,0.0,0.0,36.5,360.0,24.0,Warm
8490,1,8,0,0,0.0,0.0,0,1,360.0,-1.0,6,0,1,0,0.0,0.0,43.8,360.0,15.0,Cold
8489,1,8,0,1,0.0,0.0,0,0,579.0,-1.0,5,0,1,0,0.0,0.0,63.5,325.0,16.0,Cold
8488,2,8,0,1,0.0,0.0,0,0,548.0,-1.0,24,2,1,0,0.0,0.0,13.09,278.0,24.0,Warm
8487,1,8,0,1,0.0,0.0,0,0,579.0,-1.0,4,0,0,0,0.0,0.0,83.33,329.0,18.0,Cold
8486,1,8,0,0,0.0,0.0,0,1,579.0,-1.0,2,0,1,0,0.0,0.0,0.0,579.0,13.0,Cold
8485,1,8,0,0,0.0,0.0,0,1,360.0,-1.0,5,0,1,0,0.0,0.0,54.75,360.0,10.5,Cold
8484,1,8,0,0,0.0,0.0,0,1,360.0,-1.0,7,2,0,0,0.0,0.0,36.5,360.0,20.0,Cold
8483,1,8,0,0,0.0,0.0,0,1,360.0,-1.0,6,2,1,0,0.0,0.0,43.8,360.0,18.0,Cold
8482,1,8,0,1,0.0,0.0,0,0,579.0,-1.0,4,1,0,0,0.0,0.0,84.67,325.0,21.5,Warm
8481,1,8,0,0,0.0,0.0,0,1,360.0,-1.0,3,0,1,0,0.0,0.0,109.5,360.0,12.5,Cold
8480,1,8,2,0,0.0,0.0,0,1,579.0,-1.0,7,3,1,0,15.0,0.0,89.0,45.0,20.9,Warm
8479,1,8,0,0,0.0,0.0,0,1,360.0,-1.0,3,0,2,0,0.0,0.0,109.5,360.0,8.5,Cold
8478,1,8,0,0,0.0,0.0,0,1,360.0,-1.0,3,0,1,0,0.0,0.0,109.5,360.0,12.5,Cold
8477,1,8,0,0,0.0,0.0,0,1,360.0,-1.0,9,1,0,0,0.0,0.0,27.38,360.0,18.5,Cold
8476,1,8,0,0,0.0,0.0,0,1,360.0,-1.0,10,1,1,0,0.0,0.0,24.33,360.0,17.7,Cold
8475,2,8,0,1,0.0,0.0,0,0,580.0,-1.0,4,1,0,0,0.0,0.0,97.33,288.0,23.7,Warm
8474,1,8,0,0,0.0,0.0,0,1,360.0,-1.0,6,1,0,0,0.0,0.0,44.0,360.0,18.5,Cold
8473,1,8,0,1,0.0,0.0,0,0,348.0,-1.0,8,0,2,0,0.0,0.0,44.14,271.0,18.0,Cold
8472,1,8,0,1,0.0,0.0,0,0,329.0,-1.0,10,1,2,0,0.0,0.0,34.33,271.0,17.5,Cold
8471,1,8,0,1,0.0,0.0,0,0,317.0,-1.0,8,2,3,0,0.0,0.0,36.71,317.0,21.0,Warm
8470,1,8,0,0,0.0,0.0,0,1,360.0,-1.0,4,0,0,0,0.0,0.0,71.0,360.0,17.0,Cold
8469,1,8,0,0,0.0,0.0,0,1,360.0,-1.0,6,1,1,0,0.0,0.0,43.0,360.0,16.5,Cold
8468,1,8,0,0,0.0,0.0,0,1,360.0,-1.0,6,1,1,0,0.0,0.0,43.0,360.0,16.5,Cold
8467,1,8,0,0,0.0,0.0,0,1,580.0,-1.0,1,0,0,0,0.0,0.0,-1.0,574.0,14.5,Cold
8466,2,8,0,1,0.0,0.0,0,0,548.0,-1.0,6,3,0,0,0.0,0.0,44.2,352.0,28.7,Warm
8465,1,8,0,0,0.0,0.0,0,1,360.0,-1.0,4,1,0,0,0.0,0.0,71.0,360.0,18.5,Cold
8464,1,8,0,0,0.0,0.0,0,1,580.0,-1.0,3,1,1,0,0.0,0.0,27.0,520.0,17.7,Cold
8463,2,8,0,1,0.0,0.0,0,0,548.0,-1.0,7,2,0,0,0.0,0.0,50.33,278.0,26.0,Warm
8462,1,8,0,0,0.0,0.0,0,1,360.0,-1.0,7,0,0,0,0.0,0.0,36.67,360.0,17.0,Cold
8461,2,8,0,1,0.0,0.0,0,0,351.0,-1.0,19,2,1,0,0.0,0.0,12.72,351.0,24.0,Warm
8460,1,8,0,0,0.0,0.0,0,1,360.0,-1.0,5,0,2,0,0.0,0.0,55.0,360.0,11.0,Cold
8459,1,8,0,0,0.0,0.0,0,1,360.0,-1.0,9,0,1,0,0.0,0.0,27.5,360.0,15.0,Cold
8458,1,8,0,0,0.0,0.0,0,1,360.0,-1.0,5,0,1,0,0.0,0.0,55.0,360.0,15.0,Cold
8457,2,8,0,1,0.0,0.0,0,0,580.0,-1.0,13,2,1,0,0.0,0.0,25.67,272.0,24.0,Warm
8456,1,8,0,0,0.0,0.0,0,1,360.0,-1.0,12,3,1,0,0.0,0.0,20.0,360.0,22.5,Warm
8455,2,8,0,1,0.0,0.0,0,0,548.0,-1.0,9,1,0,0,0.0,0.0,37.25,282.0,24.5,Warm
8454,1,8,0,1,0.0,0.0,0,0,580.0,-1.0,7,4,1,0,0.0,0.0,51.33,272.0,25.2,Warm
8453,1,8,0,1,0.0,0.0,0,0,580.0,-1.0,6,1,1,0,0.0,0.0,77.0,195.0,19.5,Cold
8452,1,8,0,1,0.0,0.0,0,0,580.0,-1.0,3,1,1,0,0.0,0.0,180.5,211.0,19.5,Cold
8451,1,8,6,0,0.0,0.0,0,1,580.0,-1.0,5,0,0,0,0.0,0.0,96.25,189.0,17.5,Cold
8450,1,8,0,1,0.0,0.0,0,0,580.0,-1.0,4,0,1,0,0.0,0.0,105.33,258.0,15.5,Cold
8449,1,8,0,1,0.0,0.0,0,0,573.0,-1.0,3,1,0,0,0.0,0.0,124.0,325.0,22.7,Warm
8448,1,8,0,1,0.0,0.0,0,0,572.0,-1.0,6,2,2,0,0.0,0.0,75.4,195.0,22.2,Warm
8447,1,8,0,1,0.0,0.0,0,0,580.0,-1.0,6,2,1,0,0.0,0.0,74.6,202.0,21.0,Warm
8446,1,8,0,1,0.0,0.0,0,0,580.0,-1.0,3,0,0,0,0.0,0.0,104.0,372.0,17.5,Cold
8445,1,8,0,1,0.0,0.0,0,0,357.0,-1.0,7,0,1,0,0.0,0.0,37.17,357.0,18.0,Cold
8444,1,8,6,1,0.0,0.0,0,0,378.0,-1.0,14,4,3,0,0.0,0.0,37.54,92.0,23.0,Warm
8443,1,8,0,1,0.0,0.0,0,0,580.0,-1.0,3,0,3,0,0.0,0.0,3.0,570.0,15.5,Cold
8441,1,8,0,1,0.0,0.0,0,0,580.0,-1.0,3,0,1,0,0.0,0.0,1.5,575.0,18.0,Cold
8440,1,8,0,1,0.0,0.0,0,0,580.0,-1.0,1,0,0,0,0.0,0.0,-1.0,380.0,17.5,Cold
8439,1,8,0,0,0.0,0.0,0,1,580.0,-1.0,5,1,1,0,0.0,0.0,64.5,320.0,16.5,Cold
8438,1,8,0,1,0.0,0.0,0,0,580.0,-1.0,1,0,0,0,0.0,0.0,-1.0,506.0,18.5,Cold
8437,1,8,0,0,0.0,0.0,0,1,580.0,-1.0,8,2,2,0,20.0,0.0,55.14,193.0,18.0,Cold
8436,1,8,0,1,0.0,0.0,0,0,581.0,-1.0,5,0,0,0,0.0,0.0,94.25,202.0,18.0,Cold
8435,1,8,0,1,0.0,0.0,0,0,581.0,-1.0,2,0,0,0,0.0,0.0,209.0,372.0,20.0,Cold
8434,1,8,0,0,0.0,0.0,0,1,378.0,-1.0,6,1,2,0,0.0,0.0,77.2,195.0,14.5,Cold
8433,1,8,0,1,0.0,0.0,0,0,581.0,-1.0,4,0,1,0,0.0,0.0,2.67,573.0,15.5,Cold
8432,1,8,0,0,0.0,0.0,0,1,360.0,-1.0,2,0,0,0,0.0,0.0,4.0,360.0,15.0,Cold
8431,1,8,0,1,0.0,0.0,0,0,581.0,-1.0,7,1,2,0,0.0,0.0,33.83,378.0,18.0,Cold
8430,1,8,6,1,0.0,0.0,0,0,366.0,-1.0,10,1,2,0,0.0,0.0,43.56,189.0,20.5,Warm
8429,1,8,0,1,0.0,0.0,0,0,357.0,-1.0,5,0,0,0,0.0,0.0,56.0,357.0,20.0,Cold
8428,1,8,0,1,0.0,0.0,0,0,581.0,-1.0,2,4,0,0,0.0,0.0,237.0,323.0,28.4,Warm
8427,1,8,0,1,0.0,0.0,0,0,357.0,-1.0,4,1,1,0,0.0,0.0,74.67,357.0,19.5,Cold
8426,1,8,0,1,0.0,0.0,0,0,581.0,-1.0,2,1,2,0,0.0,0.0,223.0,358.0,17.5,Cold
8425,1,8,0,1,0.0,0.0,0,0,357.0,-1.0,3,1,1,0,0.0,0.0,112.0,357.0,19.5,Cold
8424,1,8,0,1,0.0,0.0,0,0,381.0,-1.0,7,2,3,0,0.0,0.0,62.83,204.0,19.0,Cold
8423,1,8,0,1,0.0,0.0,0,0,581.0,-1.0,9,0,2,0,0.0,0.0,27.75,359.0,18.0,Cold
8422,1,8,0,1,0.0,0.0,0,0,581.0,-1.0,3,0,0,0,0.0,0.0,19.0,271.0,16.0,Cold
8421,1,8,0,1,0.0,0.0,0,0,359.0,-1.0,5,0,3,0,0.0,0.0,74.75,282.0,12.5,Cold
8420,1,8,0,0,0.0,0.0,0,1,357.0,-1.0,3,1,2,0,0.0,0.0,112.0,357.0,10.5,Cold
8419,1,8,0,0,0.0,0.0,0,1,581.0,-1.0,2,0,0,0,0.0,0.0,60.0,521.0,13.0,Cold
8418,1,8,0,1,0.0,0.0,0,0,325.0,-1.0,3,1,1,0,0.0,0.0,128.0,325.0,19.5,Cold
8417,1,8,6,1,0.0,0.0,0,0,581.0,-1.0,1,0,1,0,0.0,0.0,-1.0,56.0,17.0,Cold
8416,1,8,0,1,0.0,0.0,0,0,579.0,-1.0,8,0,0,0,0.0,0.0,40.29,299.0,20.0,Cold
8415,1,8,0,0,0.0,0.0,0,1,360.0,-1.0,5,0,0,0,0.0,0.0,55.25,360.0,17.0,Cold
8414,2,8,0,1,0.0,0.0,0,0,351.0,-1.0,18,3,1,0,0.0,0.0,18.24,271.0,25.5,Warm
8413,1,8,0,1,0.0,0.0,0,0,329.0,-1.0,3,1,0,0,0.0,0.0,126.0,329.0,19.5,Cold
8412,1,8,0,0,0.0,0.0,0,1,360.0,-1.0,7,1,1,0,0.0,0.0,36.83,360.0,16.5,Cold
8411,1,8,0,0,0.0,0.0,0,1,360.0,-1.0,5,1,1,0,0.0,0.0,53.75,360.0,16.5,Cold
8410,1,8,0,0,0.0,0.0,0,1,581.0,-1.0,6,1,5,0,0.0,0.0,6.6,548.0,10.5,Cold
8409,1,8,0,1,0.0,0.0,0,0,581.0,-1.0,8,0,8,0,0.0,0.0,36.57,325.0,14.0,Cold
8408,2,8,0,1,0.0,0.0,0,0,307.0,-1.0,7,1,0,0,0.0,0.0,45.67,307.0,24.5,Warm
8407,2,8,2,0,0.0,0.0,0,1,556.0,-1.0,11,7,2,0,0.0,0.0,53.3,42.0,29.1,Warm
8406,1,8,0,1,0.0,0.0,0,0,581.0,-1.0,4,2,0,0,0.0,0.0,1.67,388.0,21.0,Warm
8405,1,8,0,0,0.0,0.0,0,1,360.0,-1.0,7,2,1,0,0.0,0.0,36.83,360.0,18.0,Cold
8404,1,8,0,1,0.0,0.0,0,0,324.0,-1.0,6,2,0,0,0.0,0.0,57.2,295.0,23.0,Warm
8403,1,8,0,0,0.0,0.0,0,1,360.0,-1.0,8,0,1,0,0.0,0.0,30.71,360.0,15.0,Cold
8402,2,8,0,1,0.0,0.0,0,0,349.0,-1.0,16,6,1,0,0.0,0.0,19.07,295.0,30.0,Warm
8401,1,8,0,0,0.0,0.0,0,1,360.0,-1.0,6,0,2,0,0.0,0.0,43.0,360.0,15.0,Cold
8400,1,8,0,0,0.0,0.0,0,1,360.0,-1.0,7,5,1,0,0.0,0.0,36.83,360.0,22.5,Warm
8399,1,8,0,0,0.0,0.0,0,1,360.0,-1.0,4,0,0,0,0.0,0.0,73.67,360.0,17.0,Cold
8398,1,8,0,0,0.0,0.0,0,1,360.0,-1.0,10,7,0,0,0.0,0.0,24.56,360.0,30.5,Warm
8397,2,8,0,0,0.0,0.0,0,1,556.0,-1.0,10,7,0,0,0.0,0.0,2.78,556.0,30.5,Warm
8396,1,8,0,1,0.0,0.0,0,0,581.0,-1.0,5,0,0,0,0.0,0.0,73.25,288.0,20.0,Cold
8395,1,8,0,1,0.0,0.0,0,0,582.0,-1.0,7,1,0,0,0.0,0.0,11.67,512.0,21.5,Warm
8394,1,8,2,1,0.0,0.0,0,0,582.0,-1.0,5,0,2,0,0.0,0.0,132.0,47.0,13.5,Cold
8393,1,8,0,1,0.0,0.0,0,0,582.0,-1.0,3,2,1,0,0.0,0.0,89.0,394.0,22.2,Warm
8392,1,8,0,0,0.0,0.0,0,1,582.0,-1.0,3,1,0,0,0.0,0.0,24.5,523.0,17.7,Cold
8391,1,8,0,0,0.0,0.0,0,1,360.0,-1.0,5,2,0,0,0.0,0.0,53.0,360.0,21.2,Warm
8390,1,8,0,0,0.0,0.0,0,1,360.0,-1.0,7,4,0,0,0.0,0.0,35.33,360.0,27.2,Warm
8389,1,8,0,0,0.0,0.0,0,1,360.0,-1.0,4,3,0,0,0.0,0.0,70.67,360.0,23.9,Warm
8388,1,8,0,0,0.0,0.0,0,1,360.0,-1.0,5,0,2,0,0.0,0.0,53.25,360.0,11.0,Cold
8387,1,8,0,1,0.0,0.0,0,0,322.0,-1.0,8,0,3,0,0.0,0.0,42.0,279.0,16.0,Cold
8386,1,8,6,1,0.0,0.0,0,0,582.0,-1.0,1,0,1,0,0.0,0.0,-1.0,56.0,17.0,Cold
8385,1,8,0,0,0.0,0.0,0,1,574.0,-1.0,3,0,0,0,0.0,0.0,0.0,574.0,17.0,Cold
8384,1,8,0,1,0.0,0.0,0,0,327.0,-1.0,4,0,3,0,0.0,0.0,101.0,271.0,16.0,Cold
8383,1,8,0,1,0.0,0.0,0,0,283.0,-1.0,9,2,0,0,0.0,0.0,37.38,283.0,23.0,Warm
8382,1,8,0,1,0.0,0.0,0,0,569.0,-1.0,10,5,1,0,0.0,0.0,34.56,271.0,25.5,Warm
8381,1,8,0,1,0.0,0.0,0,0,327.0,-1.0,4,0,1,0,0.0,0.0,85.0,327.0,13.5,Cold
8380,1,8,0,1,0.0,0.0,0,0,348.0,-1.0,11,1,1,0,0.0,0.0,30.3,279.0,19.5,Cold
8379,1,8,2,0,0.0,0.0,0,1,335.0,-1.0,22,11,9,0,35.0,0.0,25.67,43.0,26.2,Warm
8378,1,8,0,1,0.0,0.0,0,0,341.0,-1.0,15,4,6,0,0.0,0.0,19.07,315.0,20.0,Cold
8377,1,8,0,0,0.0,0.0,0,1,582.0,-1.0,5,2,2,0,0.0,0.0,15.25,521.0,18.0,Cold
8376,1,8,0,0,0.0,0.0,0,1,358.0,-1.0,6,0,0,0,0.0,0.0,44.8,358.0,17.0,Cold
8375,1,8,0,0,0.0,0.0,0,1,358.0,-1.0,8,3,0,0,0.0,0.0,32.0,358.0,24.5,Warm
8374,1,8,0,1,0.0,0.0,0,0,364.0,-1.0,6,4,0,0,0.0,0.0,43.6,364.0,26.0,Warm
8373,1,8,0,1,0.0,0.0,0,0,343.0,-1.0,12,0,6,0,0.0,0.0,24.18,316.0,16.0,Cold
8372,1,8,0,1,0.0,0.0,0,0,276.0,-1.0,12,4,1,0,0.0,0.0,27.82,276.0,24.0,Warm
8371,1,8,0,1,0.0,0.0,0,0,350.0,-1.0,10,1,4,0,71.0,0.0,42.56,199.0,17.5,Cold
8370,1,8,0,1,0.0,0.0,0,0,337.0,-1.0,14,2,2,0,0.0,0.0,20.54,315.0,21.0,Warm
8369,1,8,0,1,0.0,0.0,0,0,341.0,-1.0,8,2,2,0,0.0,0.0,34.43,341.0,21.0,Warm
8368,1,8,6,1,0.0,0.0,0,0,582.0,-1.0,1,0,0,0,0.0,0.0,-1.0,115.0,18.5,Cold
8367,1,8,6,1,0.0,0.0,0,0,582.0,-1.0,2,1,1,0,0.0,0.0,20.0,95.0,20.5,Warm
8366,1,8,6,1,0.0,0.0,0,0,582.0,-1.0,4,0,0,0,0.0,0.0,7.0,94.0,18.5,Cold
8365,1,8,6,1,0.0,0.0,0,0,582.0,-1.0,2,1,1,0,0.0,0.0,18.0,97.0,20.5,Warm
8364,1,8,6,1,0.0,0.0,0,0,582.0,-1.0,2,0,0,0,0.0,0.0,20.0,95.0,18.5,Cold
8363,1,8,6,1,0.0,0.0,0,0,582.0,-1.0,2,0,0,0,0.0,0.0,72.0,43.0,18.5,Cold
8362,1,8,6,1,0.0,0.0,0,0,582.0,-1.0,1,1,1,0,0.0,0.0,-1.0,149.0,20.5,Warm
8361,1,8,6,1,0.0,0.0,0,0,582.0,-1.0,2,0,0,0,0.0,0.0,66.0,49.0,18.5,Cold
8359,1,8,6,1,0.0,0.0,0,0,582.0,-1.0,5,1,1,0,1.0,0.0,52.75,92.0,23.7,Warm
8356,1,8,6,1,0.0,0.0,0,0,582.0,-1.0,1,0,0,0,0.0,0.0,-1.0,153.0,18.5,Cold
8355,1,8,6,1,0.0,0.0,0,0,582.0,-1.0,1,0,0,0,0.0,0.0,-1.0,153.0,18.5,Cold
8352,1,8,6,1,0.0,0.0,0,0,582.0,-1.0,1,1,1,0,0.0,0.0,-1.0,155.0,20.5,Warm
8351,1,8,6,1,0.0,0.0,0,0,582.0,-1.0,1,0,0,0,0.0,0.0,-1.0,156.0,18.5,Cold
8350,1,8,6,1,0.0,0.0,0,0,582.0,-1.0,5,0,0,0,0.0,0.0,17.25,87.0,21.0,Warm
8349,1,8,6,1,0.0,0.0,0,0,582.0,-1.0,1,0,0,0,0.0,0.0,-1.0,156.0,21.0,Warm
8348,1,8,0,1,0.0,0.0,0,0,582.0,-1.0,2,1,1,0,0.0,0.0,77.0,257.0,17.5,Cold
8347,1,8,6,1,0.0,0.0,0,0,582.0,-1.0,3,0,0,0,0.0,0.0,41.5,73.0,18.5,Cold
8346,1,8,6,1,0.0,0.0,0,0,582.0,-1.0,1,1,1,0,0.0,0.0,-1.0,156.0,20.5,Warm
8345,1,8,6,1,0.0,0.0,0,0,582.0,-1.0,1,1,1,0,0.0,0.0,-1.0,155.0,20.5,Warm
8344,1,8,6,1,0.0,0.0,0,0,582.0,-1.0,7,2,2,0,37.0,0.0,36.33,93.0,25.2,Warm
8343,1,8,6,1,0.0,0.0,0,0,582.0,-1.0,2,0,0,0,35.0,0.0,0.0,155.0,23.0,Warm
8342,1,8,6,1,0.0,0.0,0,0,582.0,-1.0,1,1,1,0,0.0,0.0,-1.0,155.0,20.5,Warm
8341,1,8,6,1,0.0,0.0,0,0,582.0,-1.0,1,1,1,0,0.0,0.0,-1.0,155.0,20.5,Warm
8340,1,8,0,1,0.0,0.0,0,0,582.0,-1.0,4,3,3,0,0.0,0.0,35.0,206.0,23.7,Warm
8339,1,8,6,1,0.0,0.0,0,0,582.0,-1.0,1,1,1,0,0.0,0.0,-1.0,155.0,20.5,Warm
8338,1,8,6,1,0.0,0.0,0,0,582.0,-1.0,1,0,0,0,0.0,0.0,-1.0,155.0,18.5,Cold
8337,1,8,0,1,0.0,0.0,0,0,582.0,-1.0,5,2,3,0,0.0,0.0,95.75,198.0,19.0,Cold
8336,1,8,0,1,0.0,0.0,0,0,582.0,-1.0,3,3,3,0,0.0,0.0,187.0,207.0,22.5,Warm
8335,1,8,0,1,0.0,0.0,0,0,582.0,-1.0,3,0,0,0,0.0,0.0,3.0,575.0,20.0,Cold
8334,1,8,0,1,0.0,0.0,0,0,582.0,-1.0,7,0,3,0,0.0,0.0,5.67,547.0,15.5,Cold
8333,1,8,0,1,0.0,0.0,0,0,582.0,-1.0,2,1,1,0,0.0,0.0,188.0,393.0,19.5,Cold
8332,1,8,0,1,0.0,0.0,0,0,582.0,-1.0,2,1,2,0,0.0,0.0,194.0,387.0,17.5,Cold
8330,1,8,0,1,0.0,0.0,0,0,582.0,-1.0,2,1,0,0,0.0,0.0,8.0,573.0,21.5,Warm
8329,1,8,0,1,0.0,0.0,0,0,582.0,-1.0,9,4,4,0,0.0,0.0,3.88,315.0,24.4,Warm
8328,1,8,0,0,0.0,0.0,0,1,383.0,-1.0,5,2,2,0,0.0,0.0,49.5,383.0,18.0,Cold
8327,1,8,0,1,0.0,0.0,0,0,582.0,-1.0,2,0,0,0,0.0,0.0,47.0,210.0,15.5,Cold
8326,2,8,6,1,0.0,0.0,0,0,568.0,-1.0,8,1,1,0,0.0,0.0,55.14,189.0,25.5,Warm
8325,1,8,6,1,0.0,0.0,0,0,582.0,-1.0,3,0,0,0,0.0,0.0,240.5,94.0,18.5,Cold
8324,1,8,0,0,0.0,0.0,0,1,575.0,-1.0,14,1,2,0,0.0,0.0,20.31,311.0,14.5,Cold
8323,1,8,0,0,0.0,0.0,0,1,575.0,-1.0,2,1,1,0,0.0,0.0,0.0,575.0,16.5,Cold
8322,1,8,0,1,0.0,0.0,0,0,581.0,-1.0,7,0,4,0,0.0,0.0,54.0,257.0,18.0,Cold
8321,1,8,0,1,0.0,0.0,0,0,582.0,-1.0,3,1,1,0,0.0,0.0,23.0,257.0,20.7,Warm
8320,1,8,0,1,0.0,0.0,0,0,575.0,-1.0,7,5,3,0,0.0,0.0,63.33,195.0,23.5,Warm
8319,1,8,0,1,0.0,0.0,0,0,547.0,-1.0,10,6,4,0,0.0,0.0,35.56,257.0,26.0,Warm
8318,1,8,0,0,0.0,0.0,0,1,582.0,-1.0,1,0,1,0,0.0,0.0,-1.0,582.0,13.0,Cold
8317,1,8,0,0,0.0,0.0,0,1,358.0,-1.0,1,0,1,0,0.0,0.0,-1.0,358.0,10.5,Cold
8316,1,8,0,0,0.0,0.0,0,1,575.0,-1.0,2,1,1,0,0.0,0.0,0.0,575.0,17.7,Cold
8315,2,8,0,1,0.0,0.0,0,0,351.0,-1.0,11,2,0,0,0.0,0.0,38.0,195.0,26.0,Warm
8314,1,8,0,0,0.0,0.0,0,1,568.0,-1.0,8,1,0,0,0.0,0.0,52.0,211.0,18.5,Cold
8313,1,8,0,0,0.0,0.0,0,1,582.0,-1.0,8,0,0,0,0.0,0.0,37.0,316.0,12.5,Cold
8312,1,8,0,0,0.0,0.0,0,1,575.0,-1.0,2,1,1,0,0.0,0.0,0.0,575.0,16.5,Cold
8311,1,8,0,0,0.0,0.0,0,1,582.0,-1.0,3,1,1,0,0.0,0.0,2.0,577.0,13.7,Cold
8310,1,8,0,1,0.0,0.0,0,0,568.0,-1.0,7,2,2,0,0.0,0.0,63.33,195.0,21.0,Warm
8309,1,8,0,1,0.0,0.0,0,0,575.0,-1.0,5,2,1,0,0.0,0.0,95.0,195.0,21.0,Warm
8308,1,8,0,1,0.0,0.0,0,0,582.0,-1.0,3,0,0,0,0.0,0.0,159.0,257.0,15.5,Cold
8307,1,8,6,1,0.0,0.0,0,0,575.0,-1.0,8,1,2,0,0.0,0.0,69.29,90.0,21.7,Warm
8306,1,8,0,1,0.0,0.0,0,0,310.0,-1.0,9,1,0,0,0.0,0.0,39.75,257.0,21.5,Warm
8305,1,8,0,0,0.0,0.0,0,1,575.0,-1.0,2,0,0,0,0.0,0.0,0.0,575.0,17.0,Cold
8304,1,8,0,0,0.0,0.0,0,1,582.0,-1.0,1,0,0,0,0.0,0.0,-1.0,582.0,15.0,Cold
8303,1,8,0,1,0.0,0.0,0,0,582.0,-1.0,1,0,0,0,0.0,0.0,-1.0,309.0,18.0,Cold
8302,1,8,0,1,0.0,0.0,0,0,325.0,-1.0,7,2,1,0,0.0,0.0,60.67,211.0,22.2,Warm
8301,1,8,0,1,0.0,0.0,0,0,572.0,-1.0,3,0,0,0,0.0,0.0,157.5,257.0,20.0,Cold
8300,1,8,6,1,0.0,0.0,0,0,345.0,-1.0,5,1,2,0,0.0,0.0,64.5,87.0,18.5,Cold
8299,1,8,0,1,0.0,0.0,0,0,572.0,-1.0,4,1,1,0,0.0,0.0,105.0,257.0,19.5,Cold
8298,1,8,0,0,0.0,0.0,0,1,582.0,-1.0,3,0,0,0,0.0,0.0,188.5,198.0,14.5,Cold
8297,1,8,0,1,0.0,0.0,0,0,582.0,-1.0,5,1,1,0,0.0,0.0,90.25,211.0,19.5,Cold
8296,1,8,0,0,0.0,0.0,0,1,562.0,-1.0,4,0,0,0,0.0,0.0,3.33,562.0,17.0,Cold
8295,1,8,0,1,0.0,0.0,0,0,582.0,-1.0,2,0,0,0,0.0,0.0,318.0,257.0,20.0,Cold
8294,1,8,0,0,0.0,0.0,0,1,582.0,-1.0,2,0,0,0,0.0,0.0,2.0,580.0,17.0,Cold
8293,1,8,0,1,0.0,0.0,0,0,582.0,-1.0,2,1,1,0,0.0,0.0,62.0,195.0,17.5,Cold
8289,1,8,0,1,0.0,0.0,0,0,582.0,-1.0,1,1,0,0,0.0,0.0,-1.0,553.0,19.5,Cold
8288,1,8,0,1,0.0,0.0,0,0,582.0,-1.0,2,0,0,0,0.0,0.0,6.0,561.0,21.0,Warm
8287,1,8,0,0,0.0,0.0,0,1,582.0,-1.0,1,1,1,0,0.0,0.0,-1.0,582.0,17.7,Cold
8286,1,8,0,1,0.0,0.0,0,0,345.0,-1.0,3,0,2,0,0.0,0.0,72.0,201.0,13.5,Cold
8285,1,8,0,0,0.0,0.0,0,1,582.0,-1.0,1,0,1,0,0.0,0.0,-1.0,582.0,12.5,Cold
8284,1,8,0,0,0.0,0.0,0,1,582.0,-1.0,2,0,1,0,0.0,0.0,57.0,525.0,12.5,Cold
8283,1,8,0,0,0.0,0.0,0,1,582.0,-1.0,1,1,1,0,0.0,0.0,-1.0,582.0,17.7,Cold
8282,1,8,0,0,0.0,0.0,0,1,582.0,-1.0,1,1,1,0,0.0,0.0,-1.0,582.0,17.7,Cold
8281,1,8,0,0,0.0,0.0,0,1,582.0,-1.0,4,0,0,0,0.0,0.0,44.33,198.0,12.5,Cold
8280,1,8,0,0,0.0,0.0,0,1,582.0,-1.0,1,0,0,0,0.0,0.0,-1.0,582.0,17.0,Cold
8279,1,8,0,1,0.0,0.0,0,0,582.0,-1.0,2,3,0,0,0.0,0.0,54.0,257.0,25.7,Warm
8278,1,8,0,0,0.0,0.0,0,1,582.0,-1.0,2,0,0,0,0.0,0.0,57.0,525.0,14.5,Cold
8277,1,8,0,0,0.0,0.0,0,1,582.0,-1.0,2,0,0,0,0.0,0.0,57.0,525.0,14.5,Cold
8276,1,8,0,0,0.0,0.0,0,1,582.0,-1.0,1,1,1,0,0.0,0.0,-1.0,582.0,17.7,Cold
8275,1,8,0,1,0.0,0.0,0,0,582.0,-1.0,3,1,1,0,0.0,0.0,53.0,197.0,19.5,Cold
8274,1,8,0,0,0.0,0.0,0,1,582.0,-1.0,3,2,2,0,0.0,0.0,1.0,580.0,19.2,Cold
8273,1,8,0,0,0.0,0.0,0,1,582.0,-1.0,1,0,0,0,0.0,0.0,-1.0,582.0,14.5,Cold
8272,1,8,0,0,0.0,0.0,0,1,582.0,-1.0,1,1,1,0,0.0,0.0,-1.0,582.0,17.7,Cold
8271,1,8,6,1,0.0,0.0,0,0,582.0,-1.0,3,0,1,0,0.0,0.0,34.5,188.0,16.5,Cold
8270,1,8,0,0,0.0,0.0,0,1,582.0,-1.0,1,1,0,0,0.0,0.0,-1.0,582.0,18.2,Cold
8269,1,8,0,0,0.0,0.0,0,1,582.0,-1.0,4,0,2,0,0.0,0.0,19.33,524.0,12.5,Cold
8268,1,8,0,0,0.0,0.0,0,1,582.0,-1.0,2,1,1,0,0.0,0.0,57.0,525.0,17.7,Cold
8267,1,8,0,0,0.0,0.0,0,1,582.0,-1.0,2,3,1,0,0.0,0.0,57.0,525.0,20.7,Warm
8265,1,8,0,0,0.0,0.0,0,1,582.0,-1.0,2,0,2,0,0.0,0.0,42.0,540.0,12.5,Cold
8264,1,8,0,0,0.0,0.0,0,1,582.0,-1.0,2,1,2,0,0.0,0.0,42.0,540.0,15.7,Cold
8263,1,8,0,0,0.0,0.0,0,1,582.0,-1.0,2,1,0,0,0.0,0.0,63.0,519.0,17.2,Cold
8262,1,8,0,0,0.0,0.0,0,1,582.0,-1.0,2,1,0,0,0.0,0.0,190.0,392.0,17.2,Cold
8261,1,8,0,1,0.0,0.0,0,0,582.0,-1.0,1,1,0,0,0.0,0.0,-1.0,582.0,20.2,Warm
8259,1,8,0,0,0.0,0.0,0,1,582.0,-1.0,4,1,0,0,0.0,0.0,60.67,210.0,16.5,Cold
8258,1,8,0,1,0.0,0.0,0,0,582.0,-1.0,2,1,0,0,0.0,0.0,189.0,393.0,22.7,Warm
8257,1,8,0,1,0.0,0.0,0,0,582.0,-1.0,3,2,1,0,0.0,0.0,162.0,258.0,22.2,Warm
8256,1,8,0,1,0.0,0.0,0,0,345.0,-1.0,4,1,2,0,0.0,0.0,47.67,202.0,15.5,Cold
8255,1,8,0,1,0.0,0.0,0,0,582.0,-1.0,2,1,0,0,0.0,0.0,189.0,393.0,20.2,Warm
8254,1,8,0,1,0.0,0.0,0,0,582.0,-1.0,2,2,1,0,0.0,0.0,189.0,393.0,22.2,Warm
8253,2,8,0,1,0.0,0.0,0,0,582.0,-1.0,2,1,0,0,0.0,0.0,62.0,520.0,23.2,Warm
8252,1,8,0,1,0.0,0.0,0,0,582.0,-1.0,1,1,0,0,0.0,0.0,-1.0,582.0,20.2,Warm
8251,1,8,0,1,0.0,0.0,0,0,582.0,-1.0,2,2,1,0,0.0,0.0,0.0,582.0,22.2,Warm
8250,1,8,6,1,0.0,0.0,0,0,582.0,-1.0,5,0,1,0,0.0,0.0,34.75,192.0,19.0,Cold
8249,1,8,0,1,0.0,0.0,0,0,582.0,-1.0,2,1,0,0,0.0,0.0,61.0,521.0,20.2,Warm
8248,1,8,0,1,0.0,0.0,0,0,582.0,-1.0,5,1,0,0,0.0,0.0,61.0,327.0,19.5,Cold
8247,1,8,0,0,0.0,0.0,0,1,582.0,-1.0,2,1,0,0,0.0,0.0,62.0,520.0,19.7,Cold
8246,1,8,0,1,0.0,0.0,0,0,582.0,-1.0,2,1,0,0,0.0,0.0,63.0,519.0,22.7,Warm
8244,1,8,0,1,0.0,0.0,0,0,582.0,-1.0,2,1,0,0,0.0,0.0,61.0,521.0,22.7,Warm
8243,2,8,6,1,0.0,0.0,0,0,582.0,-1.0,6,2,1,0,0.0,0.0,98.0,92.0,28.2,Warm
8242,2,8,0,1,0.0,0.0,0,0,339.0,-1.0,10,4,0,0,0.0,0.0,34.56,271.0,30.2,Warm
8241,1,8,0,1,0.0,0.0,0,0,582.0,-1.0,2,1,1,0,0.0,0.0,190.0,392.0,20.7,Warm
8240,1,8,0,1,0.0,0.0,0,0,582.0,-1.0,1,0,0,0,0.0,0.0,-1.0,330.0,18.0,Cold
8239,1,8,0,1,0.0,0.0,0,0,582.0,-1.0,3,2,0,0,0.0,0.0,96.0,390.0,25.4,Warm
8238,1,8,0,1,0.0,0.0,0,0,582.0,-1.0,4,4,2,0,0.0,0.0,64.67,388.0,26.4,Warm
8237,2,8,0,1,0.0,0.0,0,0,339.0,-1.0,5,3,2,0,0.0,0.0,60.75,339.0,26.7,Warm
8236,2,8,0,1,0.0,0.0,0,0,315.0,-1.0,7,4,1,0,0.0,0.0,44.5,315.0,28.2,Warm
8235,2,8,0,1,0.0,0.0,0,0,339.0,-1.0,5,1,0,0,0.0,0.0,60.75,339.0,25.7,Warm
8234,1,8,0,0,0.0,0.0,0,1,573.0,-1.0,5,6,1,0,0.0,0.0,4.0,566.0,28.8,Warm
8233,1,8,0,1,0.0,0.0,0,0,575.0,-1.0,10,9,1,0,0.0,0.0,42.0,204.0,38.0,Warm
8232,1,8,0,0,0.0,0.0,0,1,583.0,-1.0,1,1,0,0,0.0,0.0,-1.0,583.0,16.5,Cold
8231,1,8,0,1,0.0,0.0,0,0,342.0,-1.0,17,3,3,0,0.0,0.0,15.75,331.0,18.5,Cold
8230,1,8,0,0,0.0,0.0,0,1,360.0,-1.0,3,0,1,0,0.0,0.0,111.5,360.0,13.0,Cold
8229,1,8,0,0,0.0,0.0,0,1,583.0,-1.0,1,0,0,0,0.0,0.0,-1.0,583.0,15.0,Cold
8228,1,8,0,0,0.0,0.0,0,1,362.0,-1.0,6,0,1,0,0.0,0.0,44.2,362.0,15.0,Cold
8227,1,8,0,0,0.0,0.0,0,1,362.0,-1.0,6,1,0,0,0.0,0.0,44.2,362.0,18.5,Cold
8226,1,8,0,1,0.0,0.0,0,0,583.0,-1.0,3,0,0,0,0.0,0.0,154.5,272.0,18.5,Cold
8225,1,8,0,0,0.0,0.0,0,1,362.0,-1.0,10,2,0,0,0.0,0.0,24.33,362.0,20.0,Cold
8224,1,8,0,1,0.0,0.0,0,0,582.0,-1.0,4,0,0,0,0.0,0.0,86.33,324.0,20.0,Cold
8223,2,8,0,1,0.0,0.0,0,0,345.0,-1.0,30,7,2,0,0.0,0.0,10.72,272.0,32.7,Warm
8222,1,8,0,1,0.0,0.0,0,0,583.0,-1.0,3,2,0,0,0.0,0.0,129.5,324.0,23.0,Warm
8221,1,8,0,1,0.0,0.0,0,0,329.0,-1.0,3,0,0,0,0.0,0.0,127.0,329.0,20.0,Cold
8220,2,8,0,1,0.0,0.0,0,0,344.0,-1.0,23,7,1,0,0.0,0.0,12.95,296.0,34.5,Warm
8219,1,8,0,1,0.0,0.0,0,0,579.0,-1.0,10,6,1,0,0.0,0.0,28.56,324.0,30.0,Warm
8218,1,8,0,0,0.0,0.0,0,1,362.0,-1.0,8,1,0,0,0.0,0.0,31.29,362.0,18.5,Cold
8217,1,8,0,0,0.0,0.0,0,1,360.0,-1.0,7,4,1,0,0.0,0.0,36.83,360.0,21.0,Warm
8216,1,8,0,0,0.0,0.0,0,1,362.0,-1.0,15,3,6,0,0.0,0.0,15.64,362.0,23.1,Warm
8215,1,8,0,0,0.0,0.0,0,1,583.0,-1.0,2,2,2,0,0.0,0.0,0.0,581.0,17.2,Cold
8214,1,8,0,0,0.0,0.0,0,1,362.0,-1.0,6,0,3,0,0.0,0.0,43.8,362.0,15.0,Cold
8213,1,8,0,0,0.0,0.0,0,1,362.0,-1.0,8,1,3,0,0.0,0.0,31.29,362.0,17.7,Cold
8212,2,8,0,1,0.0,0.0,0,0,348.0,-1.0,12,5,1,0,0.0,0.0,28.18,271.0,28.5,Warm
8211,1,8,0,1,0.0,0.0,0,0,583.0,-1.0,5,1,2,0,0.0,0.0,64.25,324.0,19.5,Cold
8210,1,8,0,0,0.0,0.0,0,1,360.0,-1.0,5,0,3,0,0.0,0.0,55.25,360.0,13.0,Cold
8209,2,8,0,1,0.0,0.0,0,0,321.0,-1.0,17,5,0,0,0.0,0.0,18.94,278.0,33.5,Warm
8208,1,8,0,0,0.0,0.0,0,1,581.0,-1.0,4,0,0,0,0.0,0.0,1.67,576.0,17.0,Cold
8207,1,8,0,1,0.0,0.0,0,0,583.0,-1.0,3,2,2,0,0.0,0.0,128.5,324.0,18.5,Cold
8206,1,8,0,0,0.0,0.0,0,1,360.0,-1.0,5,1,1,0,0.0,0.0,55.75,360.0,16.5,Cold
8205,2,8,0,1,0.0,0.0,0,0,583.0,-1.0,8,8,0,0,0.0,0.0,41.14,295.0,36.0,Warm
8204,1,8,0,1,0.0,0.0,0,0,325.0,-1.0,6,1,2,0,0.0,0.0,60.8,279.0,19.5,Cold
8203,1,8,0,1,0.0,0.0,0,0,583.0,-1.0,4,4,2,0,0.0,0.0,86.33,324.0,25.2,Warm
8202,1,8,0,0,0.0,0.0,0,1,362.0,-1.0,10,1,2,0,0.0,0.0,24.56,362.0,16.5,Cold
8201,1,8,0,0,0.0,0.0,0,1,362.0,-1.0,6,1,2,0,0.0,0.0,44.2,362.0,16.5,Cold
8200,1,8,0,0,0.0,0.0,0,1,360.0,-1.0,4,0,2,0,0.0,0.0,74.33,360.0,13.0,Cold
8199,1,8,0,0,0.0,0.0,0,1,360.0,-1.0,10,2,4,0,0.0,0.0,24.78,360.0,16.0,Cold
8198,1,8,0,0,0.0,0.0,0,1,362.0,-1.0,5,0,3,0,0.0,0.0,55.25,362.0,15.0,Cold
8197,1,8,0,0,0.0,0.0,0,1,360.0,-1.0,6,0,2,0,0.0,0.0,44.6,360.0,13.0,Cold
8196,2,8,0,1,0.0,0.0,0,0,346.0,-1.0,19,8,5,0,0.0,0.0,16.89,279.0,33.0,Warm
8195,1,8,0,1,0.0,0.0,0,0,357.0,-1.0,13,5,2,0,0.0,0.0,23.83,297.0,28.5,Warm
8194,1,8,0,1,0.0,0.0,0,0,324.0,-1.0,6,0,0,0,0.0,0.0,51.8,324.0,20.0,Cold
8193,1,8,0,1,0.0,0.0,0,0,358.0,-1.0,2,0,1,0,0.0,0.0,225.0,358.0,16.0,Cold
8192,2,8,0,1,0.0,0.0,0,0,329.0,-1.0,4,2,0,0,0.0,0.0,96.0,295.0,26.0,Warm
8191,1,8,0,0,0.0,0.0,0,1,362.0,-1.0,5,0,0,0,0.0,0.0,55.25,362.0,17.0,Cold
8190,1,8,0,0,0.0,0.0,0,1,362.0,-1.0,6,1,0,0,0.0,0.0,44.2,362.0,19.7,Cold
8189,1,8,0,0,0.0,0.0,0,1,568.0,-1.0,6,1,0,0,0.0,0.0,3.0,568.0,18.5,Cold
8188,1,8,0,0,0.0,0.0,0,1,362.0,-1.0,3,0,0,0,0.0,0.0,110.5,362.0,15.0,Cold
8187,1,8,0,0,0.0,0.0,0,1,360.0,-1.0,5,1,2,0,0.0,0.0,55.75,360.0,14.5,Cold
8186,1,8,0,0,0.0,0.0,0,1,360.0,-1.0,8,0,0,0,0.0,0.0,31.86,360.0,17.0,Cold
8185,1,8,0,0,0.0,0.0,0,1,362.0,-1.0,3,0,0,0,0.0,0.0,110.5,362.0,17.0,Cold
8184,1,8,0,0,0.0,0.0,0,1,360.0,-1.0,7,1,0,0,0.0,0.0,37.17,360.0,19.7,Cold
8183,1,8,0,0,0.0,0.0,0,1,362.0,-1.0,3,0,0,0,0.0,0.0,110.5,362.0,12.5,Cold
8182,1,8,0,1,0.0,0.0,0,0,583.0,-1.0,6,2,3,0,0.0,0.0,62.2,272.0,20.2,Warm
8181,1,8,0,0,0.0,0.0,0,1,362.0,-1.0,15,3,1,0,0.0,0.0,15.79,362.0,22.5,Warm
8180,1,8,0,0,0.0,0.0,0,1,360.0,-1.0,6,0,1,0,0.0,0.0,44.6,360.0,15.0,Cold
8179,1,8,0,1,0.0,0.0,0,0,583.0,-1.0,4,1,0,0,0.0,0.0,102.33,276.0,21.5,Warm
8178,1,8,0,0,0.0,0.0,0,1,362.0,-1.0,2,0,0,0,0.0,0.0,221.0,362.0,15.0,Cold
8177,1,8,0,0,0.0,0.0,0,1,360.0,-1.0,6,0,1,0,0.0,0.0,44.6,360.0,15.0,Cold
8176,1,8,0,0,0.0,0.0,0,1,362.0,-1.0,8,1,1,0,0.0,0.0,31.57,362.0,16.5,Cold
8175,1,8,0,0,0.0,0.0,0,1,362.0,-1.0,7,0,1,0,0.0,0.0,36.83,362.0,15.0,Cold
8174,2,8,0,1,0.0,0.0,0,0,341.0,-1.0,17,1,1,0,0.0,0.0,19.0,279.0,22.5,Warm
8173,1,8,0,0,0.0,0.0,0,1,360.0,-1.0,7,0,1,0,0.0,0.0,37.17,360.0,15.0,Cold
8172,1,8,0,1,0.0,0.0,0,0,583.0,-1.0,4,7,1,0,0.0,0.0,86.33,324.0,31.5,Warm
8171,1,8,0,0,0.0,0.0,0,1,335.0,-1.0,21,6,3,0,0.0,0.0,14.35,296.0,20.0,Cold
8170,2,8,0,1,10.0,12.0,1,0,321.0,-1.0,8,3,0,0,0.0,12.0,37.43,321.0,31.5,Warm
8169,1,8,0,1,0.0,0.0,0,0,583.0,-1.0,4,1,1,0,0.0,0.0,102.33,276.0,18.0,Cold
8168,1,8,0,1,0.0,0.0,0,0,350.0,-1.0,6,0,2,0,0.0,0.0,46.6,350.0,16.0,Cold
8167,1,8,0,1,0.0,0.0,0,0,583.0,-1.0,3,0,0,0,0.0,0.0,152.5,278.0,17.5,Cold
8166,1,8,0,1,0.0,0.0,0,0,583.0,-1.0,5,8,0,0,0.0,0.0,64.75,324.0,32.0,Warm
8165,1,8,0,1,0.0,0.0,0,0,583.0,-1.0,3,2,1,0,0.0,0.0,152.5,278.0,19.5,Cold
8164,1,8,0,1,0.0,0.0,0,0,356.0,-1.0,6,1,1,0,0.0,0.0,77.0,198.0,19.5,Cold
8163,2,8,0,1,0.0,0.0,0,0,321.0,-1.0,19,10,1,0,0.0,0.0,16.89,279.0,36.0,Warm
8162,1,8,0,1,0.0,0.0,0,0,406.0,-1.0,7,2,0,0,0.0,0.0,47.67,297.0,23.0,Warm
8161,1,8,0,0,0.0,0.0,0,1,343.0,-1.0,10,0,4,0,0.0,0.0,27.11,339.0,13.0,Cold
8159,1,8,0,1,0.0,0.0,0,0,325.0,-1.0,5,0,1,0,0.0,0.0,77.75,272.0,16.5,Cold
8158,1,8,0,1,0.0,0.0,0,0,353.0,-1.0,4,2,1,0,0.0,0.0,76.67,353.0,21.0,Warm
8157,1,8,2,1,0.0,0.0,0,0,331.0,-1.0,29,4,6,1,197.0,0.0,19.21,45.0,24.0,Warm
8156,2,8,0,1,0.0,0.0,0,0,583.0,-1.0,4,0,0,0,0.0,0.0,1.0,580.0,23.0,Warm
8155,2,8,6,0,0.0,0.0,0,1,575.0,-1.0,15,5,2,1,161.0,0.0,38.21,48.0,32.7,Warm
8154,1,8,0,1,0.0,0.0,0,0,325.0,-1.0,4,0,2,0,0.0,0.0,86.0,325.0,18.0,Cold
8153,1,8,0,1,0.0,0.0,0,0,325.0,-1.0,4,0,0,0,0.0,0.0,101.67,278.0,16.0,Cold
8152,1,8,6,1,0.0,0.0,0,0,355.0,-1.0,7,0,0,0,162.0,0.0,65.5,190.0,23.0,Warm
8151,1,8,6,1,0.0,0.0,0,0,355.0,-1.0,8,1,3,0,6.0,0.0,56.14,190.0,18.5,Cold
8150,1,8,2,1,0.0,0.0,0,0,355.0,-1.0,5,1,2,0,45.0,0.0,98.25,190.0,17.7,Cold
8149,1,8,0,0,0.0,0.0,0,1,567.0,-1.0,4,0,0,0,0.0,0.0,13.67,542.0,17.0,Cold
8148,1,8,0,0,0.0,0.0,0,1,583.0,-1.0,2,0,0,0,0.0,0.0,16.0,567.0,14.5,Cold
8147,1,8,0,0,0.0,0.0,0,1,362.0,-1.0,3,0,0,0,0.0,0.0,110.5,362.0,14.5,Cold
8146,1,8,0,0,0.0,0.0,0,1,362.0,-1.0,5,2,0,0,0.0,0.0,55.25,362.0,21.2,Warm
8145,1,8,0,1,0.0,0.0,0,0,342.0,-1.0,10,4,3,0,0.0,0.0,33.78,279.0,21.2,Warm
8144,1,8,0,1,0.0,0.0,0,0,355.0,-1.0,4,1,0,0,0.0,0.0,129.0,196.0,22.7,Warm
8143,1,8,0,1,0.0,0.0,0,0,325.0,-1.0,5,0,2,0,0.0,0.0,76.25,278.0,16.0,Cold
8142,1,8,0,1,0.0,0.0,0,0,355.0,-1.0,8,0,6,0,0.0,0.0,43.57,278.0,14.0,Cold
8141,1,8,0,1,0.0,0.0,0,0,355.0,-1.0,6,1,1,0,0.0,0.0,45.6,355.0,19.5,Cold
8140,1,8,0,1,0.0,0.0,0,0,583.0,-1.0,2,1,0,0,0.0,0.0,113.0,279.0,20.0,Cold
8139,1,8,0,1,0.0,0.0,0,0,577.0,-1.0,5,0,0,0,0.0,0.0,64.5,323.0,20.0,Cold
8138,1,8,0,0,0.0,0.0,0,1,577.0,-1.0,8,4,2,0,0.0,0.0,0.86,577.0,23.4,Warm
8137,1,8,0,1,0.0,0.0,0,0,337.0,-1.0,11,3,6,0,0.0,0.0,26.8,315.0,20.5,Warm
8136,1,8,0,1,0.0,0.0,0,0,583.0,-1.0,7,0,3,0,0.0,0.0,52.0,271.0,16.5,Cold
8135,1,8,0,1,0.0,0.0,0,0,583.0,-1.0,5,1,0,0,0.0,0.0,64.5,323.0,17.5,Cold
8134,1,8,0,1,0.0,0.0,0,0,583.0,-1.0,2,0,0,0,0.0,0.0,252.0,329.0,18.0,Cold
8133,1,8,0,1,0.0,0.0,0,0,583.0,-1.0,2,0,0,0,0.0,0.0,252.0,329.0,18.0,Cold
8132,1,8,0,1,0.0,0.0,0,0,353.0,-1.0,3,0,1,0,0.0,0.0,114.0,353.0,14.0,Cold
8131,1,8,0,1,0.0,0.0,0,0,353.0,-1.0,3,0,1,0,0.0,0.0,114.0,353.0,14.0,Cold
8130,2,8,0,1,0.0,0.0,0,0,583.0,-1.0,6,6,0,0,0.0,0.0,48.0,343.0,33.0,Warm
8129,2,8,0,0,0.0,0.0,0,1,583.0,-1.0,8,9,0,0,0.0,0.0,33.29,350.0,33.0,Warm
8128,1,8,0,0,0.0,0.0,0,1,583.0,-1.0,3,1,0,0,0.0,0.0,38.5,506.0,16.5,Cold
8127,1,8,0,1,0.0,0.0,0,0,583.0,-1.0,2,0,0,0,0.0,0.0,254.0,329.0,18.0,Cold
8126,2,8,0,1,0.0,0.0,0,0,317.0,-1.0,24,7,1,0,0.0,0.0,13.09,282.0,34.5,Warm
8125,1,8,0,0,0.0,0.0,0,1,360.0,-1.0,3,2,0,0,0.0,0.0,113.0,360.0,18.0,Cold
8124,1,8,0,1,0.0,0.0,0,0,587.0,-1.0,6,0,1,0,0.0,0.0,51.0,332.0,18.0,Cold
8123,1,8,6,1,0.0,0.0,0,0,316.0,-1.0,19,1,0,0,0.0,0.0,30.17,44.0,24.5,Warm
8122,1,8,0,1,0.0,0.0,0,0,587.0,-1.0,1,0,0,0,0.0,0.0,-1.0,587.0,18.0,Cold
8121,1,8,0,1,0.0,0.0,0,0,587.0,-1.0,1,0,0,0,0.0,0.0,-1.0,587.0,18.0,Cold
8120,1,8,0,1,0.0,0.0,0,0,587.0,-1.0,1,0,0,0,0.0,0.0,-1.0,587.0,18.0,Cold
8119,1,8,0,1,0.0,0.0,0,0,587.0,-1.0,2,0,0,0,0.0,0.0,26.0,561.0,18.0,Cold
8118,1,8,0,0,0.0,0.0,0,1,360.0,-1.0,9,2,1,0,0.0,0.0,28.38,360.0,18.0,Cold
8117,1,8,0,0,0.0,0.0,0,1,360.0,-1.0,11,5,0,0,0.0,0.0,22.7,360.0,30.5,Warm
8116,1,8,0,1,0.0,0.0,0,0,353.0,-1.0,4,0,1,0,0.0,0.0,78.0,353.0,18.0,Cold
8115,1,8,0,1,0.0,0.0,0,0,342.0,-1.0,13,1,3,0,0.0,0.0,26.25,272.0,15.5,Cold
8114,1,8,0,1,0.0,0.0,0,0,353.0,-1.0,4,1,1,0,0.0,0.0,78.0,353.0,19.5,Cold
8113,1,8,0,1,0.0,0.0,0,0,353.0,-1.0,6,2,0,0,0.0,0.0,44.0,353.0,23.0,Warm
8112,1,8,0,1,0.0,0.0,0,0,353.0,-1.0,5,0,0,0,0.0,0.0,63.0,323.0,20.0,Cold
8111,1,8,0,0,0.0,0.0,0,1,342.0,-1.0,14,2,6,0,0.0,0.0,21.54,295.0,16.0,Cold
8110,1,8,0,1,0.0,0.0,0,0,345.0,-1.0,10,3,1,0,0.0,0.0,25.33,345.0,22.5,Warm
8109,1,8,0,1,0.0,0.0,0,0,353.0,-1.0,5,1,0,0,0.0,0.0,55.5,353.0,21.5,Warm
8108,1,8,2,0,0.0,0.0,0,1,356.0,-1.0,7,4,2,0,52.0,0.0,86.0,59.0,20.4,Warm
8107,1,8,0,1,0.0,0.0,0,0,343.0,-1.0,14,2,1,0,0.0,0.0,23.77,278.0,23.4,Warm
8106,1,8,0,1,0.0,0.0,0,0,353.0,-1.0,3,0,1,0,0.0,0.0,158.0,271.0,16.5,Cold
8105,1,8,0,1,0.0,0.0,0,0,353.0,-1.0,7,2,0,0,0.0,0.0,39.0,353.0,23.0,Warm
8104,1,8,0,1,0.0,0.0,0,0,353.0,-1.0,6,0,1,0,0.0,0.0,63.0,272.0,18.0,Cold
8103,2,8,0,1,0.0,0.0,0,0,279.0,-1.0,15,1,1,0,0.0,0.0,22.0,279.0,22.5,Warm
8102,1,8,0,1,0.0,0.0,0,0,587.0,-1.0,3,0,0,0,0.0,0.0,154.5,278.0,18.5,Cold
8101,2,8,0,1,0.0,0.0,0,0,351.0,-1.0,7,1,0,0,0.0,0.0,39.33,351.0,24.5,Warm
8100,1,8,0,1,0.0,0.0,0,0,587.0,-1.0,5,3,2,0,0.0,0.0,65.75,324.0,22.5,Warm
8099,1,8,0,1,0.0,0.0,0,0,353.0,-1.0,4,0,1,0,0.0,0.0,105.0,272.0,14.0,Cold
8098,1,8,0,1,0.0,0.0,0,0,341.0,-1.0,13,0,7,0,0.0,0.0,25.67,279.0,16.0,Cold
8097,1,8,0,1,0.0,0.0,0,0,353.0,-1.0,4,1,1,0,0.0,0.0,74.0,353.0,17.5,Cold
8096,1,8,0,1,0.0,0.0,0,0,356.0,-1.0,8,3,1,0,0.0,0.0,40.0,295.0,23.7,Warm
8095,1,8,0,1,0.0,0.0,0,0,343.0,-1.0,5,1,3,0,0.0,0.0,57.5,343.0,15.5,Cold
8094,1,8,0,1,0.0,0.0,0,0,287.0,-1.0,8,1,1,0,0.0,0.0,42.29,279.0,19.5,Cold
8093,1,8,0,1,0.0,0.0,0,0,353.0,-1.0,5,1,1,0,0.0,0.0,54.75,353.0,20.7,Warm
8092,1,8,0,0,0.0,0.0,0,1,353.0,-1.0,10,4,1,0,0.0,0.0,26.0,339.0,23.4,Warm
8091,1,8,0,1,0.0,0.0,0,0,353.0,-1.0,5,1,1,0,0.0,0.0,58.5,353.0,19.5,Cold
8090,1,8,6,1,0.0,0.0,0,0,587.0,-1.0,7,0,0,0,0.0,0.0,82.67,91.0,21.0,Warm
8089,1,8,0,1,0.0,0.0,0,0,586.0,-1.0,2,1,1,0,0.0,0.0,1.0,586.0,19.5,Cold
8088,1,8,6,1,0.0,0.0,0,0,587.0,-1.0,8,2,1,0,0.0,0.0,59.29,172.0,22.0,Warm
8087,1,8,0,0,0.0,0.0,0,1,587.0,-1.0,4,0,0,0,0.0,0.0,125.33,211.0,12.5,Cold
8086,1,8,0,1,0.0,0.0,0,0,586.0,-1.0,3,0,0,0,0.0,0.0,129.5,328.0,20.0,Cold
8085,1,8,6,1,0.0,0.0,0,0,586.0,-1.0,7,0,0,0,0.0,0.0,85.17,76.0,23.0,Warm
8084,1,8,6,1,0.0,0.0,0,0,307.0,-1.0,5,1,2,0,0.0,0.0,99.25,190.0,18.5,Cold
8083,1,8,0,1,0.0,0.0,0,0,587.0,-1.0,2,0,0,0,0.0,0.0,258.0,329.0,15.5,Cold
8082,1,8,0,1,0.0,0.0,0,0,587.0,-1.0,3,0,0,0,0.0,0.0,2.5,582.0,15.5,Cold
8081,1,8,0,0,0.0,0.0,0,1,587.0,-1.0,1,0,0,0,0.0,0.0,-1.0,587.0,12.5,Cold
8080,1,8,0,0,0.0,0.0,0,1,587.0,-1.0,1,0,0,0,0.0,0.0,-1.0,587.0,12.5,Cold
8079,1,8,0,1,0.0,0.0,0,0,587.0,-1.0,1,0,0,0,0.0,0.0,-1.0,587.0,15.5,Cold
8078,1,8,0,1,0.0,0.0,0,0,587.0,-1.0,2,1,0,0,0.0,0.0,0.0,587.0,21.5,Warm
8077,1,8,0,1,0.0,0.0,0,0,587.0,-1.0,3,0,0,0,0.0,0.0,31.0,525.0,20.0,Cold
8076,1,8,0,1,0.0,0.0,0,0,587.0,-1.0,1,0,0,0,0.0,0.0,-1.0,587.0,18.0,Cold
8075,1,8,0,1,0.0,0.0,0,0,579.0,-1.0,4,0,0,0,0.0,0.0,2.67,579.0,20.0,Cold
8074,1,8,0,1,0.0,0.0,0,0,587.0,-1.0,1,0,0,0,0.0,0.0,-1.0,587.0,18.0,Cold
8073,1,8,0,1,0.0,0.0,0,0,587.0,-1.0,3,0,0,0,0.0,0.0,0.0,587.0,20.0,Cold
8072,1,8,0,0,0.0,0.0,0,1,587.0,-1.0,4,0,0,0,0.0,0.0,23.33,502.0,12.5,Cold
8071,1,8,0,0,0.0,0.0,0,1,575.0,-1.0,9,1,1,0,0.0,0.0,45.75,209.0,16.5,Cold
8070,1,8,0,1,0.0,0.0,0,0,587.0,-1.0,4,0,1,0,0.0,0.0,122.67,207.0,16.0,Cold
8069,1,8,0,1,0.0,0.0,0,0,575.0,-1.0,5,0,0,0,0.0,0.0,80.0,255.0,20.0,Cold
8068,1,8,0,0,0.0,0.0,0,1,587.0,-1.0,1,0,0,0,0.0,0.0,-1.0,572.0,13.0,Cold
8067,1,8,0,0,0.0,0.0,0,1,587.0,-1.0,1,0,0,0,0.0,0.0,-1.0,572.0,12.5,Cold
8066,1,8,0,1,0.0,0.0,0,0,570.0,-1.0,9,2,1,0,0.0,0.0,45.62,207.0,21.0,Warm
8065,1,8,0,0,0.0,0.0,0,1,575.0,-1.0,3,1,0,0,0.0,0.0,0.0,575.0,19.7,Cold
8064,1,8,0,0,0.0,0.0,0,1,575.0,-1.0,2,2,1,0,0.0,0.0,0.0,575.0,20.4,Warm
8063,1,8,0,1,0.0,0.0,0,0,587.0,-1.0,3,0,2,0,0.0,0.0,116.5,339.0,12.0,Cold
8062,1,8,0,0,0.0,0.0,0,1,587.0,-1.0,1,0,0,0,0.0,0.0,-1.0,587.0,12.5,Cold
8061,1,8,6,1,0.0,0.0,0,0,587.0,-1.0,5,0,0,0,0.0,0.0,124.25,90.0,21.0,Warm
8060,1,8,0,0,0.0,0.0,0,1,587.0,-1.0,7,1,1,0,0.0,0.0,45.17,316.0,16.5,Cold
8059,1,8,6,1,0.0,0.0,0,0,587.0,-1.0,6,5,4,0,0.0,0.0,89.0,142.0,28.5,Warm
8058,1,8,6,1,0.0,0.0,0,0,587.0,-1.0,8,2,2,0,0.0,0.0,70.71,92.0,24.0,Warm
8057,1,8,0,1,0.0,0.0,0,0,587.0,-1.0,3,2,1,0,0.0,0.0,164.0,259.0,19.0,Cold
8056,1,8,0,0,0.0,0.0,0,1,587.0,-1.0,4,0,0,0,0.0,0.0,127.67,204.0,15.0,Cold
8055,1,8,0,0,0.0,0.0,0,1,587.0,-1.0,3,0,0,0,0.0,0.0,188.0,211.0,12.5,Cold
8054,1,8,0,0,0.0,0.0,0,1,587.0,-1.0,3,1,1,0,0.0,0.0,0.0,587.0,17.7,Cold
8053,1,8,0,0,0.0,0.0,0,1,587.0,-1.0,12,0,1,0,0.0,0.0,24.82,314.0,10.5,Cold
8052,1,8,0,1,0.0,0.0,0,0,587.0,-1.0,2,0,0,0,0.0,0.0,327.0,260.0,15.5,Cold
8051,1,8,6,1,0.0,0.0,0,0,337.0,-1.0,31,6,8,0,17.0,0.0,15.43,124.0,27.0,Warm
8050,1,8,0,1,0.0,0.0,0,0,353.0,-1.0,2,0,1,0,0.0,0.0,234.0,353.0,13.5,Cold
8049,1,8,0,1,0.0,0.0,0,0,341.0,-1.0,9,2,4,0,0.0,0.0,31.0,339.0,17.0,Cold
8048,1,8,0,0,0.0,0.0,0,1,360.0,-1.0,8,0,0,0,0.0,0.0,32.43,360.0,17.0,Cold
8047,1,8,0,0,0.0,0.0,0,1,360.0,-1.0,8,0,0,0,0.0,0.0,32.43,360.0,17.0,Cold
8046,2,8,0,1,0.0,0.0,0,0,347.0,-1.0,14,3,1,0,0.0,0.0,22.46,295.0,25.5,Warm
8045,1,8,0,1,0.0,0.0,0,0,353.0,-1.0,4,0,1,0,0.0,0.0,78.0,353.0,18.0,Cold
8044,1,8,0,1,0.0,0.0,0,0,343.0,-1.0,14,2,1,0,0.0,0.0,20.85,316.0,27.0,Warm
8043,1,8,0,1,0.0,0.0,0,0,303.0,-1.0,19,4,2,0,0.0,0.0,17.5,272.0,24.0,Warm
8042,1,8,0,1,0.0,0.0,0,0,353.0,-1.0,3,0,2,0,0.0,0.0,117.0,353.0,11.5,Cold
8041,1,8,0,1,0.0,0.0,0,0,337.0,-1.0,21,8,5,0,0.0,0.0,14.25,302.0,32.2,Warm
8040,2,8,0,1,0.0,0.0,0,0,572.0,-1.0,14,6,0,0,0.0,0.0,18.08,352.0,35.0,Warm
8039,1,8,0,1,0.0,0.0,0,0,587.0,-1.0,3,0,3,0,0.0,0.0,155.5,276.0,18.0,Cold
8038,1,8,0,1,0.0,0.0,0,0,335.0,-1.0,16,3,4,0,0.0,0.0,22.6,248.0,18.5,Cold
8037,1,8,0,1,0.0,0.0,0,0,353.0,-1.0,3,0,1,0,0.0,0.0,117.0,353.0,18.0,Cold
8036,1,8,0,1,0.0,0.0,0,0,342.0,-1.0,16,1,2,0,0.0,0.0,18.07,316.0,19.5,Cold
8035,1,8,0,1,0.0,0.0,0,0,587.0,-1.0,4,2,0,0,0.0,0.0,82.33,332.0,21.0,Warm
8034,1,8,0,1,0.0,0.0,0,0,587.0,-1.0,4,0,0,0,0.0,0.0,101.33,283.0,18.5,Cold
8033,1,8,0,1,0.0,0.0,0,0,356.0,-1.0,5,0,1,0,0.0,0.0,97.25,198.0,15.5,Cold
8032,2,8,0,1,0.0,0.0,0,0,342.0,-1.0,8,7,0,0,0.0,0.0,42.71,288.0,33.5,Warm
8031,1,8,0,1,0.0,0.0,0,0,353.0,-1.0,10,3,0,0,0.0,0.0,26.0,353.0,27.5,Warm
8030,1,8,0,1,0.0,0.0,0,0,343.0,-1.0,4,1,0,0,0.0,0.0,12.33,316.0,21.5,Warm
8029,1,8,0,1,0.0,0.0,0,0,335.0,-1.0,10,1,4,0,0.0,0.0,4.56,315.0,17.5,Cold
8028,1,8,0,1,0.0,0.0,0,0,348.0,-1.0,3,0,2,0,0.0,0.0,42.5,271.0,14.0,Cold
8027,1,8,0,1,0.0,0.0,0,0,348.0,-1.0,3,0,2,0,0.0,0.0,38.5,279.0,16.5,Cold
8026,1,8,0,1,0.0,0.0,0,0,587.0,-1.0,6,4,3,0,0.0,0.0,62.2,276.0,24.0,Warm
8025,1,8,0,1,0.0,0.0,0,0,348.0,-1.0,10,0,6,0,0.0,0.0,12.11,247.0,16.0,Cold
8024,1,8,0,1,0.0,0.0,0,0,348.0,-1.0,4,0,1,0,0.0,0.0,2.67,348.0,18.0,Cold
8023,1,8,0,1,0.0,0.0,0,0,334.0,-1.0,7,0,1,0,0.0,0.0,3.5,334.0,18.0,Cold
8022,1,8,0,1,0.0,0.0,0,0,341.0,-1.0,4,1,2,0,0.0,0.0,4.67,341.0,17.5,Cold
8021,1,8,0,0,0.0,0.0,0,1,355.0,-1.0,8,0,3,0,0.0,0.0,3.71,329.0,15.0,Cold
8020,1,8,0,1,0.0,0.0,0,0,345.0,-1.0,5,0,1,0,0.0,0.0,15.75,282.0,18.0,Cold
8019,1,8,0,1,0.0,0.0,0,0,345.0,-1.0,9,2,3,0,0.0,0.0,9.25,272.0,21.4,Warm
8018,1,8,0,1,0.0,0.0,0,0,339.0,-1.0,8,0,3,0,0.0,0.0,5.57,316.0,16.0,Cold
8017,1,8,0,1,0.0,0.0,0,0,355.0,-1.0,6,0,3,0,0.0,0.0,15.2,279.0,16.0,Cold
8016,1,8,0,1,0.0,0.0,0,0,355.0,-1.0,3,1,1,0,0.0,0.0,19.5,316.0,19.5,Cold
8015,1,8,0,1,0.0,0.0,0,0,355.0,-1.0,7,3,3,0,0.0,0.0,12.83,278.0,18.5,Cold
8014,1,8,0,0,0.0,0.0,0,1,360.0,-1.0,3,0,0,0,0.0,0.0,1.0,360.0,17.0,Cold
8013,1,8,0,0,0.0,0.0,0,1,360.0,-1.0,3,0,2,0,0.0,0.0,1.0,360.0,10.5,Cold
8012,1,8,0,0,0.0,0.0,0,1,360.0,-1.0,2,0,0,0,0.0,0.0,2.0,360.0,12.5,Cold
8011,1,8,0,0,0.0,0.0,0,1,360.0,-1.0,3,0,2,0,0.0,0.0,1.0,360.0,10.5,Cold
8010,1,8,0,0,0.0,0.0,0,1,360.0,-1.0,3,0,2,0,0.0,0.0,1.0,360.0,10.5,Cold
8009,1,8,0,0,0.0,0.0,0,1,587.0,-1.0,2,0,0,0,0.0,0.0,0.0,587.0,17.0,Cold
8008,1,8,6,1,0.0,0.0,0,0,587.0,-1.0,2,0,0,0,0.0,0.0,497.0,90.0,20.5,Warm
8007,1,8,0,1,0.0,0.0,0,0,587.0,-1.0,2,0,0,0,0.0,0.0,259.0,328.0,17.5,Cold
8006,1,8,0,1,0.0,0.0,0,0,328.0,-1.0,3,0,0,0,0.0,0.0,129.5,328.0,20.0,Cold
8005,1,8,0,1,0.0,0.0,0,0,325.0,-1.0,4,0,0,0,0.0,0.0,87.33,325.0,20.0,Cold
8004,1,8,0,1,0.0,0.0,0,0,587.0,-1.0,5,2,1,0,0.0,0.0,98.5,193.0,21.0,Warm
8003,1,8,0,1,0.0,0.0,0,0,328.0,-1.0,4,0,0,0,0.0,0.0,86.33,328.0,20.0,Cold
8002,1,8,0,1,0.0,0.0,0,0,329.0,-1.0,3,0,0,0,0.0,0.0,129.0,329.0,20.0,Cold
8001,1,8,6,1,0.0,0.0,0,0,587.0,-1.0,7,0,0,0,28.0,0.0,82.33,93.0,23.0,Warm
8000,1,8,0,1,0.0,0.0,0,0,587.0,-1.0,6,3,3,0,0.0,0.0,76.0,207.0,22.5,Warm
7999,1,8,6,1,0.0,0.0,0,0,587.0,-1.0,2,0,0,0,0.0,0.0,219.0,92.0,23.0,Warm
7998,1,8,0,1,0.0,0.0,0,0,587.0,-1.0,2,0,1,0,0.0,0.0,259.0,328.0,15.5,Cold
7997,1,8,6,1,0.0,0.0,0,0,587.0,-1.0,1,1,1,0,0.0,0.0,-1.0,155.0,20.5,Warm
7996,1,8,6,1,0.0,0.0,0,0,587.0,-1.0,3,0,0,0,0.0,0.0,32.0,91.0,18.5,Cold
7995,1,8,0,1,0.0,0.0,0,0,352.0,-1.0,3,0,0,0,0.0,0.0,46.0,260.0,20.0,Cold
7994,1,8,6,1,0.0,0.0,0,0,587.0,-1.0,1,1,1,0,0.0,0.0,-1.0,154.0,20.5,Warm
7993,1,8,6,1,0.0,0.0,0,0,587.0,-1.0,2,0,0,0,35.0,0.0,0.0,154.0,23.0,Warm
7991,1,8,6,1,0.0,0.0,0,0,587.0,-1.0,1,0,0,0,0.0,0.0,-1.0,154.0,18.5,Cold
7990,1,8,6,1,0.0,0.0,0,0,587.0,-1.0,1,1,1,0,0.0,0.0,-1.0,154.0,20.5,Warm
7989,1,8,6,1,0.0,0.0,0,0,355.0,-1.0,6,1,1,0,0.0,0.0,52.4,94.0,22.5,Warm
7988,1,8,6,1,0.0,0.0,0,0,587.0,-1.0,1,0,0,0,0.0,0.0,-1.0,154.0,18.5,Cold
7987,1,8,6,1,0.0,0.0,0,0,587.0,-1.0,2,0,0,0,47.0,0.0,0.0,154.0,23.0,Warm
7986,1,8,6,1,0.0,0.0,0,0,587.0,-1.0,2,1,1,0,23.0,0.0,0.0,154.0,22.5,Warm
7985,1,8,6,1,0.0,0.0,0,0,587.0,-1.0,1,0,0,0,0.0,0.0,-1.0,155.0,21.0,Warm
7984,1,8,0,1,0.0,0.0,0,0,587.0,-1.0,5,2,4,0,0.0,0.0,51.5,381.0,19.0,Cold
7983,1,8,0,1,0.0,0.0,0,0,380.0,-1.0,3,2,2,0,0.0,0.0,103.5,380.0,21.0,Warm
7982,1,8,0,1,0.0,0.0,0,0,587.0,-1.0,2,1,0,0,0.0,0.0,81.0,506.0,21.5,Warm
7981,1,8,0,1,0.0,0.0,0,0,587.0,-1.0,4,0,1,0,0.0,0.0,73.67,366.0,15.5,Cold
7980,1,8,0,1,0.0,0.0,0,0,587.0,-1.0,2,1,2,0,0.0,0.0,133.0,454.0,17.5,Cold
7979,1,8,2,1,0.0,0.0,0,0,380.0,-1.0,10,2,3,0,23.0,0.0,44.33,188.0,18.0,Cold
7978,1,8,6,1,0.0,0.0,0,0,357.0,-1.0,6,6,4,0,0.0,0.0,100.0,87.0,30.0,Warm
7977,1,8,0,1,0.0,0.0,0,0,587.0,-1.0,5,0,1,0,0.0,0.0,95.75,204.0,16.0,Cold
7976,1,8,0,1,0.0,0.0,0,0,587.0,-1.0,2,1,1,0,0.0,0.0,81.0,506.0,19.5,Cold
7975,1,8,0,1,0.0,0.0,0,0,587.0,-1.0,2,2,2,0,0.0,0.0,193.0,394.0,21.0,Warm
7974,1,8,0,1,0.0,0.0,0,0,587.0,-1.0,2,2,2,0,0.0,0.0,201.0,386.0,21.0,Warm
7973,1,8,0,1,0.0,0.0,0,0,587.0,-1.0,6,1,1,0,0.0,0.0,75.2,211.0,19.5,Cold
7972,1,8,0,1,0.0,0.0,0,0,334.0,-1.0,18,2,4,0,0.0,0.0,15.65,315.0,19.4,Cold
7971,1,8,0,1,0.0,0.0,0,0,353.0,-1.0,4,0,1,0,0.0,0.0,76.0,353.0,18.0,Cold
7970,1,8,0,1,0.0,0.0,0,0,353.0,-1.0,2,1,1,0,0.0,0.0,228.0,353.0,15.0,Cold
7969,1,8,0,1,0.0,0.0,0,0,353.0,-1.0,3,1,1,0,0.0,0.0,117.0,353.0,19.5,Cold
7968,1,8,0,1,0.0,0.0,0,0,587.0,-1.0,2,0,0,0,0.0,0.0,252.0,329.0,18.0,Cold
7967,1,8,0,1,0.0,0.0,0,0,353.0,-1.0,5,3,1,0,0.0,0.0,74.75,276.0,24.9,Warm
7966,1,8,0,1,0.0,0.0,0,0,353.0,-1.0,2,0,1,0,0.0,0.0,221.0,353.0,15.5,Cold
7965,1,8,6,0,0.0,0.0,0,1,356.0,-1.0,8,0,3,0,0.0,0.0,73.71,59.0,14.0,Cold
7964,1,8,6,0,0.0,0.0,0,1,356.0,-1.0,7,1,6,0,0.0,0.0,86.17,58.0,12.7,Cold
7963,1,8,0,1,0.0,0.0,0,0,355.0,-1.0,6,2,1,0,0.0,0.0,51.0,271.0,19.5,Cold
7962,2,8,0,1,0.0,0.0,0,0,578.0,-1.0,4,1,0,0,0.0,0.0,103.0,278.0,24.5,Warm
7961,1,8,0,1,0.0,0.0,0,0,395.0,-1.0,5,2,0,0,0.0,0.0,79.0,271.0,25.4,Warm
7960,1,8,0,1,0.0,0.0,0,0,355.0,-1.0,7,3,2,0,0.0,0.0,43.0,329.0,20.5,Warm
7959,1,8,0,1,0.0,0.0,0,0,355.0,-1.0,8,0,1,0,0.0,0.0,42.57,289.0,18.0,Cold
7958,2,8,0,1,0.0,0.0,0,0,349.0,-1.0,8,3,0,0,0.0,0.0,34.0,349.0,27.5,Warm
7957,1,8,0,1,0.0,0.0,0,0,355.0,-1.0,6,0,1,0,0.0,0.0,46.4,355.0,18.0,Cold
7956,1,8,0,1,0.0,0.0,0,0,348.0,-1.0,7,3,3,0,0.0,0.0,51.5,278.0,20.5,Warm
7955,2,8,0,1,0.0,0.0,0,0,348.0,-1.0,10,6,0,0,0.0,0.0,32.22,297.0,34.4,Warm
7954,1,8,0,1,0.0,0.0,0,0,355.0,-1.0,8,0,1,0,0.0,0.0,45.0,272.0,18.0,Cold
7953,1,8,0,1,0.0,0.0,0,0,334.0,-1.0,15,1,6,0,0.0,0.0,19.43,315.0,15.5,Cold
7952,1,8,0,1,0.0,0.0,0,0,587.0,-1.0,3,0,0,0,0.0,0.0,157.5,272.0,18.5,Cold
7951,1,8,0,1,0.0,0.0,0,0,587.0,-1.0,2,0,1,0,0.0,0.0,258.0,329.0,16.0,Cold
7950,1,8,0,1,0.0,0.0,0,0,334.0,-1.0,16,2,2,0,0.0,0.0,19.0,302.0,20.2,Warm
7949,1,8,0,1,0.0,0.0,0,0,355.0,-1.0,5,0,1,0,0.0,0.0,78.75,272.0,18.0,Cold
7948,1,8,0,1,0.0,0.0,0,0,355.0,-1.0,6,4,3,0,0.0,0.0,61.8,278.0,21.2,Warm
7947,1,8,0,0,0.0,0.0,0,1,587.0,-1.0,7,0,1,0,0.0,0.0,41.33,339.0,12.5,Cold
7946,2,8,0,1,0.0,0.0,0,0,562.0,-1.0,22,12,1,0,0.0,0.0,15.05,271.0,36.0,Warm
7945,1,8,0,1,0.0,0.0,0,0,355.0,-1.0,5,0,1,0,0.0,0.0,58.0,355.0,18.0,Cold
7944,2,8,0,1,0.0,0.0,0,0,570.0,-1.0,20,9,1,0,0.0,0.0,16.63,271.0,36.0,Warm
7943,2,8,0,1,0.0,0.0,0,0,332.0,-1.0,14,1,0,0,0.0,0.0,23.92,276.0,24.5,Warm
7942,1,8,0,1,0.0,0.0,0,0,334.0,-1.0,15,3,2,0,0.0,0.0,19.43,315.0,23.7,Warm
7941,1,8,0,1,0.0,0.0,0,0,325.0,-1.0,4,1,1,0,0.0,0.0,87.33,325.0,19.5,Cold
7940,1,8,0,1,0.0,0.0,0,0,590.0,-1.0,4,2,0,0,0.0,0.0,87.67,327.0,22.2,Warm
7939,1,8,0,1,0.0,0.0,0,0,348.0,-1.0,6,0,2,0,0.0,0.0,48.4,348.0,18.0,Cold
7938,1,8,0,1,0.0,0.0,0,0,590.0,-1.0,5,0,0,0,0.0,0.0,72.75,299.0,18.0,Cold
7937,1,8,0,1,0.0,0.0,0,0,590.0,-1.0,6,1,0,0,0.0,0.0,40.8,386.0,21.5,Warm
7936,1,8,6,1,0.0,0.0,0,0,590.0,-1.0,1,0,0,0,0.0,0.0,-1.0,155.0,18.5,Cold
7935,1,8,0,1,0.0,0.0,0,0,570.0,-1.0,9,1,0,0,0.0,0.0,32.0,316.0,21.5,Warm
7934,1,8,6,1,0.0,0.0,0,0,590.0,-1.0,1,0,0,0,0.0,0.0,-1.0,155.0,18.5,Cold
7933,1,8,0,1,0.0,0.0,0,0,342.0,-1.0,5,1,2,0,0.0,0.0,58.25,342.0,18.7,Cold
7932,1,8,0,1,0.0,0.0,0,0,590.0,-1.0,6,1,1,0,0.0,0.0,43.6,372.0,19.5,Cold
7931,1,8,0,1,0.0,0.0,0,0,590.0,-1.0,3,0,0,0,0.0,0.0,42.0,506.0,20.0,Cold
7930,1,8,0,1,0.0,0.0,0,0,590.0,-1.0,3,0,1,0,0.0,0.0,98.0,394.0,18.0,Cold
7929,1,8,0,1,0.0,0.0,0,0,590.0,-1.0,6,0,1,0,0.0,0.0,19.4,493.0,15.5,Cold
7928,1,8,6,1,0.0,0.0,0,0,590.0,-1.0,5,3,1,0,20.0,0.0,99.75,191.0,25.5,Warm
7927,1,8,0,1,0.0,0.0,0,0,590.0,-1.0,6,0,2,0,0.0,0.0,46.4,358.0,15.5,Cold
7926,1,8,0,1,0.0,0.0,0,0,357.0,-1.0,15,0,2,0,0.0,0.0,16.64,357.0,18.0,Cold
7925,1,8,0,0,0.0,0.0,0,1,572.0,-1.0,3,4,2,0,0.0,0.0,0.0,572.0,23.4,Warm
7924,1,8,0,1,0.0,0.0,0,0,590.0,-1.0,3,1,2,0,0.0,0.0,42.0,506.0,17.5,Cold
7923,1,8,0,1,0.0,0.0,0,0,357.0,-1.0,5,4,0,0,0.0,0.0,58.25,357.0,26.0,Warm
7922,1,8,0,1,0.0,0.0,0,0,341.0,-1.0,5,0,1,0,0.0,0.0,58.5,341.0,18.0,Cold
7921,1,8,0,1,0.0,0.0,0,0,590.0,-1.0,2,0,1,0,0.0,0.0,240.0,332.0,16.0,Cold
7920,1,8,0,1,0.0,0.0,0,0,590.0,-1.0,1,2,1,0,0.0,0.0,-1.0,590.0,21.0,Warm
7919,1,8,0,1,0.0,0.0,0,0,587.0,-1.0,3,1,1,0,0.0,0.0,133.0,324.0,19.5,Cold
7918,1,8,0,1,0.0,0.0,0,0,587.0,-1.0,2,2,0,0,0.0,0.0,3.0,587.0,23.0,Warm
7917,1,8,0,1,0.0,0.0,0,0,587.0,-1.0,6,1,4,0,0.0,0.0,55.0,315.0,18.7,Cold
7916,1,8,0,1,0.0,0.0,0,0,587.0,-1.0,4,2,2,0,0.0,0.0,91.67,315.0,21.0,Warm
7915,1,8,0,0,0.0,0.0,0,1,587.0,-1.0,5,0,2,0,0.0,0.0,65.5,328.0,15.0,Cold
7914,1,8,0,1,0.0,0.0,0,0,587.0,-1.0,6,1,4,0,0.0,0.0,54.8,316.0,18.7,Cold
7913,1,8,0,1,0.0,0.0,0,0,590.0,-1.0,4,0,0,0,0.0,0.0,127.67,207.0,16.5,Cold
7912,1,8,0,1,0.0,0.0,0,0,587.0,-1.0,6,1,1,0,0.0,0.0,52.2,329.0,19.5,Cold
7911,1,8,0,1,0.0,0.0,0,0,590.0,-1.0,2,1,0,0,0.0,0.0,262.0,328.0,19.2,Cold
7910,1,8,0,1,0.0,0.0,0,0,587.0,-1.0,6,1,2,0,0.0,0.0,55.0,315.0,18.7,Cold
7909,1,8,0,1,0.0,0.0,0,0,325.0,-1.0,6,0,4,0,0.0,0.0,62.2,279.0,14.5,Cold
7908,1,8,0,1,0.0,0.0,0,0,590.0,-1.0,4,2,2,0,0.0,0.0,88.67,324.0,19.0,Cold
7907,1,8,0,1,0.0,0.0,0,0,325.0,-1.0,8,1,2,0,0.0,0.0,37.86,325.0,17.5,Cold
7906,1,8,0,1,0.0,0.0,0,0,590.0,-1.0,5,0,2,0,0.0,0.0,79.75,271.0,16.5,Cold
7905,1,8,0,1,0.0,0.0,0,0,548.0,-1.0,4,2,1,0,0.0,0.0,88.67,324.0,22.2,Warm
7904,1,8,0,1,0.0,0.0,0,0,348.0,-1.0,8,2,3,0,0.0,0.0,44.86,276.0,19.0,Cold
7903,1,8,0,1,0.0,0.0,0,0,590.0,-1.0,2,1,2,0,0.0,0.0,25.0,565.0,13.5,Cold
7902,1,8,0,1,0.0,0.0,0,0,590.0,-1.0,15,7,5,0,0.0,0.0,20.79,299.0,29.5,Warm
7901,1,8,0,1,0.0,0.0,0,0,547.0,-1.0,6,0,1,0,0.0,0.0,52.6,327.0,18.0,Cold
7900,1,8,0,1,0.0,0.0,0,0,355.0,-1.0,9,0,4,0,0.0,0.0,29.38,355.0,16.0,Cold
7899,1,8,0,1,0.0,0.0,0,0,348.0,-1.0,11,6,0,0,0.0,0.0,25.8,332.0,30.2,Warm
7898,1,8,0,0,0.0,0.0,0,1,590.0,-1.0,5,0,0,0,0.0,0.0,5.25,569.0,12.5,Cold
7897,1,8,0,1,0.0,0.0,0,0,341.0,-1.0,7,5,1,0,0.0,0.0,41.5,341.0,27.9,Warm
7896,1,8,0,1,0.0,0.0,0,0,590.0,-1.0,4,0,1,0,0.0,0.0,23.0,521.0,16.0,Cold
7895,1,8,0,1,0.0,0.0,0,0,335.0,-1.0,14,1,7,0,0.0,0.0,21.15,315.0,18.7,Cold
7894,1,8,0,1,0.0,0.0,0,0,590.0,-1.0,3,0,0,0,0.0,0.0,124.0,324.0,16.0,Cold
7893,1,8,0,1,0.0,0.0,0,0,325.0,-1.0,5,0,0,0,0.0,0.0,73.5,279.0,20.0,Cold
7892,1,8,0,0,0.0,0.0,0,1,547.0,-1.0,6,1,0,0,0.0,0.0,50.6,320.0,18.5,Cold
7891,1,8,0,1,0.0,0.0,0,0,590.0,-1.0,4,0,1,0,0.0,0.0,86.33,331.0,13.5,Cold
7890,1,8,0,1,0.0,0.0,0,0,356.0,-1.0,11,4,1,0,43.0,0.0,39.2,198.0,24.0,Warm
7889,1,8,0,0,0.0,0.0,0,1,590.0,-1.0,2,1,1,0,0.0,0.0,13.0,577.0,13.7,Cold
7888,1,8,0,1,0.0,0.0,0,0,341.0,-1.0,6,2,2,0,0.0,0.0,49.8,341.0,21.0,Warm
7887,1,8,0,1,0.0,0.0,0,0,325.0,-1.0,10,0,1,0,0.0,0.0,35.44,271.0,18.0,Cold
7886,1,8,0,1,0.0,0.0,0,0,325.0,-1.0,9,2,1,0,0.0,0.0,38.88,279.0,21.0,Warm
7885,1,8,0,0,0.0,0.0,0,1,548.0,-1.0,8,4,1,0,0.0,0.0,6.0,548.0,23.4,Warm
7884,1,8,0,1,0.0,0.0,0,0,356.0,-1.0,21,13,0,0,0.0,0.0,15.55,279.0,32.0,Warm
7883,1,8,0,0,0.0,0.0,0,1,582.0,-1.0,3,0,1,0,0.0,0.0,4.0,582.0,15.0,Cold
7882,1,8,0,0,0.0,0.0,0,1,590.0,-1.0,2,0,1,0,0.0,0.0,8.0,582.0,13.0,Cold
7881,1,8,0,0,0.0,0.0,0,1,590.0,-1.0,2,0,0,0,0.0,0.0,8.0,582.0,17.0,Cold
7880,1,8,0,0,0.0,0.0,0,1,582.0,-1.0,8,0,0,0,0.0,0.0,41.86,297.0,17.0,Cold
7879,1,8,0,0,0.0,0.0,0,1,293.0,-1.0,4,0,1,0,0.0,0.0,99.0,293.0,15.0,Cold
7878,1,8,0,0,0.0,0.0,0,1,582.0,-1.0,4,0,0,0,0.0,0.0,98.67,294.0,17.0,Cold
7877,1,8,0,0,0.0,0.0,0,1,590.0,-1.0,2,0,1,0,0.0,0.0,8.0,582.0,13.0,Cold
7876,1,8,0,0,0.0,0.0,0,1,582.0,-1.0,3,0,0,0,0.0,0.0,4.0,582.0,17.0,Cold
7875,1,8,0,0,0.0,0.0,0,1,590.0,-1.0,2,0,0,0,0.0,0.0,8.0,582.0,12.5,Cold
7874,1,8,0,0,0.0,0.0,0,1,582.0,-1.0,4,1,1,0,0.0,0.0,2.67,582.0,16.5,Cold
7873,1,8,0,0,0.0,0.0,0,1,590.0,-1.0,2,0,1,0,0.0,0.0,8.0,582.0,13.0,Cold
7872,1,8,0,0,0.0,0.0,0,1,590.0,-1.0,2,0,0,0,0.0,0.0,70.0,520.0,15.0,Cold
7871,1,8,0,1,0.0,0.0,0,0,357.0,-1.0,3,3,0,0,0.0,0.0,109.5,357.0,24.5,Warm
7870,1,8,0,0,0.0,0.0,0,1,590.0,-1.0,3,1,1,0,0.0,0.0,45.0,500.0,15.7,Cold
7869,1,8,0,0,0.0,0.0,0,1,590.0,-1.0,2,0,0,0,0.0,0.0,70.0,520.0,15.0,Cold
7868,1,8,0,0,0.0,0.0,0,1,590.0,-1.0,6,0,1,0,0.0,0.0,61.6,282.0,15.0,Cold
7867,1,8,0,0,0.0,0.0,0,1,590.0,-1.0,3,2,2,0,0.0,0.0,35.0,520.0,19.2,Cold
7866,1,8,0,0,0.0,0.0,0,1,364.0,-1.0,4,0,0,0,0.0,0.0,75.33,364.0,17.0,Cold
7865,1,8,0,1,0.0,0.0,0,0,590.0,-1.0,5,2,0,0,41.0,0.0,97.75,199.0,23.0,Warm
7864,1,8,0,1,0.0,0.0,0,0,327.0,-1.0,9,0,2,0,0.0,0.0,42.88,247.0,16.0,Cold
7863,1,8,0,1,0.0,0.0,0,0,350.0,-1.0,6,2,2,0,0.0,0.0,68.4,248.0,21.0,Warm
7862,1,8,0,0,0.0,0.0,0,1,591.0,-1.0,8,1,4,0,0.0,0.0,42.14,296.0,14.5,Cold
7861,1,8,0,1,0.0,0.0,0,0,310.0,-1.0,6,1,0,0,0.0,0.0,56.2,310.0,21.5,Warm
7860,1,8,0,0,0.0,0.0,0,1,356.0,-1.0,4,1,1,0,0.0,0.0,78.33,356.0,16.5,Cold
7859,1,8,0,1,0.0,0.0,0,0,591.0,-1.0,7,1,3,0,0.0,0.0,57.17,248.0,17.5,Cold
7858,1,8,0,0,0.0,0.0,0,1,356.0,-1.0,8,1,1,0,0.0,0.0,33.57,356.0,16.5,Cold
7857,1,8,0,1,0.0,0.0,0,0,327.0,-1.0,7,2,1,0,0.0,0.0,57.33,247.0,21.0,Warm
7856,1,8,0,0,0.0,0.0,0,1,591.0,-1.0,6,1,1,0,0.0,0.0,47.6,353.0,16.5,Cold
7855,1,8,0,0,0.0,0.0,0,1,591.0,-1.0,4,0,2,0,0.0,0.0,8.67,565.0,13.0,Cold
7854,1,8,0,1,0.0,0.0,0,0,591.0,-1.0,6,0,3,0,0.0,0.0,55.0,316.0,18.0,Cold
7853,2,8,0,1,0.0,0.0,0,0,548.0,-1.0,10,7,3,0,0.0,0.0,34.67,279.0,30.5,Warm
7852,1,8,0,0,0.0,0.0,0,1,282.0,-1.0,21,6,6,0,0.0,0.0,15.45,282.0,24.4,Warm
7851,1,8,0,1,0.0,0.0,0,0,591.0,-1.0,4,4,0,0,0.0,0.0,65.67,394.0,27.2,Warm
7850,1,8,0,0,0.0,0.0,0,1,591.0,-1.0,4,1,3,0,0.0,0.0,8.67,565.0,12.5,Cold
7849,2,8,0,1,0.0,0.0,0,0,591.0,-1.0,11,4,4,0,0.0,0.0,31.5,276.0,23.5,Warm
7848,1,8,0,1,0.0,0.0,0,0,591.0,-1.0,4,0,1,0,0.0,0.0,89.0,324.0,16.0,Cold
7847,1,8,0,1,0.0,0.0,0,0,356.0,-1.0,4,0,2,0,0.0,0.0,128.67,205.0,13.5,Cold
7846,1,8,0,0,0.0,0.0,0,1,356.0,-1.0,6,1,2,0,0.0,0.0,47.0,356.0,16.5,Cold
7845,1,8,0,0,0.0,0.0,0,1,356.0,-1.0,15,3,6,0,0.0,0.0,21.14,295.0,19.5,Cold
7844,1,8,0,1,0.0,0.0,0,0,356.0,-1.0,7,5,2,0,0.0,0.0,65.5,198.0,23.5,Warm
7843,2,8,0,1,0.0,0.0,0,0,317.0,-1.0,16,3,0,0,0.0,0.0,18.27,317.0,30.5,Warm
7842,1,8,2,1,0.0,0.0,0,0,341.0,-1.0,18,9,8,0,0.0,0.0,31.18,61.0,25.0,Warm
7841,1,8,0,0,0.0,0.0,0,1,341.0,-1.0,6,2,3,0,0.0,0.0,50.0,341.0,15.2,Cold
7840,1,8,0,1,0.0,0.0,0,0,591.0,-1.0,5,0,2,0,0.0,0.0,75.5,289.0,16.0,Cold
7839,1,8,0,1,0.0,0.0,0,0,335.0,-1.0,13,0,6,0,0.0,0.0,23.0,315.0,16.0,Cold
7838,1,8,0,1,0.0,0.0,0,0,591.0,-1.0,2,1,1,0,0.0,0.0,70.0,521.0,19.5,Cold
7837,1,8,0,1,0.0,0.0,0,0,591.0,-1.0,8,5,4,0,0.0,0.0,28.57,391.0,25.5,Warm
7836,1,8,6,1,0.0,0.0,0,0,378.0,-1.0,7,3,3,0,0.0,0.0,66.33,193.0,23.5,Warm
7835,1,8,0,1,0.0,0.0,0,0,372.0,-1.0,7,3,2,0,0.0,0.0,36.5,372.0,22.5,Warm
7834,1,8,0,1,0.0,0.0,0,0,591.0,-1.0,2,3,2,0,0.0,0.0,102.0,489.0,22.5,Warm
7833,1,8,0,1,0.0,0.0,0,0,337.0,-1.0,8,3,2,0,0.0,0.0,44.57,279.0,20.5,Warm
7832,1,8,0,1,0.0,0.0,0,0,592.0,-1.0,3,1,0,0,0.0,0.0,1.0,590.0,19.5,Cold
7831,1,8,6,1,0.0,0.0,0,0,592.0,-1.0,3,1,1,0,0.0,0.0,34.0,87.0,20.5,Warm
7830,1,8,0,1,0.0,0.0,0,0,592.0,-1.0,3,1,0,0,0.0,0.0,98.5,394.0,21.5,Warm
7829,1,8,0,1,0.0,0.0,0,0,592.0,-1.0,8,0,0,0,0.0,0.0,56.14,198.0,17.5,Cold
7828,1,8,0,1,0.0,0.0,0,0,592.0,-1.0,1,1,0,0,0.0,0.0,-1.0,390.0,19.5,Cold
7827,2,8,0,1,700000.0,800000.0,1,0,592.0,-1.0,8,7,2,0,0.0,800000.0,56.14,198.0,32.5,Warm
7826,1,8,0,0,0.0,0.0,0,1,381.0,-1.0,8,1,2,0,0.0,0.0,55.29,204.0,14.5,Cold
7825,1,8,0,0,0.0,0.0,0,1,592.0,-1.0,7,0,3,0,0.0,0.0,63.5,210.0,12.5,Cold
7824,1,8,0,1,0.0,0.0,0,0,582.0,-1.0,7,1,2,0,0.0,0.0,57.33,247.0,17.5,Cold
7823,1,8,0,0,0.0,0.0,0,1,592.0,-1.0,4,0,0,0,0.0,0.0,91.33,317.0,13.0,Cold
7822,1,8,0,0,0.0,0.0,0,1,582.0,-1.0,6,0,0,0,0.0,0.0,53.2,325.0,17.0,Cold
7821,1,8,0,0,0.0,0.0,0,1,586.0,-1.0,6,1,1,0,0.0,0.0,58.2,300.0,17.7,Cold
7820,1,8,0,0,0.0,0.0,0,1,586.0,-1.0,5,0,1,0,0.0,0.0,72.75,300.0,15.0,Cold
7819,1,8,0,0,0.0,0.0,0,1,582.0,-1.0,4,0,0,0,0.0,0.0,88.67,325.0,17.0,Cold
7818,1,8,0,1,0.0,0.0,0,0,592.0,-1.0,6,0,0,0,0.0,0.0,53.2,325.0,18.0,Cold
7817,1,8,0,0,0.0,0.0,0,1,586.0,-1.0,4,1,2,0,0.0,0.0,97.0,300.0,14.5,Cold
7816,1,8,0,1,0.0,0.0,0,0,586.0,-1.0,3,0,1,0,0.0,0.0,133.0,325.0,18.0,Cold
7815,1,8,0,0,0.0,0.0,0,1,592.0,-1.0,3,1,1,0,0.0,0.0,145.5,300.0,17.7,Cold
7814,1,8,0,1,0.0,0.0,0,0,586.0,-1.0,5,1,2,0,0.0,0.0,86.0,247.0,17.5,Cold
7813,1,8,0,1,0.0,0.0,0,0,592.0,-1.0,6,0,2,0,0.0,0.0,68.6,248.0,13.5,Cold
7812,1,8,0,1,0.0,0.0,0,0,296.0,-1.0,7,4,2,0,0.0,0.0,57.33,248.0,22.0,Warm
7811,1,8,0,0,0.0,0.0,0,1,592.0,-1.0,4,1,3,0,0.0,0.0,97.0,300.0,15.7,Cold
7810,1,8,0,0,0.0,0.0,0,1,592.0,-1.0,4,0,3,0,0.0,0.0,98.0,297.0,10.5,Cold
7809,1,8,0,0,0.0,0.0,0,1,586.0,-1.0,5,0,0,0,0.0,0.0,67.5,321.0,17.0,Cold
7808,1,8,0,1,0.0,0.0,0,0,592.0,-1.0,6,0,2,0,0.0,0.0,68.6,248.0,13.5,Cold
7807,1,8,0,0,0.0,0.0,0,1,582.0,-1.0,4,1,1,0,0.0,0.0,89.0,325.0,16.5,Cold
7806,1,8,0,1,0.0,0.0,0,0,582.0,-1.0,5,1,1,0,0.0,0.0,79.25,275.0,22.5,Warm
7805,1,8,0,1,0.0,0.0,0,0,562.0,-1.0,11,2,1,0,0.0,0.0,31.7,275.0,24.0,Warm
7804,1,8,0,0,0.0,0.0,0,1,586.0,-1.0,4,1,1,0,0.0,0.0,91.33,318.0,16.5,Cold
7803,1,8,0,0,0.0,0.0,0,1,582.0,-1.0,9,2,5,0,0.0,0.0,36.5,300.0,17.2,Cold
7802,1,8,0,0,0.0,0.0,0,1,586.0,-1.0,4,2,2,0,0.0,0.0,97.33,300.0,19.2,Cold
7801,1,8,0,0,0.0,0.0,0,1,586.0,-1.0,3,1,1,0,0.0,0.0,133.5,325.0,16.5,Cold
7800,1,8,0,1,0.0,0.0,0,0,582.0,-1.0,8,3,1,0,0.0,0.0,41.71,300.0,23.7,Warm
7799,1,8,0,0,0.0,0.0,0,1,586.0,-1.0,11,2,3,0,0.0,0.0,27.1,321.0,18.0,Cold
7798,1,8,0,1,0.0,0.0,0,0,582.0,-1.0,6,1,3,0,0.0,0.0,53.4,325.0,17.5,Cold
7797,1,8,0,1,0.0,0.0,0,0,325.0,-1.0,10,1,0,0,0.0,0.0,34.89,278.0,21.5,Warm
7796,1,8,0,1,0.0,0.0,0,0,325.0,-1.0,10,1,2,0,0.0,0.0,34.89,278.0,19.5,Cold
7795,1,8,0,1,0.0,0.0,0,0,548.0,-1.0,8,2,2,0,0.0,0.0,38.29,324.0,22.2,Warm
7794,1,8,0,1,0.0,0.0,0,0,325.0,-1.0,7,0,2,0,0.0,0.0,53.33,272.0,18.0,Cold
7793,1,8,0,1,0.0,0.0,0,0,356.0,-1.0,11,0,0,1,194.0,0.0,39.4,198.0,25.0,Warm
7792,1,8,0,0,0.0,0.0,0,1,341.0,-1.0,15,1,5,0,0.0,0.0,18.86,328.0,14.5,Cold
7791,1,8,0,1,0.0,0.0,0,0,592.0,-1.0,4,0,0,0,0.0,0.0,89.0,325.0,18.0,Cold
7790,1,8,0,1,0.0,0.0,0,0,591.0,-1.0,3,1,0,0,0.0,0.0,0.5,591.0,21.5,Warm
7789,2,8,0,1,0.0,0.0,0,0,278.0,-1.0,10,0,0,0,0.0,0.0,34.89,278.0,23.0,Warm
7788,1,8,0,1,0.0,0.0,0,0,591.0,-1.0,10,3,3,0,0.0,0.0,28.11,339.0,23.5,Warm
7787,1,8,0,1,0.0,0.0,0,0,345.0,-1.0,9,2,1,0,0.0,0.0,40.0,272.0,23.4,Warm
7786,1,8,0,0,0.0,0.0,0,1,592.0,-1.0,2,0,0,0,0.0,0.0,30.0,562.0,15.0,Cold
7785,1,8,0,1,0.0,0.0,0,0,567.0,-1.0,6,2,1,0,0.0,0.0,53.6,324.0,23.4,Warm
7784,1,8,0,1,0.0,0.0,0,0,587.0,-1.0,4,1,1,0,0.0,0.0,89.33,324.0,20.7,Warm
7783,1,8,0,0,0.0,0.0,0,1,587.0,-1.0,4,1,1,0,0.0,0.0,24.0,520.0,17.7,Cold
7782,1,8,0,1,0.0,0.0,0,0,334.0,-1.0,21,4,4,0,0.0,0.0,17.2,248.0,22.4,Warm
7781,1,8,0,1,0.0,0.0,0,0,356.0,-1.0,6,0,2,0,0.0,0.0,78.8,198.0,16.0,Cold
7780,1,8,0,1,0.0,0.0,0,0,356.0,-1.0,5,1,2,0,0.0,0.0,98.5,198.0,18.7,Cold
7779,1,8,0,1,0.0,0.0,0,0,350.0,-1.0,11,4,3,0,0.0,0.0,27.6,316.0,23.6,Warm
7778,1,8,2,0,0.0,0.0,0,1,356.0,-1.0,8,5,2,0,34.0,0.0,76.14,59.0,24.3,Warm
7777,1,8,0,1,0.0,0.0,0,0,356.0,-1.0,11,1,6,0,0.0,0.0,31.6,276.0,20.7,Warm
7776,1,8,2,0,0.0,0.0,0,1,334.0,-1.0,15,4,4,0,50.0,0.0,38.14,58.0,18.0,Cold
7775,1,8,0,1,0.0,0.0,0,0,592.0,-1.0,3,0,0,0,0.0,0.0,99.0,394.0,18.0,Cold
7774,1,8,0,1,0.0,0.0,0,0,341.0,-1.0,8,4,1,0,0.0,0.0,35.86,341.0,25.2,Warm
7773,1,8,0,0,0.0,0.0,0,1,592.0,-1.0,3,0,0,0,0.0,0.0,0.5,591.0,15.0,Cold
7772,1,8,0,0,0.0,0.0,0,1,582.0,-1.0,7,0,0,0,0.0,0.0,1.67,582.0,17.0,Cold
7771,1,8,0,1,0.0,0.0,0,0,592.0,-1.0,3,0,0,0,0.0,0.0,172.5,247.0,18.0,Cold
7770,1,8,0,0,0.0,0.0,0,1,582.0,-1.0,3,0,0,0,0.0,0.0,5.0,582.0,17.0,Cold
7769,2,8,0,1,0.0,0.0,0,0,357.0,-1.0,12,2,1,0,0.0,0.0,28.82,275.0,24.0,Warm
7768,1,8,0,1,0.0,0.0,0,0,582.0,-1.0,7,1,1,0,0.0,0.0,14.33,506.0,19.5,Cold
7767,1,8,0,0,0.0,0.0,0,1,293.0,-1.0,8,0,0,0,0.0,0.0,42.71,293.0,17.0,Cold
7766,1,8,0,0,0.0,0.0,0,1,569.0,-1.0,7,2,2,0,0.0,0.0,3.83,569.0,18.0,Cold
7765,1,8,0,0,0.0,0.0,0,1,582.0,-1.0,5,0,0,0,0.0,0.0,2.5,582.0,17.0,Cold
7764,1,8,2,0,0.0,0.0,0,1,587.0,-1.0,6,2,3,0,0.0,0.0,109.6,44.0,16.2,Cold
7763,1,8,0,1,0.0,0.0,0,0,587.0,-1.0,4,3,0,0,0.0,0.0,89.33,324.0,25.7,Warm
7762,2,8,0,1,0.0,0.0,0,0,339.0,-1.0,12,3,1,0,0.0,0.0,23.0,339.0,27.9,Warm
7761,1,8,0,1,0.0,0.0,0,0,587.0,-1.0,6,0,2,0,0.0,0.0,59.2,296.0,16.0,Cold
7760,1,8,0,1,0.0,0.0,0,0,587.0,-1.0,10,0,3,0,0.0,0.0,30.67,316.0,18.0,Cold
7759,1,8,0,1,0.0,0.0,0,0,587.0,-1.0,4,1,1,0,0.0,0.0,89.33,324.0,20.7,Warm
7758,1,8,0,1,0.0,0.0,0,0,341.0,-1.0,17,3,10,0,0.0,0.0,17.19,317.0,20.5,Warm
7757,2,8,0,1,0.0,0.0,0,0,593.0,-1.0,7,2,0,0,0.0,0.0,49.67,295.0,24.0,Warm
7756,1,8,0,1,0.0,0.0,0,0,356.0,-1.0,15,1,0,0,0.0,0.0,28.21,198.0,24.5,Warm
7755,2,8,0,1,0.0,0.0,0,0,593.0,-1.0,8,2,0,0,0.0,0.0,45.0,278.0,24.5,Warm
7754,1,8,0,1,0.0,0.0,0,0,356.0,-1.0,11,4,1,0,0.0,0.0,39.5,198.0,24.0,Warm
7753,1,8,0,1,0.0,0.0,0,0,593.0,-1.0,4,2,0,0,0.0,0.0,105.67,276.0,21.5,Warm
7752,1,8,6,1,0.0,0.0,0,0,356.0,-1.0,16,1,0,1,282.0,0.0,35.67,58.0,33.7,Warm
7751,1,8,0,1,0.0,0.0,0,0,593.0,-1.0,6,0,0,0,0.0,0.0,62.8,279.0,18.5,Cold
7750,2,8,0,1,0.0,0.0,0,0,579.0,-1.0,11,2,1,0,0.0,0.0,31.5,278.0,24.0,Warm
7749,1,8,0,1,0.0,0.0,0,0,593.0,-1.0,7,1,0,0,0.0,0.0,52.33,279.0,20.0,Cold
7748,1,8,0,1,0.0,0.0,0,0,356.0,-1.0,4,0,1,0,0.0,0.0,79.0,356.0,16.0,Cold
7747,2,8,0,1,0.0,0.0,0,0,314.0,-1.0,11,4,0,0,0.0,0.0,27.9,314.0,29.0,Warm
7746,2,8,0,1,0.0,0.0,0,0,351.0,-1.0,22,4,1,0,0.0,0.0,11.52,351.0,31.0,Warm
7745,1,8,0,1,0.0,0.0,0,0,548.0,-1.0,30,2,3,0,0.0,0.0,11.07,272.0,22.0,Warm
7744,1,8,0,0,0.0,0.0,0,1,356.0,-1.0,7,0,3,0,0.0,0.0,43.67,331.0,10.5,Cold
7743,1,8,0,1,0.0,0.0,0,0,279.0,-1.0,10,0,1,0,0.0,0.0,34.89,279.0,18.0,Cold
7742,1,8,0,1,0.0,0.0,0,0,593.0,-1.0,5,1,0,0,0.0,0.0,80.5,271.0,20.0,Cold
7741,1,8,0,0,0.0,0.0,0,1,593.0,-1.0,3,0,1,0,0.0,0.0,117.5,358.0,12.5,Cold
7740,1,8,0,0,0.0,0.0,0,1,357.0,-1.0,3,0,0,0,0.0,0.0,109.0,357.0,17.0,Cold
7739,1,8,0,0,0.0,0.0,0,1,355.0,-1.0,5,0,2,0,0.0,0.0,55.0,355.0,15.0,Cold
7738,1,8,0,0,0.0,0.0,0,1,355.0,-1.0,10,1,4,0,0.0,0.0,28.78,316.0,14.5,Cold
7737,1,8,0,0,0.0,0.0,0,1,591.0,-1.0,3,1,1,0,0.0,0.0,131.5,330.0,16.5,Cold
7736,1,8,0,0,0.0,0.0,0,1,593.0,-1.0,3,0,2,0,0.0,0.0,117.5,358.0,12.5,Cold
7735,1,8,0,1,0.0,0.0,0,0,341.0,-1.0,12,5,5,0,0.0,0.0,31.36,248.0,23.5,Warm
7734,1,8,0,1,0.0,0.0,0,0,352.0,-1.0,16,1,9,0,0.0,0.0,23.0,248.0,17.5,Cold
7733,1,8,0,0,0.0,0.0,0,1,593.0,-1.0,4,0,2,0,0.0,0.0,91.0,320.0,11.0,Cold
7732,1,8,0,0,0.0,0.0,0,1,593.0,-1.0,6,0,1,0,0.0,0.0,55.4,316.0,13.0,Cold
7731,1,8,6,1,0.0,0.0,0,0,587.0,-1.0,7,1,2,0,0.0,0.0,83.5,92.0,20.5,Warm
7730,1,8,0,0,0.0,0.0,0,1,587.0,-1.0,4,0,0,0,0.0,0.0,92.33,316.0,17.0,Cold
7728,1,8,0,0,0.0,0.0,0,1,593.0,-1.0,1,0,0,0,0.0,0.0,-1.0,593.0,13.5,Cold
7727,1,8,0,1,0.0,0.0,0,0,593.0,-1.0,6,0,1,0,0.0,0.0,64.2,272.0,14.5,Cold
7726,1,8,0,1,0.0,0.0,0,0,561.0,-1.0,8,2,2,0,0.0,0.0,40.43,310.0,19.0,Cold
7725,1,8,0,1,0.0,0.0,0,0,278.0,-1.0,6,1,0,0,0.0,0.0,64.4,271.0,21.5,Warm
7724,1,8,0,1,0.0,0.0,0,0,593.0,-1.0,4,0,0,0,0.0,0.0,97.67,300.0,18.0,Cold
7723,1,8,0,1,0.0,0.0,0,0,593.0,-1.0,5,1,1,0,0.0,0.0,74.5,271.0,18.0,Cold
7722,1,8,0,1,0.0,0.0,0,0,348.0,-1.0,3,0,1,0,0.0,0.0,116.5,348.0,18.0,Cold
7721,1,8,0,1,0.0,0.0,0,0,332.0,-1.0,7,0,0,0,0.0,0.0,49.83,276.0,20.0,Cold
7720,2,8,0,1,0.0,0.0,0,0,314.0,-1.0,13,7,1,0,0.0,0.0,24.92,276.0,32.7,Warm
7719,1,8,0,1,0.0,0.0,0,0,316.0,-1.0,8,1,1,0,0.0,0.0,37.0,316.0,20.7,Warm
7718,1,8,6,1,0.0,0.0,0,0,332.0,-1.0,7,1,0,0,0.0,0.0,65.17,190.0,24.5,Warm
7717,1,8,0,1,0.0,0.0,0,0,593.0,-1.0,6,0,1,0,0.0,0.0,70.6,217.0,16.5,Cold
7716,2,8,0,1,0.0,0.0,0,0,349.0,-1.0,8,1,0,0,0.0,0.0,32.29,349.0,24.5,Warm
7715,2,8,0,1,0.0,0.0,0,0,283.0,-1.0,15,3,0,0,0.0,0.0,20.86,283.0,27.5,Warm
7714,1,8,0,1,0.0,0.0,0,0,348.0,-1.0,3,0,0,0,0.0,0.0,110.5,348.0,16.0,Cold
7713,1,8,0,1,0.0,0.0,0,0,593.0,-1.0,6,0,1,0,0.0,0.0,62.0,283.0,16.5,Cold
7712,1,8,0,0,0.0,0.0,0,1,360.0,-1.0,7,2,1,0,0.0,0.0,35.83,360.0,18.0,Cold
7708,1,8,0,1,0.0,0.0,0,0,587.0,-1.0,4,1,2,0,0.0,0.0,2.33,587.0,18.7,Cold
7707,1,8,0,1,0.0,0.0,0,0,288.0,-1.0,13,4,0,0,0.0,0.0,28.67,247.0,28.4,Warm
7706,1,8,0,0,0.0,0.0,0,1,594.0,-1.0,5,0,4,0,0.0,0.0,74.0,297.0,13.0,Cold
7705,1,8,0,0,0.0,0.0,0,1,591.0,-1.0,3,0,0,0,0.0,0.0,134.0,325.0,17.0,Cold
7704,1,8,0,0,0.0,0.0,0,1,594.0,-1.0,4,0,3,0,0.0,0.0,92.0,317.0,10.5,Cold
7703,1,8,0,1,0.0,0.0,0,0,591.0,-1.0,5,1,1,0,0.0,0.0,86.25,248.0,19.5,Cold
7702,1,8,0,0,0.0,0.0,0,1,594.0,-1.0,4,0,1,0,0.0,0.0,91.0,320.0,13.0,Cold
7701,1,8,0,0,0.0,0.0,0,1,591.0,-1.0,4,2,2,0,0.0,0.0,89.33,325.0,16.0,Cold
7700,1,8,0,0,0.0,0.0,0,1,594.0,-1.0,1,0,1,0,0.0,0.0,-1.0,593.0,11.0,Cold
7699,1,8,0,1,0.0,0.0,0,0,591.0,-1.0,3,1,1,0,0.0,0.0,134.5,324.0,19.5,Cold
7698,1,8,0,1,0.0,0.0,0,0,594.0,-1.0,4,1,0,0,0.0,0.0,105.33,278.0,20.0,Cold
7696,1,8,0,1,0.0,0.0,0,0,352.0,-1.0,9,5,6,0,0.0,0.0,37.12,297.0,27.1,Warm
7695,1,8,0,1,0.0,0.0,0,0,348.0,-1.0,6,2,0,0,0.0,0.0,49.2,348.0,23.0,Warm
7694,1,8,0,0,0.0,0.0,0,1,594.0,-1.0,3,0,0,0,0.0,0.0,121.5,351.0,17.0,Cold
7693,1,8,6,1,0.0,0.0,0,0,179.0,-1.0,18,2,0,0,0.0,0.0,24.41,179.0,27.2,Warm
7692,1,8,0,1,0.0,0.0,0,0,594.0,-1.0,1,0,0,0,0.0,0.0,-1.0,594.0,18.0,Cold
7691,1,8,0,0,0.0,0.0,0,1,590.0,-1.0,5,1,1,0,0.0,0.0,13.0,542.0,16.5,Cold
7690,1,8,0,1,0.0,0.0,0,0,594.0,-1.0,1,0,0,0,0.0,0.0,-1.0,594.0,18.0,Cold
7689,1,8,0,1,0.0,0.0,0,0,594.0,-1.0,2,0,0,0,0.0,0.0,4.0,590.0,18.0,Cold
7688,1,8,0,1,0.0,0.0,0,0,594.0,-1.0,3,1,0,0,0.0,0.0,34.5,525.0,19.5,Cold
7687,1,8,6,1,0.0,0.0,0,0,190.0,-1.0,38,11,1,1,279.0,0.0,14.65,52.0,45.8,Interested
7686,1,8,0,1,0.0,0.0,0,0,594.0,-1.0,2,0,0,0,0.0,0.0,3.0,591.0,15.5,Cold
7685,1,8,0,1,0.0,0.0,0,0,349.0,-1.0,14,6,7,0,0.0,0.0,22.92,296.0,25.0,Warm
7684,1,8,0,1,0.0,0.0,0,0,296.0,-1.0,6,0,4,0,0.0,0.0,59.6,296.0,16.0,Cold
7683,1,8,0,0,0.0,0.0,0,1,594.0,-1.0,1,0,0,0,0.0,0.0,-1.0,594.0,15.0,Cold
7682,1,8,0,0,0.0,0.0,0,1,579.0,-1.0,15,3,0,0,0.0,0.0,19.5,321.0,24.5,Warm
7681,1,8,0,1,0.0,0.0,0,0,593.0,-1.0,4,2,0,0,0.0,0.0,98.33,299.0,23.0,Warm
7680,1,8,0,1,0.0,0.0,0,0,348.0,-1.0,14,5,4,0,0.0,0.0,22.69,299.0,25.9,Warm
7679,1,8,0,1,0.0,0.0,0,0,352.0,-1.0,7,3,2,0,0.0,0.0,46.33,316.0,22.5,Warm
7678,2,8,0,0,0.0,0.0,0,1,359.0,-1.0,10,0,1,0,0.0,0.0,26.11,359.0,18.0,Cold
7677,1,8,0,1,0.0,0.0,0,0,276.0,-1.0,4,0,0,0,0.0,0.0,106.0,276.0,20.0,Cold
7676,1,8,0,1,0.0,0.0,0,0,594.0,-1.0,5,0,0,0,0.0,0.0,74.75,295.0,18.0,Cold
7675,1,8,0,0,0.0,0.0,0,1,378.0,-1.0,4,1,1,0,0.0,0.0,72.0,378.0,16.5,Cold
7674,1,8,0,0,0.0,0.0,0,1,586.0,-1.0,3,0,0,0,0.0,0.0,157.5,279.0,17.0,Cold
7673,1,8,0,0,0.0,0.0,0,1,360.0,-1.0,6,0,1,0,0.0,0.0,46.8,360.0,10.5,Cold
7672,1,8,0,0,0.0,0.0,0,1,360.0,-1.0,7,1,0,0,0.0,0.0,39.0,360.0,18.5,Cold
7671,1,8,0,0,0.0,0.0,0,1,594.0,-1.0,4,0,2,0,0.0,0.0,77.0,363.0,12.5,Cold
7670,2,8,0,1,0.0,0.0,0,0,316.0,-1.0,3,1,0,0,0.0,0.0,139.0,316.0,25.7,Warm
7669,1,8,0,1,0.0,0.0,0,0,594.0,-1.0,9,0,1,0,0.0,0.0,42.5,254.0,18.0,Cold
7668,1,8,0,1,0.0,0.0,0,0,594.0,-1.0,4,2,4,0,0.0,0.0,129.33,204.0,19.0,Cold
7667,1,8,0,1,0.0,0.0,0,0,380.0,-1.0,6,2,2,0,0.0,0.0,37.8,204.0,21.0,Warm
7665,1,8,0,1,0.0,0.0,0,0,594.0,-1.0,12,1,2,0,0.0,0.0,28.91,207.0,19.5,Cold
7664,1,8,0,1,0.0,0.0,0,0,594.0,-1.0,7,0,0,0,4.0,0.0,65.5,199.0,20.0,Cold
7663,1,8,0,1,0.0,0.0,0,0,594.0,-1.0,4,2,2,0,0.0,0.0,128.0,207.0,21.0,Warm
7662,2,8,0,1,0.0,0.0,0,0,594.0,-1.0,11,5,1,0,0.0,0.0,24.2,352.0,30.9,Warm
7661,1,8,0,1,0.0,0.0,0,0,594.0,-1.0,2,0,0,0,0.0,0.0,116.0,209.0,15.5,Cold
7660,1,8,0,1,0.0,0.0,0,0,325.0,-1.0,4,0,1,0,0.0,0.0,82.33,325.0,18.0,Cold
7659,1,8,6,0,0.0,0.0,0,1,594.0,-1.0,8,2,5,0,41.0,0.0,76.86,56.0,19.0,Cold
7658,1,8,0,1,0.0,0.0,0,0,310.0,-1.0,4,1,0,0,0.0,0.0,5.0,310.0,21.5,Warm
7657,1,8,0,0,0.0,0.0,0,1,297.0,-1.0,3,1,0,0,0.0,0.0,148.5,297.0,18.5,Cold
7656,1,8,0,0,0.0,0.0,0,1,594.0,-1.0,3,0,0,0,0.0,0.0,148.5,297.0,12.5,Cold
7655,1,8,0,0,0.0,0.0,0,1,594.0,-1.0,3,0,0,0,0.0,0.0,148.5,297.0,17.0,Cold
7654,1,8,0,0,0.0,0.0,0,1,594.0,-1.0,2,0,1,0,0.0,0.0,297.0,297.0,10.5,Cold
7653,1,8,0,1,0.0,0.0,0,0,594.0,-1.0,3,1,1,0,0.0,0.0,173.5,247.0,19.5,Cold
7652,1,8,0,0,0.0,0.0,0,1,594.0,-1.0,1,0,0,0,0.0,0.0,-1.0,594.0,12.5,Cold
7651,1,8,0,0,0.0,0.0,0,1,594.0,-1.0,2,1,1,0,0.0,0.0,0.0,594.0,16.5,Cold
7650,1,8,0,0,0.0,0.0,0,1,582.0,-1.0,5,1,3,0,0.0,0.0,66.25,317.0,14.5,Cold
7649,1,8,0,0,0.0,0.0,0,1,582.0,-1.0,3,1,1,0,0.0,0.0,129.0,324.0,16.5,Cold
7648,1,8,0,0,0.0,0.0,0,1,586.0,-1.0,5,1,1,0,0.0,0.0,73.75,299.0,17.7,Cold
7647,1,8,0,1,0.0,0.0,0,0,586.0,-1.0,5,0,0,0,0.0,0.0,86.5,248.0,20.0,Cold
7646,1,8,0,0,0.0,0.0,0,1,594.0,-1.0,3,0,0,0,0.0,0.0,130.0,322.0,15.0,Cold
7645,1,8,0,0,0.0,0.0,0,1,586.0,-1.0,4,1,1,0,0.0,0.0,92.0,318.0,16.5,Cold
7644,1,8,0,1,0.0,0.0,0,0,594.0,-1.0,4,0,1,0,0.0,0.0,115.67,247.0,16.0,Cold
7643,1,8,0,0,0.0,0.0,0,1,586.0,-1.0,6,0,0,0,0.0,0.0,55.4,317.0,17.0,Cold
7642,1,8,0,1,0.0,0.0,0,0,582.0,-1.0,7,0,0,0,0.0,0.0,57.83,247.0,20.0,Cold
7641,1,8,0,1,0.0,0.0,0,0,586.0,-1.0,5,0,0,0,0.0,0.0,86.75,247.0,20.0,Cold
7640,1,8,0,0,0.0,0.0,0,1,594.0,-1.0,17,9,1,0,0.0,0.0,16.88,302.0,25.0,Warm
7639,1,8,0,0,0.0,0.0,0,1,594.0,-1.0,2,0,0,0,0.0,0.0,0.0,373.0,15.0,Cold
7638,1,8,0,0,0.0,0.0,0,1,594.0,-1.0,3,0,0,0,0.0,0.0,6.5,360.0,15.0,Cold
7637,1,8,0,0,0.0,0.0,0,1,594.0,-1.0,3,0,2,0,0.0,0.0,6.5,360.0,8.5,Cold
7636,1,8,0,1,0.0,0.0,0,0,594.0,-1.0,7,1,0,0,0.0,0.0,21.0,247.0,22.5,Warm
7635,1,8,0,1,0.0,0.0,0,0,594.0,-1.0,3,0,0,0,0.0,0.0,5.5,356.0,15.5,Cold
7634,1,8,0,0,0.0,0.0,0,1,594.0,-1.0,1,0,0,0,0.0,0.0,-1.0,373.0,15.0,Cold
7633,1,8,0,0,0.0,0.0,0,1,594.0,-1.0,2,0,0,0,0.0,0.0,5.0,362.0,13.0,Cold
7632,1,8,0,0,0.0,0.0,0,1,594.0,-1.0,3,0,0,0,0.0,0.0,6.5,360.0,12.5,Cold
7631,1,8,0,1,0.0,0.0,0,0,594.0,-1.0,1,0,0,0,0.0,0.0,-1.0,247.0,15.5,Cold
7630,1,8,0,1,0.0,0.0,0,0,594.0,-1.0,1,0,0,0,0.0,0.0,-1.0,247.0,15.5,Cold
7629,1,8,0,1,0.0,0.0,0,0,594.0,-1.0,1,0,0,0,0.0,0.0,-1.0,247.0,18.0,Cold
7627,1,8,0,1,0.0,0.0,0,0,594.0,-1.0,1,0,0,0,0.0,0.0,-1.0,247.0,18.0,Cold
7626,1,8,0,1,0.0,0.0,0,0,594.0,-1.0,1,0,0,0,0.0,0.0,-1.0,247.0,15.5,Cold
7625,1,8,0,0,0.0,0.0,0,1,594.0,-1.0,1,0,0,0,0.0,0.0,-1.0,582.0,12.5,Cold
7624,1,8,0,0,0.0,0.0,0,1,595.0,-1.0,2,2,0,0,0.0,0.0,252.0,343.0,18.0,Cold
7623,1,8,0,1,0.0,0.0,0,0,348.0,-1.0,6,0,1,0,0.0,0.0,75.4,218.0,18.0,Cold
7622,1,8,0,1,0.0,0.0,0,0,595.0,-1.0,1,0,0,0,0.0,0.0,-1.0,595.0,18.0,Cold
7621,1,8,0,1,0.0,0.0,0,0,595.0,-1.0,4,1,1,0,0.0,0.0,22.67,527.0,17.5,Cold
7620,1,8,0,1,0.0,0.0,0,0,595.0,-1.0,5,1,1,0,0.0,0.0,70.0,315.0,19.5,Cold
7619,1,8,0,0,0.0,0.0,0,1,595.0,-1.0,2,2,2,0,0.0,0.0,0.0,595.0,17.2,Cold
7618,1,8,0,0,0.0,0.0,0,1,595.0,-1.0,2,0,2,0,0.0,0.0,266.0,329.0,12.5,Cold
7617,1,8,0,1,0.0,0.0,0,0,595.0,-1.0,7,0,1,0,0.0,0.0,46.5,316.0,18.0,Cold
7616,1,8,0,0,0.0,0.0,0,1,595.0,-1.0,2,0,1,0,0.0,0.0,266.0,329.0,12.5,Cold
7615,1,8,0,1,0.0,0.0,0,0,595.0,-1.0,4,2,1,0,0.0,0.0,115.67,248.0,21.0,Warm
7614,1,8,0,0,0.0,0.0,0,1,595.0,-1.0,1,0,0,0,0.0,0.0,-1.0,595.0,15.0,Cold
7613,1,8,0,0,0.0,0.0,0,1,595.0,-1.0,3,1,1,0,0.0,0.0,139.5,316.0,15.7,Cold
7612,1,8,0,0,0.0,0.0,0,1,595.0,-1.0,1,0,0,0,0.0,0.0,-1.0,595.0,12.5,Cold
7611,1,8,0,0,0.0,0.0,0,1,595.0,-1.0,1,0,0,0,0.0,0.0,-1.0,595.0,15.0,Cold
7610,1,8,0,0,0.0,0.0,0,1,595.0,-1.0,2,0,0,0,0.0,0.0,0.0,595.0,17.0,Cold
7609,1,8,0,1,0.0,0.0,0,0,595.0,-1.0,4,0,0,0,0.0,0.0,104.33,282.0,20.0,Cold
7608,1,8,0,0,0.0,0.0,0,1,595.0,-1.0,2,1,1,0,0.0,0.0,0.0,595.0,16.5,Cold
7607,1,8,0,0,0.0,0.0,0,1,595.0,-1.0,2,0,0,0,0.0,0.0,0.0,595.0,17.0,Cold
7606,1,8,0,0,0.0,0.0,0,1,595.0,-1.0,2,0,0,0,0.0,0.0,0.0,595.0,17.0,Cold
7605,1,8,0,0,0.0,0.0,0,1,357.0,-1.0,7,0,2,0,0.0,0.0,35.83,357.0,13.0,Cold
7604,1,8,0,1,0.0,0.0,0,0,596.0,-1.0,3,4,1,0,0.0,0.0,140.0,316.0,22.0,Warm
7603,1,8,0,0,0.0,0.0,0,1,596.0,-1.0,1,0,0,0,0.0,0.0,-1.0,596.0,15.0,Cold
7602,1,8,0,0,0.0,0.0,0,1,568.0,-1.0,11,3,1,0,0.0,0.0,2.8,568.0,20.7,Warm
7601,1,8,0,0,0.0,0.0,0,1,596.0,-1.0,4,0,1,0,0.0,0.0,80.0,356.0,15.0,Cold
7600,1,8,0,1,0.0,0.0,0,0,596.0,-1.0,2,0,1,0,0.0,0.0,294.0,302.0,14.0,Cold
7599,1,8,0,0,0.0,0.0,0,1,596.0,-1.0,4,0,2,0,0.0,0.0,79.33,327.0,10.5,Cold
7598,1,8,0,1,0.0,0.0,0,0,327.0,-1.0,7,0,0,0,0.0,0.0,42.17,320.0,20.0,Cold
7597,1,8,0,1,0.0,0.0,0,0,596.0,-1.0,9,1,1,0,0.0,0.0,35.12,315.0,15.5,Cold
7596,1,8,0,1,0.0,0.0,0,0,560.0,-1.0,7,4,2,0,0.0,0.0,44.0,332.0,24.0,Warm
7595,1,8,0,0,0.0,0.0,0,1,596.0,-1.0,4,0,0,0,0.0,0.0,31.33,502.0,17.0,Cold
7594,1,8,0,1,0.0,0.0,0,0,317.0,-1.0,15,4,1,0,0.0,0.0,21.5,295.0,24.0,Warm
7593,1,8,0,1,0.0,0.0,0,0,596.0,-1.0,3,0,0,0,0.0,0.0,132.5,331.0,15.5,Cold
7592,1,8,0,1,0.0,0.0,0,0,348.0,-1.0,4,1,1,0,0.0,0.0,82.67,348.0,19.5,Cold
7591,1,8,0,1,0.0,0.0,0,0,596.0,-1.0,3,1,0,0,0.0,0.0,128.5,339.0,17.5,Cold
7590,1,8,0,1,0.0,0.0,0,0,596.0,-1.0,4,1,2,0,0.0,0.0,85.67,339.0,17.5,Cold
7589,2,8,0,1,0.0,0.0,0,0,310.0,-1.0,28,5,1,0,0.0,0.0,10.59,310.0,28.5,Warm
7588,1,8,0,0,0.0,0.0,0,1,596.0,-1.0,3,0,0,0,0.0,0.0,27.5,199.0,12.5,Cold
7587,1,8,0,1,0.0,0.0,0,0,596.0,-1.0,3,1,0,0,0.0,0.0,26.0,202.0,19.5,Cold
7586,1,8,0,1,0.0,0.0,0,0,596.0,-1.0,2,0,0,0,0.0,0.0,47.0,207.0,15.5,Cold
7585,1,8,0,1,0.0,0.0,0,0,596.0,-1.0,4,1,0,0,0.0,0.0,50.33,195.0,21.5,Warm
7584,1,8,0,1,0.0,0.0,0,0,596.0,-1.0,2,0,0,0,0.0,0.0,47.0,207.0,15.5,Cold
7583,1,8,0,0,0.0,0.0,0,1,596.0,-1.0,2,0,0,0,0.0,0.0,34.0,562.0,18.0,Cold
7582,1,8,0,0,0.0,0.0,0,1,596.0,-1.0,2,2,2,0,0.0,0.0,0.0,596.0,17.2,Cold
7581,1,8,0,1,0.0,0.0,0,0,352.0,-1.0,5,0,1,0,0.0,0.0,87.0,248.0,16.0,Cold
7580,1,8,0,1,0.0,0.0,0,0,334.0,-1.0,9,1,6,0,0.0,0.0,35.12,315.0,15.5,Cold
7579,1,8,0,1,0.0,0.0,0,0,591.0,-1.0,10,4,3,0,0.0,0.0,31.22,315.0,25.6,Warm
7578,1,8,0,1,0.0,0.0,0,0,596.0,-1.0,8,0,2,0,0.0,0.0,45.29,279.0,18.0,Cold
7577,1,8,2,0,0.0,0.0,0,1,346.0,-1.0,8,3,4,0,35.0,0.0,79.14,42.0,17.7,Cold
7576,2,8,0,0,0.0,0.0,0,1,350.0,-1.0,22,9,3,0,0.0,0.0,13.05,322.0,33.0,Warm
7575,1,8,0,0,0.0,0.0,0,1,596.0,-1.0,2,0,2,0,0.0,0.0,293.0,302.0,10.5,Cold
7574,1,8,0,1,0.0,0.0,0,0,346.0,-1.0,11,4,5,0,0.0,0.0,28.5,311.0,24.4,Warm
7573,1,8,0,0,0.0,0.0,0,1,362.0,-1.0,3,0,2,0,0.0,0.0,117.0,362.0,8.5,Cold
7572,1,8,0,0,0.0,0.0,0,1,596.0,-1.0,14,0,1,0,0.0,0.0,20.15,334.0,10.5,Cold
7571,1,8,0,0,0.0,0.0,0,1,362.0,-1.0,3,0,1,0,0.0,0.0,117.0,362.0,15.0,Cold
7570,1,8,0,0,0.0,0.0,0,1,591.0,-1.0,7,1,0,0,0.0,0.0,39.5,360.0,18.5,Cold
7569,1,8,0,0,0.0,0.0,0,1,360.0,-1.0,9,2,1,0,0.0,0.0,29.88,358.0,18.0,Cold
7568,1,8,0,1,0.0,0.0,0,0,597.0,-1.0,1,0,0,0,0.0,0.0,-1.0,597.0,18.0,Cold
7567,1,8,0,1,0.0,0.0,0,0,597.0,-1.0,5,2,0,0,0.0,0.0,74.5,299.0,21.0,Warm
7566,1,8,0,1,0.0,0.0,0,0,597.0,-1.0,1,0,0,0,0.0,0.0,-1.0,597.0,18.0,Cold
7565,1,8,0,1,0.0,0.0,0,0,586.0,-1.0,5,0,1,0,0.0,0.0,81.25,272.0,18.0,Cold
7564,1,8,0,1,0.0,0.0,0,0,597.0,-1.0,1,0,0,0,0.0,0.0,-1.0,597.0,18.0,Cold
7563,2,8,0,0,0.0,0.0,0,1,360.0,-1.0,10,1,0,0,0.0,0.0,26.33,360.0,21.5,Warm
7562,2,8,0,1,0.0,0.0,0,0,586.0,-1.0,5,0,0,0,0.0,0.0,64.5,339.0,23.0,Warm
7561,1,8,0,1,0.0,0.0,0,0,318.0,-1.0,3,0,1,0,0.0,0.0,139.5,318.0,16.0,Cold
7560,1,8,0,1,0.0,0.0,0,0,597.0,-1.0,3,2,0,0,0.0,0.0,162.5,272.0,21.5,Warm
7559,1,8,0,1,0.0,0.0,0,0,597.0,-1.0,6,2,2,0,0.0,0.0,69.8,248.0,17.0,Cold
7558,1,8,0,1,0.0,0.0,0,0,597.0,-1.0,4,3,0,0,0.0,0.0,30.33,506.0,23.7,Warm
7557,1,8,0,1,0.0,0.0,0,0,346.0,-1.0,5,1,1,0,0.0,0.0,62.75,346.0,19.5,Cold
7556,1,8,0,1,0.0,0.0,0,0,591.0,-1.0,3,1,1,0,0.0,0.0,131.5,334.0,19.5,Cold
7555,1,8,0,1,0.0,0.0,0,0,591.0,-1.0,3,1,1,0,0.0,0.0,5.0,587.0,20.7,Warm
7554,1,8,0,1,0.0,0.0,0,0,597.0,-1.0,5,0,1,0,0.0,0.0,84.0,261.0,13.5,Cold
7553,2,8,0,0,0.0,0.0,0,1,578.0,-1.0,5,1,0,0,0.0,0.0,22.75,506.0,21.5,Warm
7552,1,8,0,1,0.0,0.0,0,0,597.0,-1.0,1,0,0,0,0.0,0.0,-1.0,597.0,18.0,Cold
7551,1,8,0,1,0.0,0.0,0,0,588.0,-1.0,5,2,0,0,0.0,0.0,2.25,588.0,23.0,Warm
7550,1,8,0,1,0.0,0.0,0,0,346.0,-1.0,7,1,2,0,0.0,0.0,47.17,314.0,17.5,Cold
7549,1,8,0,0,0.0,0.0,0,1,360.0,-1.0,4,0,0,0,0.0,0.0,79.0,360.0,17.0,Cold
7548,1,8,0,0,0.0,0.0,0,1,597.0,-1.0,3,0,1,0,0.0,0.0,0.0,597.0,13.0,Cold
7547,1,8,0,0,0.0,0.0,0,1,334.0,-1.0,5,3,2,0,0.0,0.0,65.75,334.0,20.7,Warm
7546,1,8,0,0,0.0,0.0,0,1,362.0,-1.0,3,0,2,0,0.0,0.0,117.5,362.0,13.0,Cold
7545,1,8,6,1,0.0,0.0,0,0,597.0,-1.0,4,0,1,0,0.0,0.0,194.67,13.0,18.5,Cold
7544,1,8,0,0,0.0,0.0,0,1,597.0,-1.0,2,0,1,0,0.0,0.0,268.0,329.0,12.5,Cold
7543,1,8,0,1,0.0,0.0,0,0,597.0,-1.0,5,0,2,0,0.0,0.0,79.5,279.0,18.0,Cold
7542,1,8,0,1,0.0,0.0,0,0,587.0,-1.0,9,3,4,0,0.0,0.0,37.25,299.0,22.9,Warm
7541,1,8,0,1,0.0,0.0,0,0,343.0,-1.0,12,4,1,0,0.0,0.0,35.09,211.0,24.0,Warm
7540,1,8,0,1,0.0,0.0,0,0,597.0,-1.0,2,0,0,0,0.0,0.0,0.0,597.0,18.0,Cold
7539,1,8,0,1,0.0,0.0,0,0,587.0,-1.0,7,2,3,0,0.0,0.0,49.67,299.0,20.2,Warm
7538,1,8,0,1,0.0,0.0,0,0,597.0,-1.0,2,1,1,0,0.0,0.0,343.0,254.0,19.5,Cold
7537,1,8,0,1,0.0,0.0,0,0,597.0,-1.0,9,4,0,0,0.0,0.0,48.75,207.0,26.0,Warm
7536,1,8,6,1,0.0,0.0,0,0,597.0,-1.0,3,0,0,0,0.0,0.0,252.5,92.0,23.0,Warm
7535,1,8,0,1,0.0,0.0,0,0,597.0,-1.0,5,2,2,0,0.0,0.0,97.5,207.0,19.0,Cold
7534,1,8,0,1,0.0,0.0,0,0,378.0,-1.0,4,3,3,0,0.0,0.0,114.33,254.0,22.5,Warm
7533,1,8,0,1,0.0,0.0,0,0,597.0,-1.0,3,0,0,0,0.0,0.0,195.0,207.0,20.0,Cold
7532,1,8,0,1,0.0,0.0,0,0,597.0,-1.0,4,0,1,0,0.0,0.0,130.0,207.0,15.5,Cold
7531,1,8,0,0,0.0,0.0,0,1,597.0,-1.0,2,1,0,0,0.0,0.0,10.0,587.0,17.2,Cold
7530,1,8,0,1,0.0,0.0,0,0,597.0,-1.0,2,0,0,0,0.0,0.0,343.0,254.0,20.0,Cold
7529,1,8,0,1,0.0,0.0,0,0,597.0,-1.0,3,2,1,0,0.0,0.0,195.0,207.0,21.0,Warm
7528,1,8,0,1,0.0,0.0,0,0,597.0,-1.0,4,0,1,0,0.0,0.0,91.33,323.0,13.5,Cold
7527,1,8,0,0,0.0,0.0,0,1,588.0,-1.0,2,2,0,0,0.0,0.0,9.0,588.0,20.0,Cold
7526,1,8,0,1,0.0,0.0,0,0,597.0,-1.0,1,0,0,0,0.0,0.0,-1.0,597.0,18.0,Cold
7525,1,8,0,1,0.0,0.0,0,0,597.0,-1.0,3,0,0,0,0.0,0.0,135.0,327.0,15.5,Cold
7524,1,8,6,1,0.0,0.0,0,0,597.0,-1.0,9,0,0,0,0.0,0.0,63.75,87.0,19.5,Cold
7523,1,8,0,1,0.0,0.0,0,0,597.0,-1.0,4,2,1,0,0.0,0.0,130.0,207.0,21.0,Warm
7522,1,8,0,0,0.0,0.0,0,1,588.0,-1.0,2,0,0,0,0.0,0.0,9.0,588.0,17.0,Cold
7521,1,8,0,1,0.0,0.0,0,0,597.0,-1.0,4,0,1,0,0.0,0.0,82.0,329.0,18.0,Cold
7520,1,8,0,1,0.0,0.0,0,0,328.0,-1.0,7,1,0,0,0.0,0.0,44.83,328.0,21.5,Warm
7519,1,8,0,0,0.0,0.0,0,1,588.0,-1.0,2,0,0,0,0.0,0.0,9.0,588.0,17.0,Cold
7518,1,8,6,1,0.0,0.0,0,0,597.0,-1.0,5,1,1,0,0.0,0.0,102.0,189.0,22.5,Warm
7517,1,8,0,1,0.0,0.0,0,0,597.0,-1.0,3,1,1,0,0.0,0.0,35.5,526.0,17.5,Cold
7516,1,8,0,1,0.0,0.0,0,0,598.0,-1.0,3,0,0,0,0.0,0.0,141.5,315.0,18.0,Cold
7515,1,8,6,1,0.0,0.0,0,0,598.0,-1.0,4,2,0,0,0.0,0.0,157.67,125.0,24.0,Warm
7514,1,8,0,0,0.0,0.0,0,1,598.0,-1.0,4,1,2,0,0.0,0.0,79.67,359.0,16.5,Cold
7513,1,8,0,0,0.0,0.0,0,1,598.0,-1.0,1,1,0,0,0.0,0.0,-1.0,598.0,16.5,Cold
7512,1,8,0,0,0.0,0.0,0,1,362.0,-1.0,11,6,0,0,0.0,0.0,23.6,362.0,29.0,Warm
7511,1,8,0,0,0.0,0.0,0,1,363.0,-1.0,17,3,7,0,0.0,0.0,15.06,357.0,20.5,Warm
7510,1,8,0,1,0.0,0.0,0,0,597.0,-1.0,3,0,0,0,0.0,0.0,0.5,597.0,20.0,Cold
7509,1,8,0,1,0.0,0.0,0,0,346.0,-1.0,3,1,1,0,0.0,0.0,159.5,279.0,18.0,Cold
7508,1,8,0,1,0.0,0.0,0,0,588.0,-1.0,3,0,0,0,0.0,0.0,132.0,334.0,20.0,Cold
7507,1,8,0,1,0.0,0.0,0,0,598.0,-1.0,3,0,1,0,0.0,0.0,141.5,315.0,16.0,Cold
7506,1,8,0,1,0.0,0.0,0,0,598.0,-1.0,4,0,0,0,0.0,0.0,130.33,207.0,18.0,Cold
7505,1,8,0,1,0.0,0.0,0,0,596.0,-1.0,14,4,2,0,0.0,0.0,26.08,259.0,24.0,Warm
7504,1,8,0,0,0.0,0.0,0,1,598.0,-1.0,6,0,0,0,0.0,0.0,56.2,317.0,12.5,Cold
7503,1,8,0,0,0.0,0.0,0,1,598.0,-1.0,3,0,0,0,0.0,0.0,138.0,322.0,15.0,Cold
7502,1,8,0,0,0.0,0.0,0,1,598.0,-1.0,5,1,0,0,0.0,0.0,65.5,320.0,16.5,Cold
7501,1,8,0,1,0.0,0.0,0,0,586.0,-1.0,7,3,1,0,0.0,0.0,58.33,248.0,22.5,Warm
7500,1,8,0,0,0.0,0.0,0,1,598.0,-1.0,14,10,11,0,0.0,0.0,23.0,299.0,33.0,Warm
7499,1,8,0,0,0.0,0.0,0,1,598.0,-1.0,7,0,3,0,0.0,0.0,46.83,317.0,10.5,Cold
7498,1,8,0,0,0.0,0.0,0,1,598.0,-1.0,4,0,0,0,0.0,0.0,86.33,339.0,13.0,Cold
7497,1,8,0,1,0.0,0.0,0,0,598.0,-1.0,2,0,0,0,0.0,0.0,259.0,339.0,16.0,Cold
7496,1,8,0,1,0.0,0.0,0,0,598.0,-1.0,4,1,0,0,0.0,0.0,133.0,199.0,21.5,Warm
7495,1,8,0,1,0.0,0.0,0,0,587.0,-1.0,5,1,3,0,0.0,0.0,70.5,316.0,17.5,Cold
7494,1,8,6,1,0.0,0.0,0,0,598.0,-1.0,6,2,1,0,0.0,0.0,82.0,188.0,24.0,Warm
7493,1,8,0,1,0.0,0.0,0,0,587.0,-1.0,6,1,3,0,0.0,0.0,57.4,311.0,18.7,Cold
7492,1,8,6,1,0.0,0.0,0,0,587.0,-1.0,6,2,1,0,0.0,0.0,91.4,141.0,25.2,Warm
7491,1,8,0,1,0.0,0.0,0,0,587.0,-1.0,5,0,3,0,0.0,0.0,67.75,327.0,18.0,Cold
7490,1,8,0,1,0.0,0.0,0,0,598.0,-1.0,7,0,4,0,0.0,0.0,47.83,311.0,15.5,Cold
7489,1,8,6,1,0.0,0.0,0,0,598.0,-1.0,3,1,1,0,0.0,0.0,202.5,193.0,22.5,Warm
7488,1,8,0,1,0.0,0.0,0,0,598.0,-1.0,7,0,0,0,0.0,0.0,65.17,207.0,20.0,Cold
7487,1,8,0,0,0.0,0.0,0,1,598.0,-1.0,3,3,3,0,0.0,0.0,200.0,198.0,20.7,Warm
7486,1,8,0,1,0.0,0.0,0,0,598.0,-1.0,8,1,1,0,0.0,0.0,45.29,281.0,20.7,Warm
7485,1,8,0,1,0.0,0.0,0,0,346.0,-1.0,6,2,1,0,0.0,0.0,50.4,346.0,21.0,Warm
7484,1,8,6,1,0.0,0.0,0,0,598.0,-1.0,3,2,2,0,0.0,0.0,202.5,193.0,24.0,Warm
7483,1,8,0,1,0.0,0.0,0,0,598.0,-1.0,3,0,0,0,0.0,0.0,134.0,330.0,18.0,Cold
7482,1,8,0,1,0.0,0.0,0,0,349.0,-1.0,6,0,0,0,0.0,0.0,49.8,349.0,20.0,Cold
7481,1,8,0,1,0.0,0.0,0,0,598.0,-1.0,2,0,0,0,0.0,0.0,241.0,332.0,18.0,Cold
7480,1,8,0,1,0.0,0.0,0,0,598.0,-1.0,4,0,0,0,0.0,0.0,94.0,316.0,18.0,Cold
7479,1,8,0,1,0.0,0.0,0,0,597.0,-1.0,5,1,0,0,0.0,0.0,2.75,587.0,22.7,Warm
7478,1,8,6,1,0.0,0.0,0,0,598.0,-1.0,7,1,2,0,0.0,0.0,67.5,193.0,20.5,Warm
7477,1,8,0,0,0.0,0.0,0,1,598.0,-1.0,4,0,0,0,0.0,0.0,79.33,360.0,15.0,Cold
7476,1,8,0,1,0.0,0.0,0,0,598.0,-1.0,5,3,3,0,0.0,0.0,100.25,197.0,22.5,Warm
7475,1,8,0,1,0.0,0.0,0,0,379.0,-1.0,5,3,3,0,0.0,0.0,100.0,198.0,22.5,Warm
7474,1,8,0,1,0.0,0.0,0,0,357.0,-1.0,8,3,1,0,0.0,0.0,49.14,254.0,22.5,Warm
7473,1,8,0,0,0.0,0.0,0,1,598.0,-1.0,5,2,0,0,0.0,0.0,99.75,199.0,20.0,Cold
7472,1,8,0,1,0.0,0.0,0,0,381.0,-1.0,8,0,3,0,0.0,0.0,34.0,360.0,18.0,Cold
7471,1,8,0,0,0.0,0.0,0,1,598.0,-1.0,5,3,4,0,0.0,0.0,99.75,199.0,16.7,Cold
7470,1,8,0,1,0.0,0.0,0,0,598.0,-1.0,8,2,2,0,0.0,0.0,57.0,199.0,21.0,Warm
7469,1,8,0,1,0.0,0.0,0,0,598.0,-1.0,2,1,0,0,0.0,0.0,1.0,597.0,21.5,Warm
7468,1,8,0,1,0.0,0.0,0,0,598.0,-1.0,3,1,1,0,0.0,0.0,197.0,204.0,19.5,Cold
7467,2,8,0,1,0.0,0.0,0,0,580.0,-1.0,25,5,1,0,0.0,0.0,10.67,342.0,31.5,Warm
7466,1,8,0,0,0.0,0.0,0,1,357.0,-1.0,4,1,1,0,0.0,0.0,80.33,357.0,14.5,Cold
7465,1,8,0,0,0.0,0.0,0,1,586.0,-1.0,10,1,2,0,0.0,0.0,35.11,282.0,16.5,Cold
7464,1,8,0,1,0.0,0.0,0,0,598.0,-1.0,5,0,0,0,0.0,0.0,87.5,248.0,20.0,Cold
7463,1,8,0,0,0.0,0.0,0,1,588.0,-1.0,5,0,0,0,0.0,0.0,23.0,506.0,17.0,Cold
7462,1,8,0,0,0.0,0.0,0,1,582.0,-1.0,6,0,0,0,0.0,0.0,18.4,506.0,17.0,Cold
7461,1,8,0,0,0.0,0.0,0,1,575.0,-1.0,3,0,0,0,0.0,0.0,0.0,575.0,17.0,Cold
7460,1,8,0,0,0.0,0.0,0,1,582.0,-1.0,6,2,0,0,0.0,0.0,18.4,506.0,22.4,Warm
7459,1,8,0,0,0.0,0.0,0,1,346.0,-1.0,4,0,1,0,0.0,0.0,84.0,346.0,15.0,Cold
7458,1,8,0,0,0.0,0.0,0,1,337.0,-1.0,13,3,4,0,0.0,0.0,25.25,295.0,15.5,Cold
7457,1,8,0,1,0.0,0.0,0,0,348.0,-1.0,7,0,2,0,0.0,0.0,58.33,248.0,18.0,Cold
7456,2,8,0,0,0.0,0.0,0,1,337.0,-1.0,15,4,5,0,0.0,0.0,21.36,299.0,26.6,Warm
7455,1,8,0,0,0.0,0.0,0,1,598.0,-1.0,4,0,0,0,0.0,0.0,10.0,568.0,12.5,Cold
7454,1,8,0,0,0.0,0.0,0,1,598.0,-1.0,3,1,2,0,0.0,0.0,142.0,314.0,14.5,Cold
7453,1,8,0,1,0.0,0.0,0,0,600.0,-1.0,2,0,0,0,0.0,0.0,345.0,253.0,15.5,Cold
7451,1,8,0,1,0.0,0.0,0,0,598.0,-1.0,5,2,1,0,0.0,0.0,86.25,253.0,21.0,Warm
7450,1,8,0,1,0.0,0.0,0,0,598.0,-1.0,7,4,2,0,0.0,0.0,65.67,204.0,24.0,Warm
7449,1,8,0,1,0.0,0.0,0,0,598.0,-1.0,2,1,1,0,0.0,0.0,345.0,253.0,19.5,Cold
7448,1,8,0,1,0.0,0.0,0,0,598.0,-1.0,6,4,4,0,0.0,0.0,78.8,204.0,24.0,Warm
7446,1,8,0,0,0.0,0.0,0,1,600.0,-1.0,5,0,0,0,0.0,0.0,3.25,360.0,15.0,Cold
7445,1,8,0,1,0.0,0.0,0,0,600.0,-1.0,9,1,3,0,0.0,0.0,27.12,381.0,19.5,Cold
7444,1,8,0,1,0.0,0.0,0,0,598.0,-1.0,6,5,2,0,0.0,0.0,28.8,454.0,23.5,Warm
7443,1,8,0,1,0.0,0.0,0,0,598.0,-1.0,9,3,2,0,83.0,0.0,49.88,199.0,22.5,Warm
7442,1,8,0,1,0.0,0.0,0,0,598.0,-1.0,2,0,0,0,0.0,0.0,0.0,598.0,20.0,Cold
7441,1,8,0,1,0.0,0.0,0,0,598.0,-1.0,4,0,0,0,0.0,0.0,130.33,207.0,20.0,Cold
7440,1,8,6,1,0.0,0.0,0,0,598.0,-1.0,12,0,0,0,0.0,0.0,47.36,77.0,23.0,Warm
7439,1,8,0,1,0.0,0.0,0,0,600.0,-1.0,1,0,0,0,0.0,0.0,-1.0,598.0,15.5,Cold
7438,1,8,0,1,0.0,0.0,0,0,600.0,-1.0,6,0,2,0,0.0,0.0,17.2,512.0,18.0,Cold
7437,1,8,6,1,0.0,0.0,0,0,334.0,-1.0,44,10,11,1,426.0,0.0,12.26,55.0,37.2,Warm
7436,1,8,0,0,0.0,0.0,0,1,346.0,-1.0,2,0,0,0,0.0,0.0,252.0,346.0,12.5,Cold
7435,1,8,0,0,0.0,0.0,0,1,582.0,-1.0,3,0,0,0,0.0,0.0,8.0,582.0,17.0,Cold
7434,1,8,0,1,0.0,0.0,0,0,598.0,-1.0,7,3,0,0,0.0,0.0,65.5,207.0,24.5,Warm
7433,1,8,0,1,0.0,0.0,0,0,600.0,-1.0,2,0,0,0,0.0,0.0,308.0,292.0,18.0,Cold
7432,1,8,0,0,0.0,0.0,0,1,600.0,-1.0,7,0,6,0,0.0,0.0,42.67,344.0,15.0,Cold
7431,1,8,0,1,0.0,0.0,0,0,351.0,-1.0,6,4,1,0,0.0,0.0,49.8,351.0,24.0,Warm
7430,1,8,0,1,0.0,0.0,0,0,597.0,-1.0,5,1,0,0,0.0,0.0,65.25,339.0,21.5,Warm
7429,1,8,6,1,0.0,0.0,0,0,598.0,-1.0,12,3,1,0,0.0,0.0,46.36,90.0,29.1,Warm
7428,1,8,0,1,0.0,0.0,0,0,598.0,-1.0,5,2,0,0,0.0,0.0,10.0,560.0,25.4,Warm
7427,1,8,0,1,0.0,0.0,0,0,327.0,-1.0,7,0,1,0,0.0,0.0,47.83,313.0,18.0,Cold
7426,1,8,0,1,0.0,0.0,0,0,598.0,-1.0,3,0,1,0,0.0,0.0,125.5,349.0,18.0,Cold
7425,1,8,0,0,0.0,0.0,0,1,600.0,-1.0,2,0,1,0,0.0,0.0,261.0,339.0,10.5,Cold
7424,1,8,0,1,0.0,0.0,0,0,600.0,-1.0,7,0,0,0,0.0,0.0,57.83,253.0,20.0,Cold
7423,1,8,0,1,0.0,0.0,0,0,600.0,-1.0,2,1,0,0,0.0,0.0,347.0,253.0,21.5,Warm
7422,1,8,0,1,0.0,0.0,0,0,600.0,-1.0,1,0,0,0,0.0,0.0,-1.0,600.0,20.0,Cold
7421,1,8,0,1,0.0,0.0,0,0,600.0,-1.0,10,0,2,0,0.0,0.0,43.67,207.0,18.0,Cold
7420,1,8,6,1,0.0,0.0,0,0,600.0,-1.0,4,0,0,0,0.0,0.0,169.67,91.0,23.0,Warm
7419,1,8,6,1,0.0,0.0,0,0,600.0,-1.0,7,2,2,0,0.0,0.0,84.83,91.0,24.0,Warm
7418,1,8,0,1,0.0,0.0,0,0,594.0,-1.0,6,0,0,0,0.0,0.0,1.2,594.0,20.0,Cold
7417,1,8,6,1,0.0,0.0,0,0,601.0,-1.0,9,0,1,0,0.0,0.0,63.75,91.0,21.0,Warm
7416,1,8,0,1,0.0,0.0,0,0,604.0,-1.0,3,0,0,0,0.0,0.0,0.0,594.0,18.0,Cold
7415,1,8,0,1,0.0,0.0,0,0,604.0,-1.0,1,0,0,0,0.0,0.0,-1.0,294.0,15.5,Cold
7414,1,8,0,1,0.0,0.0,0,0,346.0,-1.0,6,1,1,0,0.0,0.0,51.6,346.0,19.5,Cold
7413,1,8,0,1,0.0,0.0,0,0,604.0,-1.0,4,2,3,0,0.0,0.0,88.33,339.0,19.0,Cold
7412,2,8,0,1,0.0,0.0,0,0,604.0,-1.0,9,3,0,0,0.0,0.0,38.38,297.0,28.5,Warm
7411,1,8,0,1,0.0,0.0,0,0,604.0,-1.0,5,0,0,0,0.0,0.0,0.0,604.0,20.0,Cold
7410,1,8,0,0,0.0,0.0,0,1,599.0,-1.0,6,4,1,0,0.0,0.0,1.6,598.0,24.6,Warm
7409,1,8,0,1,0.0,0.0,0,0,610.0,-1.0,3,0,2,0,0.0,0.0,165.5,279.0,18.0,Cold
7408,1,8,0,1,0.0,0.0,0,0,611.0,-1.0,1,0,0,0,0.0,0.0,-1.0,611.0,18.0,Cold
7407,1,8,0,1,0.0,0.0,0,0,611.0,-1.0,2,0,0,0,0.0,0.0,0.0,611.0,20.0,Cold
7406,2,8,0,0,0.0,0.0,0,1,611.0,-1.0,2,1,0,0,0.0,0.0,260.0,351.0,21.5,Warm
7405,1,8,0,1,0.0,0.0,0,0,611.0,-1.0,3,0,0,0,0.0,0.0,10.0,591.0,18.0,Cold
7404,1,8,0,1,0.0,0.0,0,0,611.0,-1.0,1,0,0,0,0.0,0.0,-1.0,611.0,18.0,Cold
7403,1,8,0,1,0.0,0.0,0,0,611.0,-1.0,2,0,0,0,0.0,0.0,86.0,525.0,18.0,Cold
7402,1,8,0,1,0.0,0.0,0,0,611.0,-1.0,3,0,0,0,0.0,0.0,66.0,479.0,18.0,Cold
7401,1,8,0,1,0.0,0.0,0,0,611.0,-1.0,2,0,0,0,0.0,0.0,4.0,607.0,18.0,Cold
7400,1,8,0,1,0.0,0.0,0,0,611.0,-1.0,2,0,0,0,0.0,0.0,4.0,607.0,18.0,Cold
7399,1,8,0,0,0.0,0.0,0,1,360.0,-1.0,3,0,1,0,0.0,0.0,125.5,360.0,13.0,Cold
7398,1,8,0,1,0.0,0.0,0,0,612.0,-1.0,3,1,0,0,0.0,0.0,166.0,280.0,20.0,Cold
7397,1,8,0,0,0.0,0.0,0,1,612.0,-1.0,2,0,0,0,0.0,0.0,133.0,479.0,12.5,Cold
7396,1,8,0,1,0.0,0.0,0,0,612.0,-1.0,6,1,2,0,0.0,0.0,59.4,315.0,17.5,Cold
7395,1,8,0,1,0.0,0.0,0,0,612.0,-1.0,1,0,0,0,0.0,0.0,-1.0,612.0,18.0,Cold
7394,1,8,0,0,0.0,0.0,0,1,612.0,-1.0,1,0,0,0,0.0,0.0,-1.0,612.0,13.0,Cold
7393,1,8,0,1,0.0,0.0,0,0,335.0,-1.0,5,0,1,0,0.0,0.0,73.5,318.0,14.0,Cold
7392,1,8,0,1,0.0,0.0,0,0,612.0,-1.0,1,0,0,0,0.0,0.0,-1.0,612.0,18.0,Cold
7391,1,8,0,1,0.0,0.0,0,0,612.0,-1.0,4,0,1,0,0.0,0.0,110.0,282.0,16.0,Cold
7390,1,8,0,1,0.0,0.0,0,0,612.0,-1.0,7,6,5,0,0.0,0.0,56.0,276.0,23.5,Warm
7389,1,8,0,0,0.0,0.0,0,1,612.0,-1.0,2,4,1,0,0.0,0.0,252.0,360.0,21.0,Warm
7388,1,8,0,0,0.0,0.0,0,1,374.0,-1.0,6,0,0,0,0.0,0.0,47.6,374.0,17.0,Cold
7387,1,8,0,0,0.0,0.0,0,1,612.0,-1.0,1,0,0,0,0.0,0.0,-1.0,612.0,13.0,Cold
7386,1,8,0,1,0.0,0.0,0,0,352.0,-1.0,34,9,10,0,0.0,0.0,11.03,248.0,31.0,Warm
7385,1,8,0,1,0.0,0.0,0,0,567.0,-1.0,4,1,2,0,0.0,0.0,97.33,320.0,17.5,Cold
7384,1,8,0,0,0.0,0.0,0,1,612.0,-1.0,1,0,0,0,0.0,0.0,-1.0,612.0,15.0,Cold
7383,1,8,0,1,0.0,0.0,0,0,612.0,-1.0,1,0,0,0,0.0,0.0,-1.0,612.0,15.5,Cold
7382,1,8,0,0,0.0,0.0,0,1,612.0,-1.0,1,1,0,0,0.0,0.0,-1.0,612.0,16.5,Cold
7381,1,8,0,1,0.0,0.0,0,0,612.0,-1.0,4,1,1,0,0.0,0.0,96.33,323.0,20.7,Warm
7380,1,8,0,0,0.0,0.0,0,1,612.0,-1.0,3,2,2,0,0.0,0.0,17.5,577.0,14.0,Cold
7379,1,8,0,0,0.0,0.0,0,1,360.0,-1.0,5,3,0,0,0.0,0.0,63.0,360.0,21.5,Warm
7378,1,8,0,1,0.0,0.0,0,0,612.0,-1.0,2,0,0,0,0.0,0.0,5.0,607.0,18.0,Cold
7377,1,8,0,1,0.0,0.0,0,0,408.0,-1.0,5,0,2,0,0.0,0.0,83.5,278.0,18.0,Cold
7376,1,8,0,0,0.0,0.0,0,1,360.0,-1.0,11,1,2,0,0.0,0.0,25.7,355.0,16.5,Cold
7375,1,8,0,1,0.0,0.0,0,0,612.0,-1.0,2,0,0,0,0.0,0.0,333.0,279.0,18.5,Cold
7374,1,8,0,0,0.0,0.0,0,1,612.0,-1.0,3,2,2,0,0.0,0.0,126.0,360.0,16.0,Cold
7373,1,8,0,0,0.0,0.0,0,1,612.0,-1.0,2,2,1,0,0.0,0.0,249.0,363.0,18.0,Cold
7372,1,8,0,0,0.0,0.0,0,1,612.0,-1.0,4,0,0,0,0.0,0.0,111.0,279.0,15.5,Cold
7371,1,8,0,0,0.0,0.0,0,1,612.0,-1.0,2,0,1,0,0.0,0.0,249.0,363.0,12.5,Cold
7370,1,8,0,0,0.0,0.0,0,1,612.0,-1.0,1,0,1,0,0.0,0.0,-1.0,612.0,10.5,Cold
7369,1,8,0,0,0.0,0.0,0,1,377.0,-1.0,7,0,0,0,0.0,0.0,39.17,377.0,17.0,Cold
7368,1,8,0,1,0.0,0.0,0,0,395.0,-1.0,8,2,0,0,0.0,0.0,48.71,271.0,23.0,Warm
7367,1,8,0,0,0.0,0.0,0,1,360.0,-1.0,21,14,0,0,0.0,0.0,12.6,360.0,36.2,Warm
7366,1,8,0,1,0.0,0.0,0,0,607.0,-1.0,3,1,1,0,0.0,0.0,2.5,607.0,19.5,Cold
7365,1,8,0,0,0.0,0.0,0,1,612.0,-1.0,4,0,0,0,0.0,0.0,111.0,279.0,15.5,Cold
7364,2,8,0,0,0.0,0.0,0,1,351.0,-1.0,19,10,1,0,0.0,0.0,16.33,318.0,34.2,Warm
7363,1,8,0,1,0.0,0.0,0,0,355.0,-1.0,16,3,7,0,0.0,0.0,20.87,299.0,22.9,Warm
7362,1,8,0,0,0.0,0.0,0,1,612.0,-1.0,2,1,0,0,0.0,0.0,278.0,334.0,16.5,Cold
7361,1,8,0,0,0.0,0.0,0,1,612.0,-1.0,5,1,2,0,0.0,0.0,63.5,358.0,16.5,Cold
7360,1,8,0,0,0.0,0.0,0,1,612.0,-1.0,1,1,0,0,0.0,0.0,-1.0,612.0,16.5,Cold
7359,1,8,0,0,0.0,0.0,0,1,377.0,-1.0,7,2,2,0,0.0,0.0,39.17,377.0,19.2,Cold
7358,1,8,0,8,0.0,0.0,0,0,612.0,-1.0,1,0,0,0,0.0,0.0,-1.0,612.0,20.0,Cold
7357,1,8,0,0,0.0,0.0,0,1,360.0,-1.0,10,3,2,0,0.0,0.0,28.0,360.0,17.5,Cold
7356,1,8,0,1,0.0,0.0,0,0,551.0,-1.0,16,8,0,0,0.0,0.0,4.07,551.0,34.4,Warm
7355,1,8,6,0,0.0,0.0,0,1,356.0,-1.0,25,11,3,0,0.0,0.0,24.25,30.0,28.4,Warm
7354,1,8,0,1,0.0,0.0,0,0,612.0,-1.0,3,0,0,0,0.0,0.0,149.5,313.0,16.0,Cold
7353,1,8,0,1,0.0,0.0,0,0,612.0,-1.0,3,1,0,0,0.0,0.0,149.5,313.0,17.5,Cold
7352,1,8,0,1,0.0,0.0,0,0,612.0,-1.0,9,1,2,0,0.0,0.0,39.38,297.0,15.5,Cold
7351,1,8,0,1,0.0,0.0,0,0,612.0,-1.0,7,1,2,0,0.0,0.0,56.0,276.0,16.0,Cold
7350,1,8,0,1,0.0,0.0,0,0,612.0,-1.0,2,0,0,0,0.0,0.0,299.0,313.0,16.0,Cold
7349,1,8,0,0,0.0,0.0,0,1,612.0,-1.0,3,0,0,0,0.0,0.0,158.0,296.0,13.0,Cold
7348,1,8,0,1,0.0,0.0,0,0,612.0,-1.0,4,2,2,0,0.0,0.0,112.33,275.0,20.2,Warm
7347,1,8,0,1,0.0,0.0,0,0,614.0,-1.0,2,0,0,0,0.0,0.0,0.0,614.0,20.0,Cold
7346,1,8,0,1,0.0,0.0,0,0,285.0,-1.0,6,0,0,0,0.0,0.0,69.8,265.0,20.0,Cold
7345,1,8,0,1,0.0,0.0,0,0,612.0,-1.0,5,1,2,0,0.0,0.0,83.25,282.0,17.5,Cold
7344,1,8,0,1,0.0,0.0,0,0,548.0,-1.0,4,2,1,0,0.0,0.0,22.33,548.0,24.0,Warm
7343,1,8,0,0,0.0,0.0,0,1,615.0,-1.0,4,0,1,0,0.0,0.0,106.33,296.0,11.0,Cold
7342,1,8,0,1,0.0,0.0,0,0,612.0,-1.0,6,3,1,0,0.0,0.0,59.8,316.0,23.7,Warm
7341,1,8,0,1,0.0,0.0,0,0,615.0,-1.0,2,0,0,0,0.0,0.0,90.0,525.0,15.5,Cold
7340,1,8,0,1,0.0,0.0,0,0,615.0,-1.0,1,0,0,0,0.0,0.0,-1.0,615.0,18.0,Cold
7339,1,8,0,1,0.0,0.0,0,0,612.0,-1.0,5,2,1,0,0.0,0.0,70.75,332.0,23.4,Warm
7338,1,8,0,1,0.0,0.0,0,0,615.0,-1.0,1,0,0,0,0.0,0.0,-1.0,615.0,18.0,Cold
7337,1,8,0,1,0.0,0.0,0,0,615.0,-1.0,4,1,1,0,0.0,0.0,15.67,568.0,17.5,Cold
7336,1,8,0,1,0.0,0.0,0,0,616.0,-1.0,6,2,0,0,0.0,0.0,60.0,316.0,21.0,Warm
7335,1,8,0,0,0.0,0.0,0,1,616.0,-1.0,6,7,1,0,0.0,0.0,51.2,360.0,25.5,Warm
7334,1,8,0,1,0.0,0.0,0,0,330.0,-1.0,9,1,1,0,0.0,0.0,33.12,330.0,19.5,Cold
7333,1,8,0,0,0.0,0.0,0,1,616.0,-1.0,3,0,1,0,0.0,0.0,120.0,357.0,15.0,Cold
7332,1,8,0,0,0.0,0.0,0,1,352.0,-1.0,4,2,2,0,0.0,0.0,81.0,352.0,16.0,Cold
7331,1,8,0,1,0.0,0.0,0,0,616.0,-1.0,2,1,2,0,0.0,0.0,277.0,339.0,18.7,Cold
7330,1,8,0,0,0.0,0.0,0,1,357.0,-1.0,3,0,0,0,0.0,0.0,109.0,357.0,12.5,Cold
7329,1,8,0,0,0.0,0.0,0,1,358.0,-1.0,4,1,1,0,0.0,0.0,79.0,358.0,16.5,Cold
7328,1,8,0,1,0.0,0.0,0,0,358.0,-1.0,9,3,3,0,0.0,0.0,34.38,300.0,22.5,Warm
7327,1,8,0,0,0.0,0.0,0,1,357.0,-1.0,3,1,2,0,0.0,0.0,130.0,315.0,12.5,Cold
7326,1,8,0,1,0.0,0.0,0,0,355.0,-1.0,12,5,5,0,0.0,0.0,25.45,317.0,23.5,Warm
7325,1,8,0,0,0.0,0.0,0,1,358.0,-1.0,4,0,2,0,0.0,0.0,79.0,358.0,15.0,Cold
7324,1,8,0,1,0.0,0.0,0,0,350.0,-1.0,6,2,2,0,0.0,0.0,64.8,248.0,19.0,Cold
7323,1,8,0,1,0.0,0.0,0,0,616.0,-1.0,3,0,0,0,0.0,0.0,174.0,247.0,18.0,Cold
7322,1,8,0,0,0.0,0.0,0,1,357.0,-1.0,3,1,1,0,0.0,0.0,120.0,357.0,16.5,Cold
7321,1,8,0,0,0.0,0.0,0,1,616.0,-1.0,1,0,0,0,0.0,0.0,-1.0,373.0,15.0,Cold
7320,1,8,0,0,0.0,0.0,0,1,572.0,-1.0,2,1,0,0,0.0,0.0,0.0,572.0,18.5,Cold
7319,1,8,0,1,0.0,0.0,0,0,616.0,-1.0,2,0,0,0,0.0,0.0,324.0,247.0,15.5,Cold
7318,1,8,0,0,0.0,0.0,0,1,616.0,-1.0,1,0,0,0,0.0,0.0,-1.0,571.0,13.0,Cold
7317,1,8,0,1,0.0,0.0,0,0,616.0,-1.0,2,0,0,0,0.0,0.0,324.0,247.0,15.5,Cold
7316,1,8,0,0,0.0,0.0,0,1,568.0,-1.0,5,1,1,0,0.0,0.0,1.0,568.0,16.5,Cold
7315,1,8,0,0,0.0,0.0,0,1,572.0,-1.0,3,0,0,0,0.0,0.0,0.0,572.0,17.0,Cold
7314,1,8,0,0,0.0,0.0,0,1,297.0,-1.0,2,0,0,0,0.0,0.0,275.0,297.0,17.0,Cold
7313,1,8,0,0,0.0,0.0,0,1,616.0,-1.0,2,0,0,0,0.0,0.0,46.0,526.0,15.0,Cold
7312,1,8,0,1,0.0,0.0,0,0,351.0,-1.0,9,4,2,0,0.0,0.0,35.75,290.0,24.0,Warm
7311,1,8,0,0,0.0,0.0,0,1,548.0,-1.0,3,0,0,0,0.0,0.0,12.0,548.0,17.0,Cold
7310,1,8,0,0,0.0,0.0,0,1,616.0,-1.0,2,0,0,0,0.0,0.0,2.0,391.0,15.0,Cold
7309,1,8,0,0,0.0,0.0,0,1,582.0,-1.0,4,2,1,0,0.0,0.0,25.0,523.0,19.2,Cold
7308,1,8,0,0,0.0,0.0,0,1,588.0,-1.0,4,2,1,0,0.0,0.0,30.33,506.0,18.0,Cold
7307,1,8,0,0,0.0,0.0,0,1,616.0,-1.0,2,0,0,0,0.0,0.0,2.0,320.0,15.0,Cold
7306,1,8,0,0,0.0,0.0,0,1,616.0,-1.0,2,1,2,0,0.0,0.0,22.0,300.0,15.7,Cold
7305,1,8,0,0,0.0,0.0,0,1,616.0,-1.0,2,0,1,0,0.0,0.0,4.0,318.0,13.0,Cold
7304,1,8,0,0,0.0,0.0,0,1,616.0,-1.0,3,0,0,0,0.0,0.0,45.5,506.0,12.5,Cold
7303,1,8,0,0,0.0,0.0,0,1,616.0,-1.0,6,1,2,0,0.0,0.0,54.0,300.0,15.7,Cold
7302,1,8,0,0,0.0,0.0,0,1,616.0,-1.0,3,0,0,0,0.0,0.0,46.0,506.0,15.0,Cold
7301,1,8,0,0,0.0,0.0,0,1,616.0,-1.0,2,0,0,0,0.0,0.0,248.0,322.0,17.0,Cold
7300,1,8,0,0,0.0,0.0,0,1,616.0,-1.0,2,1,1,0,0.0,0.0,64.0,506.0,16.5,Cold
7299,2,8,0,0,0.0,0.0,0,1,357.0,-1.0,9,5,1,0,0.0,0.0,27.25,357.0,25.5,Warm
7298,1,8,0,0,0.0,0.0,0,1,573.0,-1.0,3,0,0,0,0.0,0.0,126.5,322.0,17.0,Cold
7297,1,8,0,0,0.0,0.0,0,1,573.0,-1.0,4,1,2,0,0.0,0.0,86.0,317.0,14.5,Cold
7296,1,8,0,0,0.0,0.0,0,1,616.0,-1.0,4,0,3,0,0.0,0.0,86.0,317.0,10.5,Cold
7295,1,8,0,0,0.0,0.0,0,1,616.0,-1.0,3,0,0,0,0.0,0.0,129.0,317.0,15.0,Cold
7294,1,8,0,1,0.0,0.0,0,0,573.0,-1.0,4,1,1,0,0.0,0.0,109.33,247.0,19.5,Cold
7293,1,8,0,1,0.0,0.0,0,0,616.0,-1.0,5,0,0,0,0.0,0.0,81.75,248.0,15.5,Cold
7292,1,8,0,0,0.0,0.0,0,1,573.0,-1.0,4,1,1,0,0.0,0.0,91.67,300.0,17.7,Cold
7291,1,8,0,0,0.0,0.0,0,1,616.0,-1.0,3,0,0,0,0.0,0.0,139.0,297.0,12.5,Cold
7290,1,8,0,1,0.0,0.0,0,0,616.0,-1.0,1,1,0,0,0.0,0.0,-1.0,390.0,19.5,Cold
7289,1,8,0,0,0.0,0.0,0,1,573.0,-1.0,4,1,3,0,0.0,0.0,85.67,318.0,14.5,Cold
7288,1,8,0,0,0.0,0.0,0,1,343.0,-1.0,16,6,0,0,0.0,0.0,18.6,316.0,29.0,Warm
7287,1,8,0,1,0.0,0.0,0,0,616.0,-1.0,3,0,0,0,0.0,0.0,173.5,248.0,18.0,Cold
7286,1,8,0,0,0.0,0.0,0,1,356.0,-1.0,7,4,4,0,0.0,0.0,40.17,356.0,19.0,Cold
7285,1,8,0,1,0.0,0.0,0,0,337.0,-1.0,13,3,5,0,0.0,0.0,27.25,248.0,20.5,Warm
7283,1,8,0,0,0.0,0.0,0,1,616.0,-1.0,2,0,0,0,0.0,0.0,267.0,328.0,15.0,Cold
7282,1,8,0,0,0.0,0.0,0,1,616.0,-1.0,1,0,0,0,0.0,0.0,-1.0,575.0,12.5,Cold
7281,1,8,0,0,0.0,0.0,0,1,357.0,-1.0,4,1,0,0,0.0,0.0,72.67,357.0,18.5,Cold
7280,1,8,0,1,0.0,0.0,0,0,350.0,-1.0,7,1,2,0,0.0,0.0,58.5,246.0,17.5,Cold
7279,1,8,0,0,0.0,0.0,0,1,346.0,-1.0,5,2,4,0,0.0,0.0,73.5,303.0,16.0,Cold
7278,1,8,0,0,0.0,0.0,0,1,358.0,-1.0,5,1,1,0,0.0,0.0,54.25,358.0,16.5,Cold
7277,1,8,0,0,0.0,0.0,0,1,616.0,-1.0,2,0,0,0,0.0,0.0,46.0,526.0,15.0,Cold
7276,1,8,0,0,0.0,0.0,0,1,616.0,-1.0,2,0,0,0,0.0,0.0,45.0,526.0,12.5,Cold
7275,1,8,0,0,0.0,0.0,0,1,616.0,-1.0,2,1,1,0,0.0,0.0,70.0,502.0,13.2,Cold
7274,1,8,0,0,0.0,0.0,0,1,288.0,-1.0,4,0,0,0,0.0,0.0,109.33,288.0,17.0,Cold
7273,1,8,0,1,0.0,0.0,0,0,616.0,-1.0,2,0,0,0,0.0,0.0,369.0,247.0,15.5,Cold
7272,1,8,0,1,0.0,0.0,0,0,292.0,-1.0,5,0,0,0,0.0,0.0,86.75,269.0,20.0,Cold
7271,1,8,0,1,0.0,0.0,0,0,616.0,-1.0,2,0,0,0,0.0,0.0,369.0,247.0,15.5,Cold
7270,1,8,0,1,0.0,0.0,0,0,616.0,-1.0,3,0,0,0,0.0,0.0,184.0,248.0,15.5,Cold
7269,1,8,0,1,0.0,0.0,0,0,616.0,-1.0,2,0,0,0,0.0,0.0,369.0,247.0,15.5,Cold
7268,1,8,0,0,0.0,0.0,0,1,616.0,-1.0,2,1,1,0,0.0,0.0,0.0,616.0,16.5,Cold
7267,1,8,0,0,0.0,0.0,0,1,356.0,-1.0,6,3,0,0,0.0,0.0,52.0,356.0,21.5,Warm
7266,1,8,0,1,0.0,0.0,0,0,327.0,-1.0,6,1,1,0,0.0,0.0,57.8,327.0,19.5,Cold
7265,1,8,0,1,0.0,0.0,0,0,350.0,-1.0,3,2,1,0,0.0,0.0,184.0,248.0,19.0,Cold
7264,1,8,0,0,0.0,0.0,0,1,350.0,-1.0,2,0,2,0,0.0,0.0,266.0,350.0,8.5,Cold
7263,1,8,0,1,0.0,0.0,0,0,357.0,-1.0,4,0,2,0,0.0,0.0,122.67,248.0,16.0,Cold
7262,1,8,0,0,0.0,0.0,0,1,362.0,-1.0,2,0,0,0,0.0,0.0,254.0,362.0,12.5,Cold
7261,1,8,0,1,0.0,0.0,0,0,357.0,-1.0,4,1,1,0,0.0,0.0,122.67,248.0,17.5,Cold
7260,1,8,0,1,0.0,0.0,0,0,365.0,-1.0,11,0,0,0,0.0,0.0,4.0,327.0,20.0,Cold
7259,1,8,0,0,0.0,0.0,0,1,341.0,-1.0,8,3,5,0,0.0,0.0,38.43,313.0,16.7,Cold
7258,1,8,0,0,0.0,0.0,0,1,358.0,-1.0,6,2,2,0,0.0,0.0,44.8,358.0,18.0,Cold
7257,1,8,0,0,0.0,0.0,0,1,356.0,-1.0,9,0,3,0,0.0,0.0,4.88,328.0,15.0,Cold
7256,1,8,0,0,0.0,0.0,0,1,617.0,-1.0,6,1,5,0,0.0,0.0,52.8,352.0,14.5,Cold
7255,1,8,0,0,0.0,0.0,0,1,353.0,-1.0,9,2,4,0,0.0,0.0,41.75,282.0,16.0,Cold
7254,1,8,0,0,0.0,0.0,0,1,617.0,-1.0,2,2,2,0,0.0,0.0,302.0,314.0,16.0,Cold
7253,1,8,0,1,0.0,0.0,0,0,356.0,-1.0,9,1,3,0,0.0,0.0,46.12,247.0,17.5,Cold
7252,1,8,0,1,0.0,0.0,0,0,357.0,-1.0,6,4,2,0,0.0,0.0,57.6,328.0,24.0,Warm
7251,1,8,0,0,0.0,0.0,0,1,337.0,-1.0,7,1,2,0,0.0,0.0,52.67,300.0,14.5,Cold
7250,1,8,0,1,0.0,0.0,0,0,327.0,-1.0,7,2,2,0,0.0,0.0,42.5,327.0,19.0,Cold
7249,1,8,0,0,0.0,0.0,0,1,367.0,-1.0,2,0,0,0,0.0,0.0,0.0,367.0,17.0,Cold
7248,1,8,0,0,0.0,0.0,0,1,617.0,-1.0,2,0,0,0,0.0,0.0,76.0,506.0,12.5,Cold
7247,1,8,0,0,0.0,0.0,0,1,341.0,-1.0,9,1,3,0,0.0,0.0,30.12,341.0,12.5,Cold
7246,1,8,0,0,0.0,0.0,0,1,367.0,-1.0,2,0,0,0,0.0,0.0,0.0,367.0,17.0,Cold
7245,1,8,0,0,0.0,0.0,0,1,360.0,-1.0,3,0,2,0,0.0,0.0,128.0,360.0,8.5,Cold
7244,1,8,0,0,0.0,0.0,0,1,337.0,-1.0,6,2,4,0,0.0,0.0,60.4,314.0,14.0,Cold
7243,1,8,0,0,0.0,0.0,0,1,328.0,-1.0,3,0,0,0,0.0,0.0,144.0,328.0,17.0,Cold
7242,1,8,0,0,0.0,0.0,0,1,325.0,-1.0,8,1,1,0,0.0,0.0,41.57,325.0,16.5,Cold
7241,1,8,0,0,0.0,0.0,0,1,359.0,-1.0,4,1,2,0,0.0,0.0,92.33,339.0,14.5,Cold
7240,1,8,0,1,0.0,0.0,0,0,357.0,-1.0,3,0,1,0,0.0,0.0,163.5,248.0,14.0,Cold
7239,1,8,0,0,0.0,0.0,0,1,356.0,-1.0,6,0,1,0,0.0,0.0,52.0,356.0,15.0,Cold
7238,1,8,0,0,0.0,0.0,0,1,327.0,-1.0,9,1,1,0,0.0,0.0,36.12,327.0,16.5,Cold
7237,1,8,0,0,0.0,0.0,0,1,617.0,-1.0,10,1,9,0,0.0,0.0,31.67,331.0,14.5,Cold
7236,1,8,0,0,0.0,0.0,0,1,356.0,-1.0,9,2,3,0,0.0,0.0,32.5,356.0,17.2,Cold
7235,3,8,0,8,0.0,0.0,0,0,617.0,-1.0,2,0,0,0,0.0,0.0,0.0,617.0,27.0,Warm
7234,1,8,0,1,0.0,0.0,0,0,618.0,-1.0,3,0,1,0,0.0,0.0,139.5,339.0,15.5,Cold
7233,1,8,0,1,0.0,0.0,0,0,621.0,-1.0,9,1,0,0,0.0,0.0,27.62,400.0,21.5,Warm
7232,1,8,6,1,0.0,0.0,0,0,623.0,-1.0,16,4,2,0,0.0,0.0,35.4,92.0,25.0,Warm
7231,1,8,0,1,0.0,0.0,0,0,623.0,-1.0,5,3,2,0,0.0,0.0,27.75,512.0,22.5,Warm
7230,1,8,6,1,0.0,0.0,0,0,623.0,-1.0,12,2,4,0,0.0,0.0,48.36,91.0,24.0,Warm
7229,1,8,0,0,0.0,0.0,0,1,623.0,-1.0,6,5,3,0,0.0,0.0,83.2,207.0,22.5,Warm
7227,1,8,6,1,0.0,0.0,0,0,352.0,-1.0,29,10,1,0,0.0,0.0,21.5,23.0,42.0,Interested
7226,1,8,0,1,0.0,0.0,0,0,317.0,-1.0,4,1,0,0,0.0,0.0,103.0,317.0,21.5,Warm
7225,1,8,0,1,0.0,0.0,0,0,626.0,-1.0,6,4,2,0,0.0,0.0,69.6,278.0,23.2,Warm
7224,1,8,0,0,0.0,0.0,0,1,626.0,-1.0,4,0,0,0,0.0,0.0,42.0,500.0,15.0,Cold
7223,2,8,0,1,0.0,0.0,0,0,355.0,-1.0,16,11,0,0,0.0,0.0,18.13,355.0,41.0,Interested
7222,1,8,0,1,0.0,0.0,0,0,315.0,-1.0,4,1,0,0,0.0,0.0,104.33,315.0,21.5,Warm
7221,1,8,0,0,0.0,0.0,0,1,628.0,-1.0,2,1,0,0,0.0,0.0,250.0,378.0,18.5,Cold
7220,1,8,2,1,0.0,0.0,0,0,628.0,-1.0,3,0,2,0,0.0,0.0,283.5,61.0,15.0,Cold
7219,1,8,0,0,0.0,0.0,0,1,628.0,-1.0,2,2,2,0,0.0,0.0,0.0,628.0,17.2,Cold
7218,1,8,0,0,0.0,0.0,0,1,628.0,-1.0,3,0,0,0,0.0,0.0,132.5,363.0,17.0,Cold
7217,1,8,0,0,0.0,0.0,0,1,628.0,-1.0,2,0,0,0,0.0,0.0,250.0,378.0,17.0,Cold
7216,1,8,0,0,0.0,0.0,0,1,628.0,-1.0,2,0,0,0,0.0,0.0,250.0,378.0,17.0,Cold
7215,1,8,0,0,0.0,0.0,0,1,628.0,-1.0,2,2,0,0,0.0,0.0,250.0,378.0,20.0,Cold
7214,1,8,0,0,0.0,0.0,0,1,628.0,-1.0,2,1,0,0,0.0,0.0,250.0,378.0,18.5,Cold
7213,1,8,0,1,0.0,0.0,0,0,628.0,-1.0,5,2,0,0,0.0,0.0,78.25,315.0,19.0,Cold
7212,1,8,0,1,0.0,0.0,0,0,628.0,-1.0,2,0,0,0,0.0,0.0,312.0,316.0,16.0,Cold
7211,1,8,0,1,0.0,0.0,0,0,628.0,-1.0,2,0,0,0,0.0,0.0,312.0,316.0,15.5,Cold
7210,1,8,0,1,0.0,0.0,0,0,628.0,-1.0,2,0,0,0,0.0,0.0,312.0,316.0,16.0,Cold
7209,1,8,0,1,0.0,0.0,0,0,628.0,-1.0,2,0,1,0,0.0,0.0,331.0,297.0,16.0,Cold
7208,1,8,0,1,0.0,0.0,0,0,317.0,-1.0,6,1,0,0,0.0,0.0,62.2,317.0,21.5,Warm
7207,1,8,0,1,0.0,0.0,0,0,628.0,-1.0,3,0,0,0,0.0,0.0,156.5,315.0,16.0,Cold
7206,1,8,0,1,0.0,0.0,0,0,626.0,-1.0,5,0,0,0,0.0,0.0,78.25,315.0,20.0,Cold
7205,1,8,0,1,0.0,0.0,0,0,628.0,-1.0,7,0,0,0,0.0,0.0,25.0,478.0,18.0,Cold
7204,1,8,0,0,0.0,0.0,0,1,628.0,-1.0,4,0,0,0,0.0,0.0,111.0,295.0,13.0,Cold
7203,1,8,0,1,0.0,0.0,0,0,626.0,-1.0,6,2,2,0,0.0,0.0,82.0,218.0,19.0,Cold
7202,1,8,0,0,0.0,0.0,0,1,364.0,-1.0,7,0,0,0,0.0,0.0,44.0,364.0,17.0,Cold
7201,1,8,0,0,0.0,0.0,0,1,360.0,-1.0,12,2,1,0,0.0,0.0,24.36,360.0,18.0,Cold
7200,1,8,0,0,0.0,0.0,0,1,628.0,-1.0,3,0,0,0,0.0,0.0,174.5,279.0,17.0,Cold
7199,1,8,0,0,0.0,0.0,0,1,364.0,-1.0,5,1,0,0,0.0,0.0,66.25,364.0,18.5,Cold
7198,1,8,0,1,0.0,0.0,0,0,296.0,-1.0,6,0,1,0,0.0,0.0,66.8,296.0,18.0,Cold
7197,1,8,0,1,0.0,0.0,0,0,630.0,-1.0,5,0,0,0,0.0,0.0,86.75,283.0,18.5,Cold
7196,1,8,0,1,0.0,0.0,0,0,559.0,-1.0,7,1,0,0,0.0,0.0,38.0,332.0,21.5,Warm
7195,1,8,0,1,0.0,0.0,0,0,349.0,-1.0,8,4,0,0,0.0,0.0,32.86,330.0,26.0,Warm
7194,1,8,0,0,0.0,0.0,0,1,630.0,-1.0,1,0,0,0,0.0,0.0,-1.0,526.0,15.0,Cold
7193,1,8,0,1,0.0,0.0,0,0,630.0,-1.0,5,0,1,0,0.0,0.0,43.75,352.0,14.0,Cold
7192,1,8,0,0,0.0,0.0,0,1,630.0,-1.0,1,1,1,0,0.0,0.0,-1.0,527.0,15.7,Cold
7191,1,8,0,1,0.0,0.0,0,0,630.0,-1.0,6,0,0,0,0.0,0.0,40.8,323.0,18.0,Cold
7190,1,8,0,1,0.0,0.0,0,0,351.0,-1.0,4,2,0,0,0.0,0.0,93.0,351.0,23.0,Warm
7189,1,8,0,0,0.0,0.0,0,1,630.0,-1.0,2,0,0,0,0.0,0.0,2.0,628.0,12.5,Cold
7188,1,8,0,1,0.0,0.0,0,0,341.0,-1.0,12,4,2,0,0.0,0.0,26.27,341.0,24.0,Warm
7187,1,8,0,1,0.0,0.0,0,0,569.0,-1.0,9,0,0,0,0.0,0.0,37.62,329.0,20.0,Cold
7186,1,8,0,1,0.0,0.0,0,0,618.0,-1.0,9,1,0,0,0.0,0.0,36.38,339.0,21.5,Warm
7185,1,8,0,1,0.0,0.0,0,0,567.0,-1.0,5,2,1,0,0.0,0.0,74.5,332.0,21.0,Warm
7184,1,8,0,1,0.0,0.0,0,0,632.0,-1.0,4,0,0,0,0.0,0.0,117.67,279.0,18.5,Cold
7183,2,8,0,1,0.0,0.0,0,0,392.0,-1.0,10,1,0,0,0.0,0.0,37.44,295.0,25.7,Warm
7182,1,8,0,1,0.0,0.0,0,0,632.0,-1.0,2,1,1,0,0.0,0.0,300.0,332.0,17.5,Cold
7181,1,8,0,0,0.0,0.0,0,1,629.0,-1.0,4,7,0,0,0.0,0.0,1.0,629.0,27.5,Warm
7180,1,8,0,1,0.0,0.0,0,0,632.0,-1.0,6,2,1,0,0.0,0.0,72.0,272.0,19.5,Cold
7179,1,8,0,1,0.0,0.0,0,0,547.0,-1.0,8,2,0,0,0.0,0.0,49.0,289.0,23.0,Warm
7178,1,8,0,0,0.0,0.0,0,1,362.0,-1.0,16,4,2,0,0.0,0.0,18.0,362.0,21.0,Warm
7177,1,8,0,1,0.0,0.0,0,0,632.0,-1.0,4,0,1,0,0.0,0.0,106.33,313.0,16.0,Cold
7176,1,8,6,1,0.0,0.0,0,0,184.0,-1.0,24,4,0,0,0.0,0.0,24.43,70.0,32.0,Warm
7175,1,8,2,0,0.0,0.0,0,1,632.0,-1.0,11,6,7,0,49.0,0.0,57.3,59.0,23.4,Warm
7174,1,8,0,0,0.0,0.0,0,1,632.0,-1.0,8,0,5,0,0.0,0.0,48.14,295.0,10.5,Cold
7172,1,8,6,1,0.0,0.0,0,0,190.0,-1.0,25,2,7,0,97.0,0.0,24.54,43.0,24.0,Warm
7171,1,8,0,1,0.0,0.0,0,0,273.0,-1.0,9,2,2,0,0.0,0.0,48.38,245.0,19.0,Cold
7170,1,8,0,1,0.0,0.0,0,0,315.0,-1.0,5,1,0,0,0.0,0.0,79.25,315.0,21.5,Warm
7169,1,8,6,1,0.0,0.0,0,0,278.0,-1.0,15,1,0,1,186.0,0.0,44.0,16.0,29.5,Warm
7168,1,8,0,1,0.0,0.0,0,0,296.0,-1.0,13,1,1,0,0.0,0.0,32.25,245.0,19.5,Cold
7167,1,8,6,1,0.0,0.0,0,0,206.0,-1.0,16,1,0,0,0.0,0.0,37.6,68.0,24.5,Warm
7166,1,8,6,1,0.0,0.0,0,0,629.0,-1.0,17,0,0,0,0.0,0.0,35.81,59.0,23.0,Warm
7165,1,8,6,1,0.0,0.0,0,0,217.0,-1.0,16,0,0,0,50.0,0.0,29.87,184.0,23.0,Warm
7163,2,8,6,1,0.0,0.0,0,0,632.0,-1.0,13,2,0,0,0.0,0.0,36.83,191.0,29.0,Warm
7162,1,8,0,1,0.0,0.0,0,0,632.0,-1.0,2,0,0,0,0.0,0.0,1.0,632.0,20.0,Cold
7161,1,8,0,1,0.0,0.0,0,0,330.0,-1.0,7,0,2,0,0.0,0.0,50.5,330.0,18.0,Cold
7160,1,8,0,1,0.0,0.0,0,0,624.0,-1.0,12,1,4,0,0.0,0.0,35.09,247.0,18.7,Cold
7159,1,8,0,1,0.0,0.0,0,0,633.0,-1.0,2,0,0,0,0.0,0.0,0.0,633.0,20.0,Cold
7158,1,8,0,0,0.0,0.0,0,1,630.0,-1.0,5,0,2,0,0.0,0.0,0.75,630.0,15.0,Cold
7157,1,8,0,0,0.0,0.0,0,1,630.0,-1.0,7,0,2,0,0.0,0.0,0.67,629.0,15.0,Cold
7156,1,8,0,1,0.0,0.0,0,0,633.0,-1.0,8,0,1,0,0.0,0.0,39.0,360.0,18.0,Cold
7155,1,8,0,1,0.0,0.0,0,0,632.0,-1.0,6,2,2,0,0.0,0.0,85.8,204.0,21.0,Warm
7154,1,8,0,1,0.0,0.0,0,0,357.0,-1.0,10,3,3,0,0.0,0.0,47.67,204.0,22.5,Warm
7153,1,8,0,1,0.0,0.0,0,0,633.0,-1.0,4,2,1,0,0.0,0.0,127.0,252.0,21.0,Warm
7152,2,8,0,1,0.0,0.0,0,0,313.0,-1.0,13,5,1,0,0.0,0.0,26.67,313.0,28.5,Warm
7151,1,8,0,1,0.0,0.0,0,0,632.0,-1.0,8,2,2,0,0.0,0.0,54.43,252.0,21.0,Warm
7150,2,8,0,0,0.0,0.0,0,1,630.0,-1.0,9,0,1,0,0.0,0.0,52.75,211.0,18.0,Cold
7149,1,8,0,1,0.0,0.0,0,0,628.0,-1.0,8,1,1,0,0.0,0.0,61.71,201.0,19.5,Cold
7148,1,8,0,1,0.0,0.0,0,0,633.0,-1.0,6,0,0,0,0.0,0.0,28.2,492.0,17.5,Cold
7147,1,8,0,1,0.0,0.0,0,0,633.0,-1.0,2,0,0,0,0.0,0.0,0.0,633.0,20.0,Cold
7146,1,8,0,1,0.0,0.0,0,0,633.0,-1.0,4,0,0,0,0.0,0.0,124.33,260.0,15.5,Cold
7145,1,8,0,1,0.0,0.0,0,0,632.0,-1.0,3,0,0,0,0.0,0.0,156.0,321.0,20.0,Cold
7144,1,8,0,1,0.0,0.0,0,0,315.0,-1.0,13,2,2,0,0.0,0.0,31.5,255.0,19.0,Cold
7143,1,8,0,1,0.0,0.0,0,0,569.0,-1.0,15,3,2,0,0.0,0.0,27.0,255.0,22.5,Warm
7142,1,8,0,1,0.0,0.0,0,0,633.0,-1.0,5,0,0,0,0.0,0.0,94.5,255.0,18.0,Cold
7141,1,8,0,1,0.0,0.0,0,0,633.0,-1.0,5,1,1,0,0.0,0.0,94.5,255.0,17.5,Cold
7140,1,8,0,1,0.0,0.0,0,0,626.0,-1.0,8,1,3,0,0.0,0.0,45.43,315.0,17.5,Cold
7139,1,8,0,1,0.0,0.0,0,0,632.0,-1.0,6,3,1,0,0.0,0.0,85.2,207.0,22.5,Warm
7138,1,8,6,1,0.0,0.0,0,0,632.0,-1.0,7,2,1,0,0.0,0.0,74.83,184.0,24.0,Warm
7137,1,8,0,1,0.0,0.0,0,0,588.0,-1.0,21,12,1,0,26.0,0.0,21.7,199.0,33.6,Warm
7136,1,8,0,1,0.0,0.0,0,0,633.0,-1.0,2,0,0,0,0.0,0.0,7.0,626.0,18.0,Cold
7134,1,8,0,0,0.0,0.0,0,1,634.0,-1.0,6,1,1,0,0.0,0.0,5.0,278.0,17.7,Cold
7133,1,8,0,1,0.0,0.0,0,0,634.0,-1.0,3,0,1,0,0.0,0.0,15.0,279.0,14.0,Cold
7132,1,8,0,1,0.0,0.0,0,0,634.0,-1.0,3,0,0,0,0.0,0.0,15.0,279.0,16.0,Cold
7131,1,8,0,0,0.0,0.0,0,1,634.0,-1.0,3,0,1,0,0.0,0.0,15.5,278.0,13.5,Cold
7130,1,8,0,1,0.0,0.0,0,0,634.0,-1.0,2,1,0,0,0.0,0.0,357.0,276.0,20.0,Cold
7129,1,8,0,1,0.0,0.0,0,0,315.0,-1.0,4,0,0,0,0.0,0.0,106.0,315.0,20.0,Cold
7127,1,8,0,1,0.0,0.0,0,0,634.0,-1.0,4,1,1,0,0.0,0.0,38.33,196.0,20.7,Warm
7126,1,8,0,1,0.0,0.0,0,0,314.0,-1.0,3,0,0,0,0.0,0.0,159.5,314.0,20.0,Cold
7125,1,8,0,1,0.0,0.0,0,0,634.0,-1.0,4,1,1,0,0.0,0.0,8.0,279.0,18.2,Cold
7124,1,8,0,0,0.0,0.0,0,1,634.0,-1.0,1,0,0,0,0.0,0.0,-1.0,311.0,12.5,Cold
7123,1,8,0,1,0.0,0.0,0,0,314.0,-1.0,3,0,0,0,0.0,0.0,159.5,314.0,20.0,Cold
7122,1,8,0,1,0.0,0.0,0,0,634.0,-1.0,3,0,1,0,0.0,0.0,18.5,272.0,16.5,Cold
7121,1,8,0,0,0.0,0.0,0,1,634.0,-1.0,4,0,1,0,0.0,0.0,10.0,279.0,13.5,Cold
7120,1,8,0,1,0.0,0.0,0,0,634.0,-1.0,4,2,1,0,0.0,0.0,10.33,278.0,19.5,Cold
7119,1,8,0,1,0.0,0.0,0,0,634.0,-1.0,2,0,0,0,0.0,0.0,319.0,314.0,18.0,Cold
7118,1,8,0,1,0.0,0.0,0,0,634.0,-1.0,3,0,1,0,0.0,0.0,14.5,280.0,16.5,Cold
7117,1,8,0,1,0.0,0.0,0,0,635.0,-1.0,6,0,1,0,0.0,0.0,9.0,590.0,16.0,Cold
7116,1,8,0,1,0.0,0.0,0,0,635.0,-1.0,2,0,0,0,0.0,0.0,5.0,630.0,18.0,Cold
7115,1,8,0,1,0.0,0.0,0,0,635.0,-1.0,1,0,0,0,0.0,0.0,-1.0,635.0,15.5,Cold
7114,1,8,0,1,0.0,0.0,0,0,635.0,-1.0,1,0,0,0,0.0,0.0,-1.0,635.0,15.5,Cold
7113,2,8,6,1,0.0,0.0,0,0,346.0,-1.0,14,2,1,0,0.0,0.0,41.77,92.0,27.0,Warm
7112,1,8,0,1,0.0,0.0,0,0,635.0,-1.0,1,0,0,0,0.0,0.0,-1.0,635.0,18.0,Cold
7111,1,8,0,1,0.0,0.0,0,0,635.0,-1.0,1,0,0,0,0.0,0.0,-1.0,635.0,15.5,Cold
7110,1,8,0,1,0.0,0.0,0,0,635.0,-1.0,1,0,0,0,0.0,0.0,-1.0,635.0,15.5,Cold
7109,1,8,0,1,0.0,0.0,0,0,635.0,-1.0,1,0,0,0,0.0,0.0,-1.0,635.0,15.5,Cold
7108,1,8,0,1,0.0,0.0,0,0,363.0,-1.0,13,2,0,0,0.0,0.0,23.83,349.0,23.0,Warm
7107,1,8,0,0,0.0,0.0,0,1,360.0,-1.0,6,0,1,0,0.0,0.0,55.0,360.0,16.0,Cold
7106,1,8,0,1,0.0,0.0,0,0,635.0,-1.0,2,0,0,0,0.0,0.0,0.0,635.0,20.0,Cold
7105,1,8,0,1,0.0,0.0,0,0,636.0,-1.0,3,0,0,0,0.0,0.0,1.0,633.0,15.5,Cold
7104,1,8,0,0,0.0,0.0,0,1,636.0,-1.0,2,0,0,0,0.0,0.0,2.0,365.0,15.0,Cold
7103,1,8,0,1,0.0,0.0,0,0,636.0,-1.0,3,0,1,0,0.0,0.0,160.5,314.0,16.0,Cold
7102,1,8,0,1,0.0,0.0,0,0,636.0,-1.0,5,5,1,0,0.0,0.0,84.0,299.0,27.7,Warm
7101,1,8,0,1,0.0,0.0,0,0,635.0,-1.0,5,2,1,0,0.0,0.0,89.25,278.0,21.0,Warm
7100,1,8,0,1,0.0,0.0,0,0,636.0,-1.0,5,4,0,0,0.0,0.0,88.25,282.0,24.5,Warm
7099,1,8,0,1,0.0,0.0,0,0,314.0,-1.0,7,2,0,0,0.0,0.0,57.67,289.0,23.0,Warm
7098,1,8,0,1,0.0,0.0,0,0,635.0,-1.0,6,2,1,0,0.0,0.0,65.6,307.0,24.0,Warm
7097,1,8,0,1,0.0,0.0,0,0,636.0,-1.0,2,1,0,0,0.0,0.0,359.0,276.0,20.0,Cold
7096,1,8,0,1,0.0,0.0,0,0,636.0,-1.0,5,1,0,0,0.0,0.0,89.0,279.0,20.0,Cold
7095,1,8,0,0,0.0,0.0,0,1,360.0,-1.0,14,2,1,0,0.0,0.0,21.23,360.0,18.0,Cold
7094,1,8,6,1,0.0,0.0,0,0,355.0,-1.0,25,6,7,0,0.0,0.0,25.42,26.0,29.2,Warm
7092,1,8,0,1,0.0,0.0,0,0,636.0,-1.0,1,0,0,0,0.0,0.0,-1.0,635.0,18.0,Cold
7091,1,8,0,1,0.0,0.0,0,0,636.0,-1.0,1,3,0,0,0.0,0.0,-1.0,635.0,22.5,Warm
7090,1,8,0,1,0.0,0.0,0,0,636.0,-1.0,1,0,1,0,0.0,0.0,-1.0,636.0,13.5,Cold
7089,1,8,0,1,0.0,0.0,0,0,636.0,-1.0,1,0,0,0,0.0,0.0,-1.0,636.0,15.5,Cold
7088,1,8,0,1,0.0,0.0,0,0,636.0,-1.0,1,0,0,0,0.0,0.0,-1.0,636.0,15.5,Cold
7087,1,8,0,1,0.0,0.0,0,0,636.0,-1.0,1,0,0,0,0.0,0.0,-1.0,636.0,15.5,Cold
7086,1,8,0,1,0.0,0.0,0,0,636.0,-1.0,2,2,0,0,0.0,0.0,6.0,630.0,21.0,Warm
7085,1,8,0,1,0.0,0.0,0,0,367.0,-1.0,6,1,0,0,0.0,0.0,3.2,351.0,21.5,Warm
7084,1,8,0,0,0.0,0.0,0,1,636.0,-1.0,3,0,1,0,0.0,0.0,137.5,360.0,10.5,Cold
7083,1,8,0,0,0.0,0.0,0,1,349.0,-1.0,7,0,0,0,0.0,0.0,5.5,334.0,17.0,Cold
7082,1,8,0,1,0.0,0.0,0,0,591.0,-1.0,2,1,1,0,0.0,0.0,4.0,591.0,19.5,Cold
7081,1,8,0,1,0.0,0.0,0,0,349.0,-1.0,5,1,1,0,0.0,0.0,61.5,349.0,19.5,Cold
7080,1,8,0,1,0.0,0.0,0,0,636.0,-1.0,3,0,0,0,0.0,0.0,5.5,356.0,15.5,Cold
7079,1,8,0,0,0.0,0.0,0,1,360.0,-1.0,3,0,1,0,0.0,0.0,3.0,360.0,15.0,Cold
7078,1,8,0,1,0.0,0.0,0,0,341.0,-1.0,14,1,2,0,0.0,0.0,3.54,320.0,19.5,Cold
7077,1,8,0,0,0.0,0.0,0,1,366.0,-1.0,3,0,0,0,0.0,0.0,3.0,360.0,17.0,Cold
7076,1,8,0,1,0.0,0.0,0,0,356.0,-1.0,3,1,1,0,0.0,0.0,139.5,356.0,19.5,Cold
7075,1,8,0,1,0.0,0.0,0,0,364.0,-1.0,3,1,0,0,0.0,0.0,3.5,357.0,21.5,Warm
7074,2,8,0,1,0.0,0.0,0,0,344.0,-1.0,12,3,1,0,0.0,0.0,4.18,318.0,25.5,Warm
7073,1,8,0,0,0.0,0.0,0,1,364.0,-1.0,2,0,0,0,0.0,0.0,0.0,364.0,17.0,Cold
7072,1,8,0,1,0.0,0.0,0,0,355.0,-1.0,6,1,0,0,0.0,0.0,1.8,355.0,21.5,Warm
7071,1,8,0,0,0.0,0.0,0,1,364.0,-1.0,2,0,0,0,0.0,0.0,0.0,364.0,17.0,Cold
7070,1,8,0,0,0.0,0.0,0,1,364.0,-1.0,2,0,0,0,0.0,0.0,0.0,364.0,17.0,Cold
7069,1,8,0,1,0.0,0.0,0,0,636.0,-1.0,3,0,3,0,0.0,0.0,4.0,356.0,13.5,Cold
7068,1,8,0,0,0.0,0.0,0,1,360.0,-1.0,5,0,1,0,0.0,0.0,1.5,358.0,15.0,Cold
7067,1,8,0,1,0.0,0.0,0,0,358.0,-1.0,7,2,2,0,0.0,0.0,46.33,357.0,22.2,Warm
7066,1,8,0,1,0.0,0.0,0,0,636.0,-1.0,3,0,0,0,0.0,0.0,3.5,357.0,15.5,Cold
7065,1,8,0,1,0.0,0.0,0,0,635.0,-1.0,5,0,0,0,0.0,0.0,76.0,331.0,20.0,Cold
7064,1,8,0,1,0.0,0.0,0,0,360.0,-1.0,4,0,0,0,0.0,0.0,3.0,355.0,20.0,Cold
7063,1,8,0,1,0.0,0.0,0,0,636.0,-1.0,8,0,2,0,0.0,0.0,39.71,357.0,13.5,Cold
7062,1,8,0,0,0.0,0.0,0,1,636.0,-1.0,2,0,1,0,0.0,0.0,4.0,360.0,10.5,Cold
7061,1,8,0,1,0.0,0.0,0,0,591.0,-1.0,3,1,1,0,0.0,0.0,2.0,591.0,19.5,Cold
7060,1,8,0,0,0.0,0.0,0,1,364.0,-1.0,2,0,0,0,0.0,0.0,0.0,364.0,17.0,Cold
7059,1,8,0,0,0.0,0.0,0,1,360.0,-1.0,3,0,0,0,0.0,0.0,2.0,360.0,17.0,Cold
7058,1,8,0,1,0.0,0.0,0,0,636.0,-1.0,3,0,0,0,0.0,0.0,4.5,355.0,15.5,Cold
7057,1,8,0,1,0.0,0.0,0,0,364.0,-1.0,6,0,1,0,0.0,0.0,56.0,355.0,18.0,Cold
7056,1,8,0,1,0.0,0.0,0,0,358.0,-1.0,6,0,0,0,0.0,0.0,1.8,355.0,20.0,Cold
7055,1,8,0,0,0.0,0.0,0,1,636.0,-1.0,2,0,0,0,0.0,0.0,4.0,360.0,12.5,Cold
7054,1,8,0,1,0.0,0.0,0,0,636.0,-1.0,3,0,1,0,0.0,0.0,4.5,355.0,13.5,Cold
7053,1,8,0,1,0.0,0.0,0,0,636.0,-1.0,3,0,0,0,0.0,0.0,4.5,355.0,15.5,Cold
7052,1,8,0,0,0.0,0.0,0,1,363.0,-1.0,3,0,0,0,0.0,0.0,3.0,357.0,17.0,Cold
7051,1,8,0,0,0.0,0.0,0,1,636.0,-1.0,2,2,2,0,0.0,0.0,0.0,635.0,17.2,Cold
7050,1,8,0,1,0.0,0.0,0,0,363.0,-1.0,3,0,0,0,0.0,0.0,3.0,357.0,20.0,Cold
7049,1,8,0,1,0.0,0.0,0,0,636.0,-1.0,3,0,1,0,0.0,0.0,142.0,351.0,13.5,Cold
7048,1,8,0,1,0.0,0.0,0,0,636.0,-1.0,2,0,0,0,0.0,0.0,243.0,352.0,18.0,Cold
7047,1,8,0,1,0.0,0.0,0,0,636.0,-1.0,3,0,1,0,0.0,0.0,3.0,357.0,13.5,Cold
7046,1,8,0,1,0.0,0.0,0,0,317.0,-1.0,9,1,1,0,0.0,0.0,5.75,317.0,19.5,Cold
7045,1,8,0,0,0.0,0.0,0,1,636.0,-1.0,2,0,0,0,0.0,0.0,0.0,363.0,13.0,Cold
7044,1,8,0,1,0.0,0.0,0,0,310.0,-1.0,10,2,0,0,0.0,0.0,31.67,310.0,23.0,Warm
7043,1,8,0,0,0.0,0.0,0,1,635.0,-1.0,3,2,2,0,0.0,0.0,0.0,635.0,19.2,Cold
7042,1,8,0,1,0.0,0.0,0,0,636.0,-1.0,3,0,0,0,0.0,0.0,3.0,357.0,15.5,Cold
7041,1,8,0,1,0.0,0.0,0,0,636.0,-1.0,4,0,1,0,0.0,0.0,93.0,356.0,13.5,Cold
7040,1,8,0,0,0.0,0.0,0,1,363.0,-1.0,3,0,0,0,0.0,0.0,1.5,360.0,17.0,Cold
7039,1,8,0,1,0.0,0.0,0,0,591.0,-1.0,2,1,1,0,0.0,0.0,4.0,591.0,19.5,Cold
7038,1,8,0,0,0.0,0.0,0,1,363.0,-1.0,3,1,0,0,0.0,0.0,2.5,358.0,18.5,Cold
7037,1,8,6,0,0.0,0.0,0,1,636.0,-1.0,5,3,3,0,69.0,0.0,66.0,45.0,23.7,Warm
7036,1,8,0,1,0.0,0.0,0,0,636.0,-1.0,1,1,1,0,0.0,0.0,-1.0,311.0,20.7,Warm
7035,1,8,0,1,0.0,0.0,0,0,636.0,-1.0,2,2,2,0,0.0,0.0,0.0,311.0,23.4,Warm
7034,1,8,6,0,0.0,0.0,0,1,636.0,-1.0,3,1,1,0,38.0,0.0,60.0,189.0,19.5,Cold
7032,1,8,0,0,0.0,0.0,0,1,636.0,-1.0,1,1,1,0,0.0,0.0,-1.0,303.0,17.7,Cold
7031,1,8,0,1,0.0,0.0,0,0,636.0,-1.0,1,1,1,0,0.0,0.0,-1.0,303.0,20.7,Warm
7030,1,8,0,1,0.0,0.0,0,0,636.0,-1.0,1,1,1,0,0.0,0.0,-1.0,303.0,20.7,Warm
7028,1,8,0,1,0.0,0.0,0,0,588.0,-1.0,2,0,0,0,0.0,0.0,9.0,588.0,20.0,Cold
7027,1,8,0,1,0.0,0.0,0,0,578.0,-1.0,3,0,0,0,0.0,0.0,9.5,578.0,20.0,Cold
7025,1,8,0,1,0.0,0.0,0,0,636.0,-1.0,1,1,1,0,0.0,0.0,-1.0,311.0,20.7,Warm
7024,1,8,6,0,0.0,0.0,0,1,636.0,-1.0,2,0,1,0,0.0,0.0,120.0,189.0,13.5,Cold
7023,1,8,0,1,0.0,0.0,0,0,636.0,-1.0,3,0,2,0,0.0,0.0,34.5,240.0,16.0,Cold
7022,1,8,6,1,0.0,0.0,0,0,636.0,-1.0,6,3,4,0,0.0,0.0,58.6,16.0,22.7,Warm
7021,1,8,0,1,0.0,0.0,0,0,636.0,-1.0,1,1,1,0,0.0,0.0,-1.0,303.0,20.7,Warm
7020,1,8,0,1,0.0,0.0,0,0,636.0,-1.0,1,1,1,0,0.0,0.0,-1.0,303.0,20.7,Warm
7019,1,8,0,1,0.0,0.0,0,0,636.0,-1.0,2,2,2,0,0.0,0.0,0.0,303.0,23.4,Warm
7018,1,8,0,1,0.0,0.0,0,0,588.0,-1.0,2,1,1,0,0.0,0.0,10.0,588.0,19.5,Cold
7017,1,8,6,1,0.0,0.0,0,0,636.0,-1.0,2,0,1,0,0.0,0.0,120.0,189.0,19.0,Cold
7016,1,8,0,1,0.0,0.0,0,0,636.0,-1.0,2,2,2,0,0.0,0.0,0.0,311.0,23.4,Warm
7015,1,8,6,1,0.0,0.0,0,0,636.0,-1.0,3,1,3,0,0.0,0.0,68.5,61.0,16.5,Cold
7014,1,8,0,1,0.0,0.0,0,0,574.0,-1.0,6,0,0,0,0.0,0.0,14.8,523.0,20.0,Cold
7012,1,8,0,0,0.0,0.0,0,1,588.0,-1.0,2,1,1,0,0.0,0.0,9.0,588.0,16.5,Cold
7010,1,8,0,1,0.0,0.0,0,0,636.0,-1.0,2,0,2,0,0.0,0.0,1.0,308.0,16.0,Cold
7009,1,8,0,1,0.0,0.0,0,0,636.0,-1.0,1,1,1,0,0.0,0.0,-1.0,303.0,18.2,Cold
7008,1,8,0,1,0.0,0.0,0,0,315.0,-1.0,4,0,0,0,0.0,0.0,105.67,315.0,20.0,Cold
7007,1,8,0,1,0.0,0.0,0,0,636.0,-1.0,1,1,0,0,0.0,0.0,-1.0,303.0,22.7,Warm
7006,1,8,0,1,0.0,0.0,0,0,577.0,-1.0,2,0,0,0,0.0,0.0,0.0,577.0,20.0,Cold
7005,1,8,0,1,0.0,0.0,0,0,636.0,-1.0,1,1,1,0,0.0,0.0,-1.0,311.0,20.7,Warm
7004,1,8,0,1,0.0,0.0,0,0,636.0,-1.0,2,0,0,0,0.0,0.0,0.0,309.0,18.0,Cold
7003,1,8,2,0,0.0,0.0,0,1,636.0,-1.0,4,3,3,1,180.0,0.0,83.67,57.0,24.7,Warm
7002,1,8,0,1,0.0,0.0,0,0,636.0,-1.0,2,1,2,0,0.0,0.0,76.0,232.0,15.5,Cold
7001,2,8,0,1,0.0,0.0,0,0,568.0,-1.0,7,0,0,0,0.0,0.0,43.17,339.0,23.0,Warm
7000,1,8,0,1,0.0,0.0,0,0,636.0,-1.0,1,1,1,0,0.0,0.0,-1.0,303.0,20.7,Warm
6999,1,8,0,1,0.0,0.0,0,0,636.0,-1.0,1,1,1,0,0.0,0.0,-1.0,303.0,20.7,Warm
6998,1,8,0,1,0.0,0.0,0,0,636.0,-1.0,1,1,1,0,0.0,0.0,-1.0,303.0,20.7,Warm
6997,1,8,0,1,0.0,0.0,0,0,636.0,-1.0,1,1,1,0,0.0,0.0,-1.0,311.0,20.7,Warm
6996,1,8,0,1,0.0,0.0,0,0,636.0,-1.0,1,1,1,0,0.0,0.0,-1.0,303.0,20.7,Warm
6993,1,8,0,1,0.0,0.0,0,0,321.0,-1.0,3,0,0,0,0.0,0.0,120.0,321.0,20.0,Cold
6992,1,8,0,1,0.0,0.0,0,0,636.0,-1.0,2,1,2,0,0.0,0.0,8.0,300.0,15.5,Cold
6991,1,8,0,1,0.0,0.0,0,0,636.0,-1.0,1,1,1,0,0.0,0.0,-1.0,303.0,20.7,Warm
6990,1,8,0,1,0.0,0.0,0,0,636.0,-1.0,3,3,3,0,0.0,0.0,0.0,311.0,26.1,Warm
6989,1,8,0,8,0.0,0.0,0,0,636.0,-1.0,1,1,1,0,0.0,0.0,-1.0,311.0,22.7,Warm
6988,1,8,0,1,0.0,0.0,0,0,636.0,-1.0,1,0,0,0,0.0,0.0,-1.0,303.0,17.5,Cold
6987,1,8,0,1,0.0,0.0,0,0,636.0,-1.0,1,1,1,0,0.0,0.0,-1.0,303.0,20.7,Warm
6986,1,8,0,1,0.0,0.0,0,0,636.0,-1.0,1,1,1,0,0.0,0.0,-1.0,303.0,20.7,Warm
6985,1,8,0,1,0.0,0.0,0,0,636.0,-1.0,1,0,0,0,0.0,0.0,-1.0,597.0,15.5,Cold
6984,1,8,6,1,0.0,0.0,0,0,636.0,-1.0,2,0,2,0,0.0,0.0,119.0,189.0,16.5,Cold
6983,1,8,0,1,0.0,0.0,0,0,636.0,-1.0,2,0,2,0,0.0,0.0,0.0,308.0,13.5,Cold
6982,1,8,0,1,0.0,0.0,0,0,636.0,-1.0,2,1,2,0,0.0,0.0,0.0,308.0,15.5,Cold
6981,1,8,0,1,0.0,0.0,0,0,636.0,-1.0,1,1,1,0,0.0,0.0,-1.0,311.0,20.7,Warm
6980,1,8,0,1,0.0,0.0,0,0,636.0,-1.0,1,1,1,0,0.0,0.0,-1.0,311.0,17.0,Cold
6979,1,8,0,1,0.0,0.0,0,0,636.0,-1.0,2,1,1,0,0.0,0.0,0.0,308.0,17.5,Cold
6977,1,8,0,1,0.0,0.0,0,0,636.0,-1.0,1,0,0,0,0.0,0.0,-1.0,303.0,17.5,Cold
6976,1,8,0,1,0.0,0.0,0,0,636.0,-1.0,1,1,1,0,0.0,0.0,-1.0,303.0,20.7,Warm
6975,1,8,0,1,0.0,0.0,0,0,636.0,-1.0,1,1,1,0,0.0,0.0,-1.0,303.0,19.2,Cold
6973,1,8,0,1,0.0,0.0,0,0,636.0,-1.0,1,0,0,0,0.0,0.0,-1.0,311.0,17.5,Cold
6972,1,8,0,1,0.0,0.0,0,0,636.0,-1.0,1,1,1,0,0.0,0.0,-1.0,311.0,20.7,Warm
6970,1,8,0,1,0.0,0.0,0,0,636.0,-1.0,2,1,2,0,0.0,0.0,0.0,308.0,15.5,Cold
6969,1,8,0,0,0.0,0.0,0,1,636.0,-1.0,3,0,0,0,0.0,0.0,141.0,316.0,12.5,Cold
6968,1,8,0,1,0.0,0.0,0,0,636.0,-1.0,2,1,1,0,0.0,0.0,0.0,308.0,17.5,Cold
6967,1,8,0,1,0.0,0.0,0,0,636.0,-1.0,2,0,2,0,0.0,0.0,0.0,308.0,16.0,Cold
6966,1,8,0,1,0.0,0.0,0,0,636.0,-1.0,1,0,0,0,0.0,0.0,-1.0,303.0,17.5,Cold
6965,1,8,0,1,0.0,0.0,0,0,636.0,-1.0,1,0,0,0,0.0,0.0,-1.0,303.0,17.5,Cold
6964,1,8,0,1,0.0,0.0,0,0,636.0,-1.0,1,1,1,0,0.0,0.0,-1.0,311.0,20.7,Warm
6963,1,8,0,1,0.0,0.0,0,0,636.0,-1.0,3,3,3,0,0.0,0.0,0.0,311.0,26.1,Warm
6962,1,8,0,1,0.0,0.0,0,0,636.0,-1.0,1,0,0,0,0.0,0.0,-1.0,303.0,17.5,Cold
6961,1,8,6,0,0.0,0.0,0,1,636.0,-1.0,5,2,2,0,96.0,0.0,62.25,59.0,21.0,Warm
6960,1,8,0,1,0.0,0.0,0,0,588.0,-1.0,4,0,2,0,0.0,0.0,95.67,311.0,18.0,Cold
6959,1,8,6,1,0.0,0.0,0,0,636.0,-1.0,2,2,2,0,0.0,0.0,119.0,189.0,20.0,Cold
6955,1,8,0,0,0.0,0.0,0,1,636.0,-1.0,1,0,0,0,75.0,0.0,-1.0,56.0,17.0,Cold
6954,1,8,0,1,0.0,0.0,0,0,574.0,-1.0,4,1,0,0,0.0,0.0,1.0,574.0,21.5,Warm
6953,1,8,0,1,0.0,0.0,0,0,636.0,-1.0,1,1,1,0,0.0,0.0,-1.0,311.0,20.7,Warm
6952,1,8,0,1,0.0,0.0,0,0,636.0,-1.0,2,2,2,0,0.0,0.0,0.0,310.0,23.4,Warm
6951,1,8,0,1,0.0,0.0,0,0,636.0,-1.0,4,0,3,0,0.0,0.0,0.67,350.0,15.5,Cold
6950,1,8,0,0,0.0,0.0,0,1,636.0,-1.0,4,0,3,0,0.0,0.0,4.33,339.0,12.5,Cold
6949,1,8,0,1,0.0,0.0,0,0,350.0,-1.0,4,0,2,0,0.0,0.0,34.67,247.0,18.0,Cold
6948,1,8,0,0,0.0,0.0,0,1,636.0,-1.0,8,0,3,0,0.0,0.0,1.14,344.0,12.5,Cold
6947,1,8,0,0,0.0,0.0,0,1,636.0,-1.0,1,0,1,0,0.0,0.0,-1.0,350.0,12.5,Cold
6946,2,8,0,0,0.0,0.0,0,1,636.0,-1.0,1,1,0,0,0.0,0.0,-1.0,578.0,19.5,Cold
6945,1,8,0,0,0.0,0.0,0,1,636.0,-1.0,2,0,2,0,0.0,0.0,1.0,351.0,12.5,Cold
6944,2,8,0,1,0.0,0.0,0,0,577.0,-1.0,6,0,0,0,0.0,0.0,58.4,341.0,23.0,Warm
6943,1,8,0,0,0.0,0.0,0,1,636.0,-1.0,2,0,2,0,0.0,0.0,1.0,349.0,12.5,Cold
6942,1,8,0,1,0.0,0.0,0,0,350.0,-1.0,6,3,4,0,0.0,0.0,7.6,314.0,20.5,Warm
6941,1,8,0,0,0.0,0.0,0,1,636.0,-1.0,2,0,0,0,0.0,0.0,54.0,578.0,15.0,Cold
6939,1,8,0,0,0.0,0.0,0,1,636.0,-1.0,1,0,0,0,0.0,0.0,-1.0,352.0,14.5,Cold
6938,1,8,0,1,0.0,0.0,0,0,350.0,-1.0,6,2,4,0,0.0,0.0,7.6,314.0,19.0,Cold
6937,1,8,0,0,0.0,0.0,0,1,637.0,-1.0,8,0,2,0,0.0,0.0,41.71,345.0,15.0,Cold
6936,1,8,0,1,0.0,0.0,0,0,637.0,-1.0,9,0,5,0,0.0,0.0,44.88,278.0,18.0,Cold
6935,1,8,0,0,0.0,0.0,0,1,363.0,-1.0,7,3,1,0,0.0,0.0,45.67,363.0,19.5,Cold
6934,1,8,0,0,0.0,0.0,0,1,637.0,-1.0,1,1,0,0,0.0,0.0,-1.0,637.0,16.5,Cold
6933,1,8,0,0,0.0,0.0,0,1,637.0,-1.0,3,2,1,0,0.0,0.0,143.0,351.0,18.0,Cold
6931,1,8,0,1,0.0,0.0,0,0,626.0,-1.0,6,2,1,0,0.0,0.0,2.2,626.0,21.0,Warm
6930,1,8,0,1,0.0,0.0,0,0,324.0,-1.0,15,1,3,0,0.0,0.0,22.36,324.0,19.5,Cold
6928,1,8,0,1,0.0,0.0,0,0,637.0,-1.0,6,0,0,0,0.0,0.0,63.8,318.0,18.0,Cold
6925,1,8,0,1,0.0,0.0,0,0,637.0,-1.0,3,0,2,0,0.0,0.0,174.5,288.0,16.0,Cold
6924,1,8,0,0,0.0,0.0,0,1,637.0,-1.0,1,0,0,0,0.0,0.0,-1.0,637.0,15.0,Cold
6922,1,8,0,0,0.0,0.0,0,1,637.0,-1.0,3,0,0,0,0.0,0.0,179.5,278.0,13.0,Cold
6921,1,8,0,1,0.0,0.0,0,0,637.0,-1.0,4,0,0,0,0.0,0.0,119.33,279.0,18.5,Cold
6920,1,8,0,1,0.0,0.0,0,0,637.0,-1.0,3,0,0,0,0.0,0.0,179.5,278.0,18.5,Cold
6919,1,8,0,1,0.0,0.0,0,0,637.0,-1.0,4,0,0,0,0.0,0.0,122.0,271.0,16.0,Cold
6918,1,8,0,1,0.0,0.0,0,0,637.0,-1.0,7,0,0,0,0.0,0.0,60.83,272.0,18.5,Cold
6917,1,8,0,0,0.0,0.0,0,1,360.0,-1.0,12,5,6,0,0.0,0.0,25.18,360.0,18.5,Cold
6916,1,8,0,1,0.0,0.0,0,0,637.0,-1.0,5,2,1,0,0.0,0.0,91.5,271.0,19.5,Cold
6915,1,8,0,1,0.0,0.0,0,0,630.0,-1.0,5,1,0,0,0.0,0.0,90.25,276.0,21.5,Warm
6914,1,8,0,1,0.0,0.0,0,0,637.0,-1.0,13,3,5,0,0.0,0.0,36.58,198.0,21.0,Warm
6913,1,8,0,1,0.0,0.0,0,0,637.0,-1.0,4,2,2,0,0.0,0.0,122.0,271.0,19.5,Cold
6912,1,8,0,0,0.0,0.0,0,1,363.0,-1.0,4,0,0,0,0.0,0.0,92.33,360.0,17.0,Cold
6911,1,8,0,1,0.0,0.0,0,0,359.0,-1.0,17,2,4,0,0.0,0.0,21.31,296.0,19.0,Cold
6910,1,8,0,1,0.0,0.0,0,0,637.0,-1.0,3,0,0,0,0.0,0.0,161.5,314.0,15.5,Cold
6909,1,8,0,1,0.0,0.0,0,0,355.0,-1.0,14,3,2,0,0.0,0.0,32.23,218.0,22.5,Warm
6908,1,8,0,0,0.0,0.0,0,1,637.0,-1.0,1,0,0,0,0.0,0.0,-1.0,635.0,12.5,Cold
6907,1,8,0,1,0.0,0.0,0,0,637.0,-1.0,1,0,0,0,0.0,0.0,-1.0,633.0,15.5,Cold
6906,1,8,0,1,0.0,0.0,0,0,637.0,-1.0,5,1,1,0,0.0,0.0,81.5,311.0,17.5,Cold
6905,1,8,0,0,0.0,0.0,0,1,360.0,-1.0,8,1,1,0,0.0,0.0,39.57,360.0,14.5,Cold
6904,1,8,0,1,0.0,0.0,0,0,637.0,-1.0,3,0,0,0,0.0,0.0,56.0,525.0,15.5,Cold
6903,1,8,0,1,0.0,0.0,0,0,635.0,-1.0,3,1,1,0,0.0,0.0,1.0,635.0,19.5,Cold
6902,1,8,0,0,0.0,0.0,0,1,637.0,-1.0,1,0,0,0,0.0,0.0,-1.0,637.0,12.5,Cold
6901,1,8,0,0,0.0,0.0,0,1,360.0,-1.0,13,3,2,0,0.0,0.0,23.08,360.0,17.5,Cold
6900,1,8,0,1,0.0,0.0,0,0,315.0,-1.0,4,3,0,0,0.0,0.0,107.33,315.0,24.5,Warm
6899,1,8,0,0,0.0,0.0,0,1,360.0,-1.0,13,3,0,0,0.0,0.0,23.08,360.0,21.5,Warm
6898,1,8,0,1,0.0,0.0,0,0,327.0,-1.0,18,4,1,0,0.0,0.0,21.53,271.0,24.0,Warm
6897,1,8,0,1,0.0,0.0,0,0,635.0,-1.0,12,4,3,0,0.0,0.0,25.55,356.0,23.2,Warm
6896,1,8,0,1,0.0,0.0,0,0,637.0,-1.0,5,0,0,0,0.0,0.0,91.5,271.0,16.0,Cold
6894,1,8,0,0,0.0,0.0,0,1,638.0,-1.0,3,4,1,0,0.0,0.0,20.5,597.0,24.6,Warm
6893,1,8,0,1,0.0,0.0,0,0,638.0,-1.0,2,0,0,0,0.0,0.0,2.0,635.0,15.5,Cold
6892,1,8,0,1,0.0,0.0,0,0,638.0,-1.0,2,1,1,0,0.0,0.0,344.0,293.0,17.5,Cold
6891,1,8,0,1,0.0,0.0,0,0,638.0,-1.0,5,4,1,0,0.0,0.0,89.5,279.0,22.5,Warm
6890,1,8,0,0,0.0,0.0,0,1,638.0,-1.0,1,1,1,0,0.0,0.0,-1.0,526.0,13.7,Cold
6889,1,8,0,1,0.0,0.0,0,0,638.0,-1.0,4,0,0,0,0.0,0.0,122.0,271.0,16.0,Cold
6888,2,8,0,1,0.0,0.0,0,0,356.0,-1.0,14,2,1,0,0.0,0.0,27.62,278.0,24.0,Warm
6887,1,8,0,1,0.0,0.0,0,0,638.0,-1.0,4,0,1,0,0.0,0.0,119.33,279.0,14.0,Cold
6886,1,8,0,1,0.0,0.0,0,0,638.0,-1.0,5,0,0,0,0.0,0.0,88.5,283.0,18.5,Cold
6885,1,8,0,1,0.0,0.0,0,0,638.0,-1.0,4,0,0,0,0.0,0.0,119.67,278.0,18.5,Cold
6884,1,8,0,1,0.0,0.0,0,0,638.0,-1.0,6,0,0,0,0.0,0.0,69.8,288.0,18.0,Cold
6883,1,8,0,0,0.0,0.0,0,1,626.0,-1.0,7,1,1,0,0.0,0.0,59.83,278.0,16.5,Cold
6882,1,8,0,1,0.0,0.0,0,0,638.0,-1.0,2,0,0,0,0.0,0.0,1.0,636.0,15.5,Cold
6881,1,8,0,1,0.0,0.0,0,0,278.0,-1.0,6,0,1,0,0.0,0.0,73.2,271.0,18.0,Cold
6880,1,8,0,1,0.0,0.0,0,0,638.0,-1.0,3,1,0,0,0.0,0.0,20.5,596.0,19.5,Cold
6879,1,8,0,1,0.0,0.0,0,0,638.0,-1.0,4,0,0,0,0.0,0.0,119.33,279.0,16.0,Cold
6878,1,8,0,1,0.0,0.0,0,0,638.0,-1.0,4,2,2,0,0.0,0.0,144.33,204.0,19.5,Cold
6877,1,8,0,1,0.0,0.0,0,0,623.0,-1.0,4,1,1,0,0.0,0.0,113.33,297.0,19.5,Cold
6876,1,8,0,1,0.0,0.0,0,0,630.0,-1.0,5,0,0,0,0.0,0.0,89.5,279.0,20.0,Cold
6875,2,8,0,0,0.0,0.0,0,1,360.0,-1.0,9,0,1,0,0.0,0.0,34.62,360.0,18.0,Cold
6874,1,8,0,1,0.0,0.0,0,0,638.0,-1.0,3,0,1,0,0.0,0.0,180.5,276.0,14.0,Cold
6873,1,8,0,1,0.0,0.0,0,0,598.0,-1.0,7,1,0,0,0.0,0.0,59.83,278.0,21.5,Warm
6872,1,8,0,1,0.0,0.0,0,0,638.0,-1.0,4,0,0,0,0.0,0.0,120.33,276.0,18.5,Cold
6871,1,8,0,1,0.0,0.0,0,0,625.0,-1.0,5,0,0,0,0.0,0.0,3.0,625.0,20.0,Cold
6870,1,8,0,1,0.0,0.0,0,0,638.0,-1.0,18,3,6,0,0.0,0.0,18.24,328.0,18.5,Cold
6869,2,8,0,0,0.0,0.0,0,1,352.0,-1.0,23,22,0,0,0.0,0.0,17.09,262.0,40.0,Warm
6868,1,8,6,1,0.0,0.0,0,0,638.0,-1.0,26,21,0,0,0.0,0.0,25.32,5.0,43.0,Interested
6867,1,8,0,1,0.0,0.0,0,0,625.0,-1.0,6,0,0,0,0.0,0.0,15.6,560.0,20.0,Cold
6866,1,8,0,0,0.0,0.0,0,1,638.0,-1.0,2,1,1,0,0.0,0.0,0.0,638.0,14.5,Cold
6865,1,8,0,0,0.0,0.0,0,1,638.0,-1.0,3,3,2,0,0.0,0.0,26.0,586.0,19.5,Cold
6864,1,8,0,0,0.0,0.0,0,1,360.0,-1.0,34,8,4,0,0.0,0.0,8.42,360.0,30.4,Warm
6863,1,8,0,0,0.0,0.0,0,1,363.0,-1.0,12,2,1,0,0.0,0.0,25.0,363.0,18.0,Cold
6862,1,8,0,0,0.0,0.0,0,1,363.0,-1.0,4,1,1,0,0.0,0.0,87.67,363.0,17.7,Cold
6861,1,8,0,0,0.0,0.0,0,1,630.0,-1.0,7,2,2,0,0.0,0.0,18.67,526.0,17.2,Cold
6860,1,8,0,0,0.0,0.0,0,1,638.0,-1.0,2,0,0,0,0.0,0.0,40.0,520.0,13.0,Cold
6859,1,8,0,1,0.0,0.0,0,0,638.0,-1.0,11,2,2,0,0.0,0.0,42.9,209.0,17.0,Cold
6858,1,8,0,0,0.0,0.0,0,1,635.0,-1.0,11,1,1,0,0.0,0.0,43.4,204.0,16.5,Cold
6857,1,8,0,0,0.0,0.0,0,1,638.0,-1.0,3,2,1,0,0.0,0.0,1.0,636.0,17.2,Cold
6856,1,8,0,0,0.0,0.0,0,1,622.0,-1.0,11,2,3,0,0.0,0.0,13.1,507.0,16.4,Cold
6855,1,8,0,1,0.0,0.0,0,0,638.0,-1.0,7,1,0,0,0.0,0.0,63.83,255.0,19.5,Cold
6854,1,8,0,1,0.0,0.0,0,0,638.0,-1.0,3,0,0,0,0.0,0.0,152.5,255.0,16.0,Cold
6853,1,8,0,1,0.0,0.0,0,0,350.0,-1.0,2,0,0,0,0.0,0.0,0.0,350.0,20.0,Cold
6852,1,8,0,1,0.0,0.0,0,0,342.0,-1.0,7,2,1,0,0.0,0.0,0.67,342.0,21.0,Warm
6851,1,8,0,1,0.0,0.0,0,0,330.0,-1.0,3,0,1,0,0.0,0.0,8.0,330.0,18.0,Cold
6850,1,8,0,1,0.0,0.0,0,0,346.0,-1.0,1,0,1,0,0.0,0.0,-1.0,346.0,13.5,Cold
6849,1,8,0,1,0.0,0.0,0,0,638.0,-1.0,2,0,0,0,0.0,0.0,7.0,324.0,18.0,Cold
6848,1,8,0,1,0.0,0.0,0,0,346.0,-1.0,1,0,0,0,0.0,0.0,-1.0,346.0,18.0,Cold
6847,1,8,0,1,0.0,0.0,0,0,350.0,-1.0,7,0,3,0,0.0,0.0,5.5,317.0,16.0,Cold
6844,1,8,0,1,0.0,0.0,0,0,307.0,-1.0,4,0,2,0,0.0,0.0,109.33,307.0,18.0,Cold
6843,1,8,0,1,0.0,0.0,0,0,635.0,-1.0,6,0,3,0,0.0,0.0,61.0,330.0,16.0,Cold
6842,2,8,0,1,0.0,0.0,0,0,629.0,-1.0,11,1,4,0,0.0,0.0,29.4,341.0,22.5,Warm
6841,1,8,0,1,0.0,0.0,0,0,638.0,-1.0,2,0,1,0,0.0,0.0,305.0,330.0,18.0,Cold
6840,1,8,0,1,0.0,0.0,0,0,635.0,-1.0,3,1,0,0,0.0,0.0,152.5,330.0,22.7,Warm
6839,1,8,0,1,0.0,0.0,0,0,635.0,-1.0,3,0,0,0,0.0,0.0,154.0,327.0,20.0,Cold
6838,1,8,0,1,0.0,0.0,0,0,635.0,-1.0,4,1,0,0,0.0,0.0,103.33,325.0,22.7,Warm
6837,1,8,0,1,0.0,0.0,0,0,323.0,-1.0,3,0,1,0,0.0,0.0,156.0,323.0,18.0,Cold
6836,1,8,0,1,0.0,0.0,0,0,635.0,-1.0,3,1,0,0,0.0,0.0,155.0,325.0,22.7,Warm
6835,1,8,0,1,0.0,0.0,0,0,635.0,-1.0,3,0,0,0,0.0,0.0,154.0,327.0,20.0,Cold
6834,1,8,0,1,0.0,0.0,0,0,638.0,-1.0,2,0,0,0,0.0,0.0,308.0,327.0,20.0,Cold
6833,1,8,0,1,0.0,0.0,0,0,635.0,-1.0,3,0,1,0,0.0,0.0,160.5,314.0,18.0,Cold
6832,1,8,0,1,0.0,0.0,0,0,638.0,-1.0,2,0,1,0,0.0,0.0,307.0,328.0,18.0,Cold
6831,1,8,0,1,0.0,0.0,0,0,635.0,-1.0,3,1,0,0,0.0,0.0,1.0,633.0,22.7,Warm
6830,2,8,0,0,0.0,0.0,0,1,635.0,-1.0,4,1,0,0,0.0,0.0,91.67,360.0,22.7,Warm
6829,1,8,0,1,0.0,0.0,0,0,635.0,-1.0,11,5,8,0,0.0,0.0,35.7,278.0,27.1,Warm
6828,1,8,0,1,0.0,0.0,0,0,638.0,-1.0,2,0,1,0,0.0,0.0,308.0,327.0,18.0,Cold
6827,1,8,0,0,0.0,0.0,0,1,633.0,-1.0,4,0,0,0,0.0,0.0,0.67,633.0,17.0,Cold
6826,1,8,0,0,0.0,0.0,0,1,635.0,-1.0,6,0,1,0,0.0,0.0,68.0,295.0,15.0,Cold
6825,1,8,0,1,0.0,0.0,0,0,635.0,-1.0,3,0,0,0,0.0,0.0,156.0,323.0,20.0,Cold
6824,2,8,0,0,0.0,0.0,0,1,633.0,-1.0,5,0,0,0,0.0,0.0,68.0,363.0,20.0,Cold
6823,1,8,0,1,0.0,0.0,0,0,633.0,-1.0,6,1,1,0,0.0,0.0,63.6,317.0,19.5,Cold
6822,1,8,0,0,0.0,0.0,0,1,638.0,-1.0,1,0,0,0,0.0,0.0,-1.0,635.0,14.5,Cold
6821,1,8,0,0,0.0,0.0,0,1,638.0,-1.0,1,0,0,0,0.0,0.0,-1.0,635.0,12.5,Cold
6820,2,8,0,0,0.0,0.0,0,1,638.0,-1.0,2,0,0,0,0.0,0.0,273.0,363.0,20.0,Cold
6819,1,8,0,0,0.0,0.0,0,1,629.0,-1.0,8,0,3,0,0.0,0.0,1.0,629.0,13.0,Cold
6818,1,8,0,0,0.0,0.0,0,1,638.0,-1.0,1,0,0,0,0.0,0.0,-1.0,638.0,15.0,Cold
6817,1,8,0,0,0.0,0.0,0,1,638.0,-1.0,1,0,0,0,0.0,0.0,-1.0,638.0,15.0,Cold
6816,1,8,0,1,0.0,0.0,0,0,629.0,-1.0,6,1,1,0,0.0,0.0,62.8,324.0,20.7,Warm
6815,1,8,0,1,0.0,0.0,0,0,624.0,-1.0,15,4,7,0,0.0,0.0,25.0,288.0,23.6,Warm
6814,1,8,0,0,0.0,0.0,0,1,638.0,-1.0,1,0,0,0,0.0,0.0,-1.0,638.0,15.0,Cold
6813,1,8,0,1,0.0,0.0,0,0,633.0,-1.0,4,0,0,0,0.0,0.0,1.67,633.0,20.0,Cold
6812,1,8,0,0,0.0,0.0,0,1,638.0,-1.0,1,0,0,0,0.0,0.0,-1.0,638.0,15.0,Cold
6811,1,8,0,0,0.0,0.0,0,1,638.0,-1.0,1,0,0,0,0.0,0.0,-1.0,638.0,12.5,Cold
6810,1,8,0,0,0.0,0.0,0,1,638.0,-1.0,1,0,0,0,0.0,0.0,-1.0,638.0,17.0,Cold
6809,1,8,0,0,0.0,0.0,0,1,638.0,-1.0,1,0,0,0,0.0,0.0,-1.0,638.0,17.0,Cold
6808,1,8,0,0,0.0,0.0,0,1,632.0,-1.0,4,1,1,0,0.0,0.0,103.0,329.0,16.5,Cold
6807,1,8,0,1,0.0,0.0,0,0,633.0,-1.0,4,0,0,0,0.0,0.0,1.67,633.0,20.0,Cold
6806,1,8,0,0,0.0,0.0,0,1,638.0,-1.0,2,0,1,0,0.0,0.0,2.0,636.0,12.5,Cold
6805,1,8,0,1,0.0,0.0,0,0,638.0,-1.0,6,1,3,0,0.0,0.0,64.2,317.0,15.5,Cold
6804,1,8,0,0,0.0,0.0,0,1,638.0,-1.0,1,1,0,0,0.0,0.0,-1.0,638.0,17.7,Cold
6803,1,8,0,0,0.0,0.0,0,1,638.0,-1.0,1,0,0,0,0.0,0.0,-1.0,638.0,15.0,Cold
6802,1,8,0,0,0.0,0.0,0,1,638.0,-1.0,1,0,0,0,0.0,0.0,-1.0,638.0,17.0,Cold
6801,1,8,0,0,0.0,0.0,0,1,638.0,-1.0,3,1,1,0,0.0,0.0,1.0,636.0,17.7,Cold
6800,1,8,0,0,0.0,0.0,0,1,638.0,-1.0,2,0,1,0,0.0,0.0,2.0,636.0,15.0,Cold
6799,1,8,0,0,0.0,0.0,0,1,638.0,-1.0,2,0,0,0,0.0,0.0,2.0,636.0,17.0,Cold
6798,1,8,0,0,0.0,0.0,0,1,638.0,-1.0,2,0,0,0,0.0,0.0,2.0,636.0,14.5,Cold
6797,1,8,0,1,0.0,0.0,0,0,635.0,-1.0,4,0,0,0,0.0,0.0,104.33,323.0,20.0,Cold
6796,1,8,0,0,0.0,0.0,0,1,638.0,-1.0,1,0,0,0,0.0,0.0,-1.0,638.0,15.0,Cold
6795,1,8,0,0,0.0,0.0,0,1,638.0,-1.0,1,0,0,0,0.0,0.0,-1.0,638.0,15.0,Cold
6794,1,8,0,1,0.0,0.0,0,0,635.0,-1.0,5,1,2,0,0.0,0.0,78.0,324.0,17.5,Cold
6793,1,8,0,0,0.0,0.0,0,1,638.0,-1.0,1,0,0,0,0.0,0.0,-1.0,638.0,15.0,Cold
6792,1,8,0,0,0.0,0.0,0,1,638.0,-1.0,3,0,1,0,0.0,0.0,0.5,635.0,12.5,Cold
6791,1,8,0,0,0.0,0.0,0,1,638.0,-1.0,1,0,0,0,0.0,0.0,-1.0,638.0,15.0,Cold
6790,1,8,0,0,0.0,0.0,0,1,638.0,-1.0,1,0,0,0,0.0,0.0,-1.0,636.0,17.0,Cold
6789,1,8,0,0,0.0,0.0,0,1,638.0,-1.0,1,1,0,0,0.0,0.0,-1.0,636.0,17.7,Cold
6788,1,8,0,0,0.0,0.0,0,1,638.0,-1.0,1,1,0,0,0.0,0.0,-1.0,638.0,17.7,Cold
6787,1,8,0,0,0.0,0.0,0,1,638.0,-1.0,1,0,0,0,0.0,0.0,-1.0,638.0,15.0,Cold
6786,1,8,0,0,0.0,0.0,0,1,638.0,-1.0,2,0,1,0,0.0,0.0,3.0,635.0,10.5,Cold
6785,1,8,0,0,0.0,0.0,0,1,638.0,-1.0,1,0,0,0,0.0,0.0,-1.0,339.0,15.0,Cold
6784,1,8,0,0,0.0,0.0,0,1,638.0,-1.0,1,0,0,0,0.0,0.0,-1.0,331.0,12.5,Cold
6783,1,8,0,1,0.0,0.0,0,0,350.0,-1.0,1,0,0,0,0.0,0.0,-1.0,350.0,18.0,Cold
6782,1,8,0,1,0.0,0.0,0,0,350.0,-1.0,1,0,1,0,0.0,0.0,-1.0,350.0,16.0,Cold
6781,1,8,0,0,0.0,0.0,0,1,633.0,-1.0,2,0,0,0,0.0,0.0,0.0,633.0,17.0,Cold
6780,1,8,0,1,0.0,0.0,0,0,638.0,-1.0,10,3,6,0,0.0,0.0,6.22,300.0,21.7,Warm
6779,1,8,0,1,0.0,0.0,0,0,346.0,-1.0,1,0,0,0,0.0,0.0,-1.0,346.0,18.0,Cold
6778,1,8,0,0,0.0,0.0,0,1,638.0,-1.0,8,0,2,0,0.0,0.0,2.29,329.0,15.0,Cold
6777,1,8,0,1,0.0,0.0,0,0,638.0,-1.0,1,1,1,0,0.0,0.0,-1.0,310.0,20.7,Warm
6775,1,8,0,1,0.0,0.0,0,0,350.0,-1.0,1,0,1,0,0.0,0.0,-1.0,350.0,13.5,Cold
6774,1,8,0,1,0.0,0.0,0,0,346.0,-1.0,1,0,1,0,0.0,0.0,-1.0,346.0,16.0,Cold
6773,1,8,0,1,0.0,0.0,0,0,350.0,-1.0,9,3,6,0,0.0,0.0,8.75,280.0,18.5,Cold
6772,1,8,0,1,0.0,0.0,0,0,346.0,-1.0,1,0,1,0,0.0,0.0,-1.0,346.0,13.5,Cold
6771,1,8,0,1,0.0,0.0,0,0,330.0,-1.0,1,0,0,0,0.0,0.0,-1.0,330.0,18.0,Cold
6770,1,8,0,1,0.0,0.0,0,0,310.0,-1.0,6,0,1,0,0.0,0.0,65.6,310.0,18.0,Cold
6764,1,8,6,1,0.0,0.0,0,0,639.0,-1.0,10,5,2,0,0.0,0.0,49.78,190.0,26.5,Warm
6763,1,8,0,1,0.0,0.0,0,0,639.0,-1.0,11,1,3,0,0.0,0.0,4.1,597.0,19.5,Cold
6762,1,8,0,1,0.0,0.0,0,0,639.0,-1.0,17,1,4,0,0.0,0.0,15.81,385.0,17.5,Cold
6761,1,8,0,1,0.0,0.0,0,0,639.0,-1.0,22,1,4,0,0.0,0.0,20.57,206.0,17.5,Cold
6760,1,8,0,1,0.0,0.0,0,0,639.0,-1.0,14,1,1,0,0.0,0.0,29.77,251.0,19.5,Cold
6755,1,8,0,1,0.0,0.0,0,0,638.0,-1.0,4,0,0,0,0.0,0.0,114.33,295.0,18.0,Cold
6754,1,8,0,1,0.0,0.0,0,0,639.0,-1.0,5,0,0,0,0.0,0.0,89.75,279.0,18.5,Cold
6753,2,8,0,0,0.0,0.0,0,1,639.0,-1.0,3,1,0,0,0.0,0.0,133.0,372.0,19.5,Cold
6752,1,8,0,1,0.0,0.0,0,0,626.0,-1.0,3,0,0,0,0.0,0.0,6.0,626.0,20.0,Cold
6751,1,8,0,1,0.0,0.0,0,0,279.0,-1.0,10,1,0,0,0.0,0.0,40.78,271.0,21.5,Warm
6750,1,8,0,1,0.0,0.0,0,0,639.0,-1.0,2,0,0,0,0.0,0.0,341.0,297.0,18.0,Cold
6749,1,8,0,1,0.0,0.0,0,0,632.0,-1.0,9,1,1,0,0.0,0.0,45.25,276.0,19.5,Cold
6748,1,8,0,1,0.0,0.0,0,0,639.0,-1.0,2,0,0,0,0.0,0.0,341.0,297.0,18.0,Cold
6747,1,8,0,1,0.0,0.0,0,0,639.0,-1.0,3,0,0,0,0.0,0.0,6.5,625.0,15.5,Cold
6746,1,8,0,1,0.0,0.0,0,0,639.0,-1.0,3,0,0,0,0.0,0.0,4.0,630.0,18.0,Cold
6745,2,8,0,1,0.0,0.0,0,0,638.0,-1.0,7,0,0,0,0.0,0.0,47.0,357.0,23.0,Warm
6744,1,8,0,1,0.0,0.0,0,0,640.0,-1.0,2,0,0,0,0.0,0.0,2.0,638.0,15.5,Cold
6743,1,8,0,0,0.0,0.0,0,1,640.0,-1.0,1,0,0,0,0.0,0.0,-1.0,640.0,12.5,Cold
6742,1,8,0,1,0.0,0.0,0,0,640.0,-1.0,1,0,1,0,0.0,0.0,-1.0,640.0,13.5,Cold
6741,2,8,0,1,0.0,0.0,0,0,350.0,-1.0,20,7,3,0,0.0,0.0,15.26,350.0,32.5,Warm
6740,1,8,0,1,0.0,0.0,0,0,640.0,-1.0,2,1,0,0,0.0,0.0,2.0,638.0,19.5,Cold
6739,1,8,0,1,0.0,0.0,0,0,640.0,-1.0,2,0,0,0,0.0,0.0,2.0,638.0,15.5,Cold
6738,1,8,0,0,0.0,0.0,0,1,640.0,-1.0,2,0,1,0,0.0,0.0,4.0,636.0,10.5,Cold
6737,1,8,0,1,0.0,0.0,0,0,640.0,-1.0,3,0,0,0,0.0,0.0,4.0,632.0,18.0,Cold
6736,1,8,0,1,0.0,0.0,0,0,640.0,-1.0,2,0,0,0,0.0,0.0,4.0,636.0,18.0,Cold
6735,2,8,0,0,0.0,0.0,0,1,617.0,-1.0,14,1,0,0,0.0,0.0,2.23,611.0,21.5,Warm
6734,1,8,0,1,0.0,0.0,0,0,640.0,-1.0,3,0,1,0,0.0,0.0,2.0,636.0,16.0,Cold
6733,1,8,0,1,0.0,0.0,0,0,640.0,-1.0,4,0,0,0,0.0,0.0,21.33,576.0,15.5,Cold
6732,1,8,0,1,0.0,0.0,0,0,640.0,-1.0,1,0,0,0,0.0,0.0,-1.0,640.0,15.5,Cold
6731,1,8,0,1,0.0,0.0,0,0,640.0,-1.0,1,0,0,0,0.0,0.0,-1.0,637.0,15.5,Cold
6730,1,8,0,1,0.0,0.0,0,0,640.0,-1.0,4,1,2,0,0.0,0.0,40.33,519.0,15.5,Cold
6729,1,8,0,0,0.0,0.0,0,1,640.0,-1.0,2,0,2,0,0.0,0.0,0.0,640.0,10.5,Cold
6728,1,8,0,0,0.0,0.0,0,1,640.0,-1.0,6,1,1,0,0.0,0.0,2.4,628.0,14.2,Cold
6727,1,8,0,0,0.0,0.0,0,1,640.0,-1.0,2,1,1,0,0.0,0.0,1.0,639.0,13.7,Cold
6726,1,8,0,0,0.0,0.0,0,1,640.0,-1.0,2,1,1,0,0.0,0.0,1.0,639.0,13.7,Cold
6725,1,8,0,0,0.0,0.0,0,1,640.0,-1.0,2,1,1,0,0.0,0.0,17.0,623.0,17.7,Cold
6724,1,8,0,0,0.0,0.0,0,1,640.0,-1.0,4,0,1,0,0.0,0.0,8.0,616.0,12.5,Cold
6723,1,8,0,0,0.0,0.0,0,1,640.0,-1.0,5,6,1,0,0.0,0.0,28.75,525.0,26.4,Warm
6722,1,8,0,0,0.0,0.0,0,1,640.0,-1.0,7,6,1,0,0.0,0.0,9.0,586.0,28.8,Warm
6721,1,8,0,0,0.0,0.0,0,1,640.0,-1.0,6,1,0,0,0.0,0.0,23.0,525.0,18.5,Cold
6718,1,8,0,0,0.0,0.0,0,1,640.0,-1.0,1,0,0,0,0.0,0.0,-1.0,640.0,12.5,Cold
6717,1,8,0,0,0.0,0.0,0,1,640.0,-1.0,1,0,0,0,0.0,0.0,-1.0,640.0,12.5,Cold
6716,1,8,0,0,0.0,0.0,0,1,640.0,-1.0,2,3,1,0,0.0,0.0,1.0,639.0,17.5,Cold
6715,1,8,0,0,0.0,0.0,0,1,640.0,-1.0,8,1,1,0,0.0,0.0,55.57,251.0,16.5,Cold
6714,1,8,0,1,0.0,0.0,0,0,640.0,-1.0,7,3,2,0,0.0,0.0,22.33,506.0,20.5,Warm
6713,1,8,0,1,0.0,0.0,0,0,383.0,-1.0,17,2,1,0,0.0,0.0,24.31,251.0,21.0,Warm
6712,1,8,0,0,0.0,0.0,0,1,640.0,-1.0,1,3,1,0,0.0,0.0,-1.0,640.0,21.1,Warm
6711,1,8,0,1,0.0,0.0,0,0,357.0,-1.0,9,5,2,0,0.0,0.0,48.62,251.0,25.5,Warm
6710,1,8,0,1,0.0,0.0,0,0,640.0,-1.0,7,1,2,0,0.0,0.0,64.83,251.0,17.5,Cold
6709,1,8,0,0,0.0,0.0,0,1,640.0,-1.0,8,2,1,0,0.0,0.0,55.57,251.0,18.0,Cold
6707,1,8,0,1,0.0,0.0,0,0,640.0,-1.0,3,3,0,0,0.0,0.0,156.5,327.0,25.4,Warm
6706,1,8,0,0,0.0,0.0,0,1,641.0,-1.0,5,8,1,0,0.0,0.0,9.0,605.0,33.0,Warm
6705,1,8,0,0,0.0,0.0,0,1,640.0,-1.0,7,9,1,0,0.0,0.0,6.17,604.0,34.2,Warm
6704,1,8,0,0,0.0,0.0,0,1,618.0,-1.0,7,1,2,0,0.0,0.0,47.5,357.0,15.7,Cold
6703,1,8,0,0,0.0,0.0,0,1,642.0,-1.0,3,1,1,0,0.0,0.0,0.0,642.0,17.7,Cold
6702,1,8,0,0,0.0,0.0,0,1,365.0,-1.0,10,2,1,0,0.0,0.0,30.78,365.0,19.2,Cold
6701,1,8,0,1,0.0,0.0,0,0,351.0,-1.0,11,2,2,0,0.0,0.0,31.5,327.0,21.0,Warm
6700,1,8,0,0,0.0,0.0,0,1,642.0,-1.0,2,0,0,0,0.0,0.0,2.0,640.0,14.5,Cold
6699,1,8,0,1,0.0,0.0,0,0,642.0,-1.0,7,0,1,0,0.0,0.0,71.67,209.0,14.0,Cold
6698,1,8,0,1,0.0,0.0,0,0,643.0,-1.0,5,0,0,0,0.0,0.0,82.0,315.0,16.0,Cold
6697,1,8,0,1,0.0,0.0,0,0,612.0,-1.0,11,0,2,0,0.0,0.0,34.2,301.0,18.0,Cold
6696,1,8,0,1,0.0,0.0,0,0,643.0,-1.0,1,0,0,0,0.0,0.0,-1.0,251.0,15.5,Cold
6695,1,8,0,1,0.0,0.0,0,0,643.0,-1.0,1,0,0,0,0.0,0.0,-1.0,251.0,18.0,Cold
6694,1,8,6,1,0.0,0.0,0,0,643.0,-1.0,2,1,1,0,0.0,0.0,59.0,192.0,20.5,Warm
6693,1,8,0,1,0.0,0.0,0,0,643.0,-1.0,1,0,0,0,0.0,0.0,-1.0,251.0,15.5,Cold
6692,1,8,0,1,0.0,0.0,0,0,643.0,-1.0,2,1,2,0,0.0,0.0,93.0,251.0,17.5,Cold
6691,1,8,0,1,0.0,0.0,0,0,643.0,-1.0,1,0,0,0,0.0,0.0,-1.0,251.0,15.5,Cold
6690,1,8,0,1,0.0,0.0,0,0,643.0,-1.0,1,0,0,0,0.0,0.0,-1.0,251.0,15.5,Cold
6689,1,8,0,1,0.0,0.0,0,0,357.0,-1.0,3,2,2,0,0.0,0.0,53.0,251.0,21.0,Warm
6688,1,8,0,1,0.0,0.0,0,0,356.0,-1.0,3,1,0,0,0.0,0.0,52.5,251.0,21.5,Warm
6687,1,8,0,1,0.0,0.0,0,0,643.0,-1.0,1,0,0,0,0.0,0.0,-1.0,251.0,15.5,Cold
6686,1,8,0,1,0.0,0.0,0,0,643.0,-1.0,1,1,1,0,0.0,0.0,-1.0,251.0,17.5,Cold
6685,1,8,0,1,0.0,0.0,0,0,643.0,-1.0,1,0,0,0,0.0,0.0,-1.0,251.0,15.5,Cold
6684,1,8,0,1,0.0,0.0,0,0,643.0,-1.0,1,0,0,0,0.0,0.0,-1.0,251.0,15.5,Cold
6682,1,8,6,1,0.0,0.0,0,0,356.0,-1.0,4,2,2,0,0.0,0.0,54.67,192.0,24.0,Warm
6681,1,8,6,1,0.0,0.0,0,0,643.0,-1.0,2,1,1,0,0.0,0.0,59.0,192.0,20.5,Warm
6680,1,8,6,1,0.0,0.0,0,0,351.0,-1.0,4,2,2,0,0.0,0.0,53.0,192.0,24.0,Warm
6679,1,8,0,1,0.0,0.0,0,0,643.0,-1.0,1,0,0,0,0.0,0.0,-1.0,251.0,15.5,Cold
6678,1,8,0,1,0.0,0.0,0,0,643.0,-1.0,2,1,1,0,0.0,0.0,44.0,207.0,17.5,Cold
6677,1,8,0,1,0.0,0.0,0,0,643.0,-1.0,1,1,1,0,0.0,0.0,-1.0,251.0,17.5,Cold
6676,1,8,0,0,0.0,0.0,0,1,643.0,-1.0,2,0,0,0,0.0,0.0,53.0,198.0,12.5,Cold
6675,1,8,6,1,0.0,0.0,0,0,643.0,-1.0,2,1,1,0,0.0,0.0,59.0,192.0,20.5,Warm
6674,1,8,0,1,0.0,0.0,0,0,643.0,-1.0,2,0,0,0,0.0,0.0,0.0,251.0,15.5,Cold
6673,1,8,0,1,0.0,0.0,0,0,643.0,-1.0,1,0,0,0,0.0,0.0,-1.0,249.0,15.5,Cold
6672,1,8,0,1,0.0,0.0,0,0,643.0,-1.0,1,0,0,0,0.0,0.0,-1.0,251.0,15.5,Cold
6671,1,8,0,1,0.0,0.0,0,0,643.0,-1.0,1,0,0,0,0.0,0.0,-1.0,251.0,15.5,Cold
6670,1,8,0,1,0.0,0.0,0,0,643.0,-1.0,1,1,1,0,0.0,0.0,-1.0,251.0,17.5,Cold
6669,1,8,0,1,0.0,0.0,0,0,643.0,-1.0,2,2,0,0,0.0,0.0,2.0,249.0,21.0,Warm
6668,1,8,6,1,0.0,0.0,0,0,643.0,-1.0,2,1,1,0,0.0,0.0,57.0,192.0,18.0,Cold
6667,1,8,0,1,0.0,0.0,0,0,643.0,-1.0,1,1,1,0,0.0,0.0,-1.0,249.0,17.5,Cold
6666,1,8,0,1,0.0,0.0,0,0,643.0,-1.0,1,0,0,0,0.0,0.0,-1.0,249.0,15.5,Cold
6665,1,8,0,1,0.0,0.0,0,0,643.0,-1.0,1,1,0,0,0.0,0.0,-1.0,249.0,19.5,Cold
6664,1,8,0,1,0.0,0.0,0,0,643.0,-1.0,1,0,0,0,0.0,0.0,-1.0,249.0,15.5,Cold
6663,1,8,0,1,0.0,0.0,0,0,643.0,-1.0,1,0,0,0,0.0,0.0,-1.0,249.0,18.0,Cold
6662,1,8,0,1,0.0,0.0,0,0,643.0,-1.0,3,0,0,0,0.0,0.0,51.5,249.0,17.5,Cold
6661,1,8,0,1,0.0,0.0,0,0,643.0,-1.0,1,1,0,0,0.0,0.0,-1.0,249.0,19.5,Cold
6660,1,8,0,1,0.0,0.0,0,0,643.0,-1.0,3,2,1,0,0.0,0.0,48.5,249.0,21.0,Warm
6659,1,8,0,1,0.0,0.0,0,0,643.0,-1.0,1,0,0,0,0.0,0.0,-1.0,249.0,15.5,Cold
6658,1,8,0,1,0.0,0.0,0,0,643.0,-1.0,2,0,0,0,0.0,0.0,0.0,249.0,15.5,Cold
6657,1,8,0,1,0.0,0.0,0,0,643.0,-1.0,1,1,1,0,0.0,0.0,-1.0,249.0,17.5,Cold
6656,1,8,0,1,0.0,0.0,0,0,643.0,-1.0,3,1,1,0,0.0,0.0,25.0,199.0,17.5,Cold
6655,1,8,0,1,0.0,0.0,0,0,643.0,-1.0,1,0,0,0,0.0,0.0,-1.0,249.0,15.5,Cold
6654,1,8,6,1,0.0,0.0,0,0,643.0,-1.0,2,2,2,0,0.0,0.0,57.0,192.0,22.0,Warm
6653,1,8,0,1,0.0,0.0,0,0,643.0,-1.0,1,0,0,0,0.0,0.0,-1.0,249.0,15.5,Cold
6652,1,8,0,0,0.0,0.0,0,1,643.0,-1.0,4,0,0,0,0.0,0.0,16.67,199.0,12.5,Cold
6651,1,8,0,1,0.0,0.0,0,0,643.0,-1.0,1,0,0,0,0.0,0.0,-1.0,249.0,18.0,Cold
6650,1,8,6,1,0.0,0.0,0,0,643.0,-1.0,4,1,1,0,38.0,0.0,50.67,97.0,22.5,Warm
6649,1,8,0,1,0.0,0.0,0,0,344.0,-1.0,3,2,2,0,0.0,0.0,47.5,249.0,21.0,Warm
6648,1,8,6,1,0.0,0.0,0,0,643.0,-1.0,2,2,2,0,0.0,0.0,57.0,192.0,22.0,Warm
6647,1,8,0,1,0.0,0.0,0,0,643.0,-1.0,1,0,0,0,0.0,0.0,-1.0,249.0,15.5,Cold
6646,1,8,0,1,0.0,0.0,0,0,643.0,-1.0,2,1,1,0,0.0,0.0,43.0,206.0,17.5,Cold
6645,1,8,0,1,0.0,0.0,0,0,643.0,-1.0,1,1,1,0,0.0,0.0,-1.0,249.0,17.5,Cold
6644,1,8,0,1,0.0,0.0,0,0,346.0,-1.0,4,2,2,0,0.0,0.0,46.67,206.0,21.0,Warm
6643,1,8,6,1,0.0,0.0,0,0,352.0,-1.0,6,4,4,0,0.0,0.0,52.4,90.0,27.0,Warm
6642,1,8,0,1,0.0,0.0,0,0,356.0,-1.0,5,2,2,0,26.0,0.0,39.25,199.0,21.0,Warm
6641,1,8,0,1,0.0,0.0,0,0,643.0,-1.0,1,0,0,0,0.0,0.0,-1.0,249.0,15.5,Cold
6639,1,8,0,1,0.0,0.0,0,0,643.0,-1.0,1,0,0,0,0.0,0.0,-1.0,249.0,18.0,Cold
6638,1,8,0,0,0.0,0.0,0,1,643.0,-1.0,2,1,2,0,0.0,0.0,50.0,198.0,13.7,Cold
6637,1,8,0,1,0.0,0.0,0,0,643.0,-1.0,3,0,0,0,0.0,0.0,23.0,202.0,15.5,Cold
6636,1,8,0,1,0.0,0.0,0,0,643.0,-1.0,2,0,0,0,0.0,0.0,50.0,198.0,18.0,Cold
6635,1,8,0,1,0.0,0.0,0,0,643.0,-1.0,3,1,1,0,35.0,0.0,24.5,199.0,19.5,Cold
6633,1,8,0,1,0.0,0.0,0,0,643.0,-1.0,2,1,1,0,0.0,0.0,44.0,204.0,17.5,Cold
6632,1,8,0,1,0.0,0.0,0,0,643.0,-1.0,3,0,0,0,0.0,0.0,24.5,199.0,18.0,Cold
6631,1,8,0,1,0.0,0.0,0,0,643.0,-1.0,1,0,0,0,0.0,0.0,-1.0,248.0,18.0,Cold
6630,1,8,0,1,0.0,0.0,0,0,643.0,-1.0,3,0,0,0,0.0,0.0,23.0,202.0,15.5,Cold
6629,1,8,0,1,0.0,0.0,0,0,643.0,-1.0,2,0,1,0,0.0,0.0,96.0,248.0,15.5,Cold
6628,1,8,0,1,0.0,0.0,0,0,643.0,-1.0,2,1,1,0,0.0,0.0,44.0,204.0,17.5,Cold
6627,1,8,0,1,0.0,0.0,0,0,643.0,-1.0,3,1,0,0,0.0,0.0,24.5,199.0,19.5,Cold
6626,1,8,0,1,0.0,0.0,0,0,643.0,-1.0,5,0,0,0,0.0,0.0,13.25,195.0,18.0,Cold
6625,1,8,0,1,0.0,0.0,0,0,643.0,-1.0,2,1,1,0,0.0,0.0,50.0,198.0,17.5,Cold
6624,1,8,0,1,0.0,0.0,0,0,643.0,-1.0,2,0,0,0,0.0,0.0,44.0,204.0,18.0,Cold
6623,1,8,0,0,0.0,0.0,0,1,643.0,-1.0,2,0,0,0,0.0,0.0,42.0,206.0,12.5,Cold
6622,1,8,0,1,0.0,0.0,0,0,643.0,-1.0,3,0,0,0,0.0,0.0,23.0,202.0,18.0,Cold
6621,1,8,0,1,0.0,0.0,0,0,643.0,-1.0,2,0,0,0,0.0,0.0,42.0,206.0,18.0,Cold
6620,1,8,0,1,0.0,0.0,0,0,643.0,-1.0,2,2,2,0,0.0,0.0,37.0,211.0,19.0,Cold
6619,1,8,0,0,0.0,0.0,0,1,643.0,-1.0,2,0,0,0,0.0,0.0,44.0,204.0,12.5,Cold
6618,1,8,0,1,0.0,0.0,0,0,643.0,-1.0,2,1,1,0,0.0,0.0,44.0,204.0,17.5,Cold
6617,1,8,0,1,0.0,0.0,0,0,344.0,-1.0,4,0,0,0,0.0,0.0,46.0,206.0,20.0,Cold
6616,1,8,0,1,0.0,0.0,0,0,643.0,-1.0,4,0,0,0,0.0,0.0,47.67,202.0,20.0,Cold
6615,1,8,0,0,0.0,0.0,0,1,643.0,-1.0,2,0,0,0,0.0,0.0,42.0,206.0,15.0,Cold
6614,1,8,0,1,0.0,0.0,0,0,643.0,-1.0,3,0,0,0,0.0,0.0,24.5,199.0,15.5,Cold
6613,1,8,0,1,0.0,0.0,0,0,643.0,-1.0,3,1,1,0,0.0,0.0,71.0,204.0,19.5,Cold
6612,1,8,0,1,0.0,0.0,0,0,643.0,-1.0,4,1,1,0,0.0,0.0,47.33,204.0,19.5,Cold
6611,1,8,0,1,0.0,0.0,0,0,352.0,-1.0,4,1,1,0,0.0,0.0,49.33,204.0,19.5,Cold
6610,1,8,0,1,0.0,0.0,0,0,643.0,-1.0,1,0,0,0,0.0,0.0,-1.0,248.0,15.5,Cold
6609,1,8,0,1,0.0,0.0,0,0,353.0,-1.0,7,3,3,0,0.0,0.0,26.17,199.0,22.5,Warm
6608,1,8,6,1,0.0,0.0,0,0,643.0,-1.0,2,1,1,0,0.0,0.0,57.0,191.0,20.5,Warm
6607,1,8,0,1,0.0,0.0,0,0,643.0,-1.0,4,1,1,0,22.0,0.0,16.67,198.0,19.5,Cold
6606,1,8,0,1,0.0,0.0,0,0,643.0,-1.0,1,2,0,0,0.0,0.0,-1.0,248.0,21.0,Warm
6605,1,8,0,0,0.0,0.0,0,1,643.0,-1.0,3,0,0,0,0.0,0.0,25.0,198.0,13.0,Cold
6604,1,8,0,1,0.0,0.0,0,0,643.0,-1.0,3,0,1,0,0.0,0.0,23.0,202.0,13.5,Cold
6603,1,8,0,0,0.0,0.0,0,1,643.0,-1.0,3,1,1,0,0.0,0.0,24.5,199.0,15.7,Cold
6602,1,8,0,1,0.0,0.0,0,0,643.0,-1.0,1,0,0,0,0.0,0.0,-1.0,248.0,15.5,Cold
6601,1,8,6,1,0.0,0.0,0,0,643.0,-1.0,5,0,0,0,0.0,0.0,44.25,71.0,21.0,Warm
6600,1,8,0,1,0.0,0.0,0,0,643.0,-1.0,2,2,2,0,0.0,0.0,50.0,198.0,19.0,Cold
6599,1,8,6,1,0.0,0.0,0,0,643.0,-1.0,5,0,0,0,0.0,0.0,44.5,70.0,18.5,Cold
6598,1,8,0,1,0.0,0.0,0,0,643.0,-1.0,4,0,0,0,24.0,0.0,17.67,195.0,20.0,Cold
6597,1,8,6,1,0.0,0.0,0,0,357.0,-1.0,4,2,2,0,0.0,0.0,56.33,188.0,24.0,Warm
6596,1,8,0,1,0.0,0.0,0,0,643.0,-1.0,1,0,0,0,0.0,0.0,-1.0,247.0,15.5,Cold
6595,1,8,0,1,0.0,0.0,0,0,643.0,-1.0,1,0,0,0,0.0,0.0,-1.0,247.0,15.5,Cold
6594,1,8,6,1,0.0,0.0,0,0,643.0,-1.0,3,0,0,0,0.0,0.0,29.5,188.0,21.0,Warm
6593,1,8,0,1,0.0,0.0,0,0,353.0,-1.0,3,1,1,0,0.0,0.0,53.0,247.0,19.5,Cold
6592,1,8,6,1,0.0,0.0,0,0,643.0,-1.0,2,1,1,0,0.0,0.0,59.0,188.0,20.5,Warm
6591,1,8,6,1,0.0,0.0,0,0,349.0,-1.0,4,0,0,0,0.0,0.0,86.33,90.0,23.0,Warm
6590,1,8,6,1,0.0,0.0,0,0,643.0,-1.0,3,1,1,0,0.0,0.0,156.5,43.0,25.5,Warm
6589,1,8,0,1,0.0,0.0,0,0,643.0,-1.0,1,0,0,0,0.0,0.0,-1.0,247.0,15.5,Cold
6588,1,8,6,1,0.0,0.0,0,0,352.0,-1.0,6,2,2,0,32.0,0.0,51.8,93.0,24.0,Warm
6587,1,8,0,1,0.0,0.0,0,0,643.0,-1.0,1,0,0,0,0.0,0.0,-1.0,247.0,18.0,Cold
6586,1,8,0,1,0.0,0.0,0,0,643.0,-1.0,3,0,0,0,34.0,0.0,24.0,199.0,20.0,Cold
6585,1,8,0,1,0.0,0.0,0,0,643.0,-1.0,1,1,1,0,0.0,0.0,-1.0,247.0,17.5,Cold
6584,1,8,0,0,0.0,0.0,0,1,643.0,-1.0,3,1,1,0,0.0,0.0,24.0,199.0,14.5,Cold
6583,1,8,6,1,0.0,0.0,0,0,643.0,-1.0,2,0,0,0,0.0,0.0,59.0,188.0,21.0,Warm
6582,1,8,0,1,0.0,0.0,0,0,643.0,-1.0,2,2,2,0,0.0,0.0,43.0,204.0,19.0,Cold
6581,1,8,0,1,0.0,0.0,0,0,643.0,-1.0,1,0,0,0,0.0,0.0,-1.0,247.0,15.5,Cold
6580,1,8,0,0,0.0,0.0,0,1,643.0,-1.0,3,0,0,0,0.0,0.0,24.5,198.0,18.0,Cold
6579,1,8,0,1,0.0,0.0,0,0,643.0,-1.0,3,1,0,0,0.0,0.0,24.0,199.0,19.5,Cold
6578,1,8,0,1,0.0,0.0,0,0,643.0,-1.0,1,0,0,0,0.0,0.0,-1.0,247.0,15.5,Cold
6577,1,8,6,1,0.0,0.0,0,0,643.0,-1.0,4,0,0,0,0.0,0.0,20.33,186.0,21.0,Warm
6576,1,8,0,1,0.0,0.0,0,0,643.0,-1.0,3,1,1,0,0.0,0.0,24.0,199.0,17.5,Cold
6574,1,8,0,1,0.0,0.0,0,0,346.0,-1.0,2,0,0,0,0.0,0.0,0.0,346.0,20.0,Cold
6573,1,8,6,1,0.0,0.0,0,0,643.0,-1.0,2,0,0,0,0.0,0.0,61.0,185.0,21.0,Warm
6571,1,8,6,1,0.0,0.0,0,0,357.0,-1.0,5,1,0,0,0.0,0.0,42.25,188.0,24.5,Warm
6569,1,8,6,0,0.0,0.0,0,1,643.0,-1.0,5,0,1,0,0.0,0.0,42.25,184.0,15.5,Cold
6568,1,8,0,1,0.0,0.0,0,0,345.0,-1.0,4,0,1,0,0.0,0.0,47.33,204.0,18.0,Cold
6567,1,8,0,1,0.0,0.0,0,0,643.0,-1.0,1,0,1,0,0.0,0.0,-1.0,244.0,13.5,Cold
6566,1,8,0,1,0.0,0.0,0,0,643.0,-1.0,1,1,1,0,0.0,0.0,-1.0,244.0,17.5,Cold
6565,1,8,0,1,0.0,0.0,0,0,357.0,-1.0,3,1,0,0,0.0,0.0,56.5,244.0,21.5,Warm
6564,1,8,0,1,0.0,0.0,0,0,643.0,-1.0,2,0,2,0,0.0,0.0,108.0,244.0,15.5,Cold
6563,1,8,0,1,0.0,0.0,0,0,643.0,-1.0,1,0,0,0,0.0,0.0,-1.0,244.0,15.5,Cold
6562,1,8,0,1,0.0,0.0,0,0,346.0,-1.0,3,1,1,0,0.0,0.0,51.0,244.0,19.5,Cold
6561,1,8,0,1,0.0,0.0,0,0,643.0,-1.0,3,0,0,0,0.0,0.0,72.5,207.0,20.0,Cold
6560,1,8,0,1,0.0,0.0,0,0,643.0,-1.0,1,1,1,0,0.0,0.0,-1.0,244.0,17.5,Cold
6559,1,8,0,1,0.0,0.0,0,0,643.0,-1.0,1,0,0,0,0.0,0.0,-1.0,244.0,15.5,Cold
6558,1,8,0,1,0.0,0.0,0,0,643.0,-1.0,2,0,0,0,0.0,0.0,3.0,241.0,15.5,Cold
6557,1,8,6,1,0.0,0.0,0,0,643.0,-1.0,5,0,0,0,25.0,0.0,38.0,192.0,23.0,Warm
6556,1,8,0,1,0.0,0.0,0,0,643.0,-1.0,1,0,1,0,0.0,0.0,-1.0,244.0,13.5,Cold
6555,1,8,0,1,0.0,0.0,0,0,643.0,-1.0,4,2,2,0,29.0,0.0,15.0,199.0,21.0,Warm
6554,1,8,0,0,0.0,0.0,0,1,643.0,-1.0,3,1,1,0,0.0,0.0,22.5,199.0,14.5,Cold
6553,1,8,0,1,0.0,0.0,0,0,643.0,-1.0,3,0,0,0,0.0,0.0,23.5,197.0,18.0,Cold
6552,1,8,0,1,0.0,0.0,0,0,643.0,-1.0,1,0,0,0,0.0,0.0,-1.0,241.0,15.5,Cold
6551,1,8,0,1,0.0,0.0,0,0,643.0,-1.0,3,1,1,0,0.0,0.0,22.5,199.0,17.5,Cold
6550,1,8,6,1,0.0,0.0,0,0,643.0,-1.0,4,0,0,0,0.0,0.0,19.33,186.0,21.0,Warm
6549,1,8,0,1,0.0,0.0,0,0,643.0,-1.0,4,1,2,0,25.0,0.0,15.0,199.0,17.5,Cold
6548,1,8,0,0,0.0,0.0,0,1,378.0,-1.0,5,4,2,0,0.0,0.0,90.25,241.0,21.0,Warm
6547,1,8,0,1,0.0,0.0,0,0,643.0,-1.0,5,1,1,0,0.0,0.0,98.75,207.0,19.5,Cold
6546,1,8,6,1,0.0,0.0,0,0,643.0,-1.0,5,2,2,0,0.0,0.0,102.5,192.0,24.0,Warm
6545,1,8,0,0,0.0,0.0,0,1,643.0,-1.0,7,0,0,0,0.0,0.0,65.83,207.0,14.5,Cold
6544,1,8,0,1,0.0,0.0,0,0,643.0,-1.0,2,1,0,0,0.0,0.0,358.0,244.0,21.5,Warm
6543,1,8,0,1,0.0,0.0,0,0,643.0,-1.0,15,4,2,0,79.0,0.0,29.86,199.0,24.0,Warm
6542,1,8,0,1,0.0,0.0,0,0,643.0,-1.0,7,1,4,0,0.0,0.0,69.67,199.0,17.5,Cold
6541,1,8,0,1,0.0,0.0,0,0,643.0,-1.0,14,1,2,0,0.0,0.0,31.54,207.0,17.5,Cold
6540,1,8,0,1,0.0,0.0,0,0,643.0,-1.0,6,0,0,0,0.0,0.0,74.6,244.0,20.0,Cold
6539,1,8,0,1,0.0,0.0,0,0,381.0,-1.0,9,7,3,0,0.0,0.0,47.0,241.0,26.5,Warm
6538,1,8,0,1,0.0,0.0,0,0,643.0,-1.0,4,2,3,0,0.0,0.0,124.33,244.0,19.0,Cold
6537,1,8,0,1,0.0,0.0,0,0,643.0,-1.0,9,4,1,0,32.0,0.0,52.5,197.0,24.0,Warm
6536,1,8,0,1,0.0,0.0,0,0,643.0,-1.0,2,1,1,0,0.0,0.0,373.0,244.0,19.5,Cold
6535,1,8,0,1,0.0,0.0,0,0,357.0,-1.0,11,6,3,0,0.0,0.0,41.0,207.0,27.0,Warm
6534,1,8,0,1,0.0,0.0,0,0,643.0,-1.0,5,0,2,0,0.0,0.0,94.0,241.0,15.5,Cold
6533,1,8,0,1,0.0,0.0,0,0,643.0,-1.0,3,1,2,0,0.0,0.0,188.0,241.0,17.5,Cold
6532,1,8,0,1,0.0,0.0,0,0,643.0,-1.0,8,0,0,0,0.0,0.0,59.86,199.0,20.0,Cold
6531,1,8,0,0,0.0,0.0,0,1,643.0,-1.0,3,2,2,0,0.0,0.0,4.0,610.0,18.4,Cold
6530,1,8,0,1,0.0,0.0,0,0,357.0,-1.0,6,5,3,0,0.0,0.0,83.8,199.0,25.5,Warm
6529,1,8,0,1,0.0,0.0,0,0,643.0,-1.0,7,3,3,0,0.0,0.0,70.0,199.0,22.5,Warm
6528,1,8,0,1,0.0,0.0,0,0,643.0,-1.0,2,1,0,0,0.0,0.0,1.0,618.0,21.5,Warm
6527,1,8,0,0,0.0,0.0,0,1,357.0,-1.0,8,4,6,0,0.0,0.0,60.0,199.0,20.2,Warm
6526,1,8,0,1,0.0,0.0,0,0,643.0,-1.0,4,3,3,0,0.0,0.0,139.33,201.0,22.5,Warm
6525,1,8,0,1,0.0,0.0,0,0,643.0,-1.0,6,0,1,0,0.0,0.0,5.2,598.0,18.0,Cold
6524,1,8,0,1,0.0,0.0,0,0,643.0,-1.0,10,3,2,0,80.0,0.0,47.67,195.0,22.5,Warm
6523,1,8,0,1,0.0,0.0,0,0,643.0,-1.0,6,6,4,0,0.0,0.0,76.4,242.0,27.0,Warm
6522,1,8,0,1,0.0,0.0,0,0,643.0,-1.0,7,0,2,0,0.0,0.0,63.67,242.0,18.0,Cold
6521,1,8,0,1,0.0,0.0,0,0,643.0,-1.0,3,0,0,0,0.0,0.0,3.5,611.0,16.0,Cold
6520,1,8,0,1,0.0,0.0,0,0,643.0,-1.0,5,0,0,0,0.0,0.0,95.5,242.0,17.5,Cold
6519,1,8,0,1,0.0,0.0,0,0,643.0,-1.0,7,1,2,0,0.0,0.0,63.67,242.0,17.5,Cold
6518,1,8,0,1,0.0,0.0,0,0,643.0,-1.0,11,1,1,0,0.0,0.0,39.0,242.0,19.5,Cold
6517,1,8,0,1,0.0,0.0,0,0,643.0,-1.0,6,3,3,0,0.0,0.0,75.0,242.0,22.5,Warm
6516,1,8,0,1,0.0,0.0,0,0,643.0,-1.0,6,1,1,0,0.0,0.0,76.4,242.0,19.5,Cold
6515,1,8,0,1,0.0,0.0,0,0,643.0,-1.0,6,0,1,0,0.0,0.0,76.4,242.0,18.0,Cold
6514,1,8,0,1,0.0,0.0,0,0,643.0,-1.0,4,3,3,0,0.0,0.0,129.33,242.0,22.5,Warm
6513,1,8,0,1,0.0,0.0,0,0,643.0,-1.0,4,1,0,0,0.0,0.0,130.0,242.0,21.5,Warm
6512,1,8,0,1,0.0,0.0,0,0,643.0,-1.0,7,4,4,0,0.0,0.0,65.0,242.0,22.0,Warm
6511,1,8,0,1,0.0,0.0,0,0,643.0,-1.0,5,3,2,0,0.0,0.0,97.5,242.0,20.5,Warm
6510,1,8,0,1,0.0,0.0,0,0,643.0,-1.0,5,2,1,0,0.0,0.0,97.5,242.0,21.0,Warm
6509,1,8,0,1,0.0,0.0,0,0,357.0,-1.0,7,3,3,0,0.0,0.0,65.0,242.0,22.5,Warm
6508,1,8,0,1,0.0,0.0,0,0,643.0,-1.0,10,3,4,0,80.0,0.0,48.11,199.0,20.5,Warm
6507,1,8,0,0,0.0,0.0,0,1,643.0,-1.0,3,0,1,0,0.0,0.0,1.5,629.0,12.5,Cold
6506,1,8,0,1,0.0,0.0,0,0,378.0,-1.0,7,4,3,0,0.0,0.0,42.33,378.0,22.0,Warm
6505,1,8,6,1,0.0,0.0,0,0,381.0,-1.0,8,5,5,0,0.0,0.0,77.29,91.0,28.5,Warm
6504,1,8,0,1,0.0,0.0,0,0,643.0,-1.0,5,3,2,0,0.0,0.0,97.75,242.0,22.5,Warm
6503,1,8,0,1,0.0,0.0,0,0,643.0,-1.0,13,0,8,0,0.0,0.0,32.58,242.0,15.5,Cold
6502,1,8,0,1,0.0,0.0,0,0,643.0,-1.0,11,0,5,0,0.0,0.0,39.1,242.0,15.5,Cold
6501,1,8,0,0,0.0,0.0,0,1,643.0,-1.0,4,0,1,0,0.0,0.0,2.33,626.0,12.5,Cold
6500,1,8,0,1,0.0,0.0,0,0,643.0,-1.0,6,0,1,0,0.0,0.0,78.2,242.0,18.0,Cold
6499,1,8,0,1,0.0,0.0,0,0,643.0,-1.0,8,6,4,0,0.0,0.0,55.86,242.0,27.0,Warm
6498,1,8,0,1,0.0,0.0,0,0,643.0,-1.0,4,3,4,0,0.0,0.0,130.67,242.0,20.5,Warm
6497,1,8,0,1,0.0,0.0,0,0,643.0,-1.0,14,1,0,0,0.0,0.0,30.15,242.0,21.5,Warm
6496,1,8,0,1,0.0,0.0,0,0,643.0,-1.0,12,0,6,0,0.0,0.0,35.64,242.0,18.0,Cold
6495,1,8,0,1,0.0,0.0,0,0,643.0,-1.0,5,0,0,0,0.0,0.0,98.0,242.0,20.0,Cold
6494,1,8,0,0,0.0,0.0,0,1,643.0,-1.0,7,5,4,0,0.0,0.0,72.17,201.0,21.7,Warm
6493,1,8,0,1,0.0,0.0,0,0,643.0,-1.0,9,0,3,0,0.0,0.0,47.75,242.0,16.0,Cold
6492,1,8,0,1,0.0,0.0,0,0,643.0,-1.0,15,0,3,0,65.0,0.0,31.07,199.0,18.0,Cold
6490,1,8,0,1,0.0,0.0,0,0,643.0,-1.0,14,0,1,0,0.0,0.0,33.38,202.0,18.0,Cold
6489,1,8,0,1,0.0,0.0,0,0,643.0,-1.0,9,1,1,0,0.0,0.0,49.38,241.0,19.5,Cold
6488,1,8,6,1,0.0,0.0,0,0,643.0,-1.0,11,1,5,0,0.0,0.0,44.8,188.0,20.5,Warm
6487,1,8,0,1,0.0,0.0,0,0,643.0,-1.0,11,1,0,0,0.0,0.0,43.7,199.0,21.5,Warm
6486,1,8,0,1,0.0,0.0,0,0,643.0,-1.0,10,3,3,0,0.0,0.0,43.78,242.0,20.5,Warm
6484,1,8,0,0,0.0,0.0,0,1,643.0,-1.0,13,4,7,0,0.0,0.0,36.33,200.0,20.2,Warm
6483,1,8,6,1,0.0,0.0,0,0,643.0,-1.0,11,3,1,0,0.0,0.0,44.8,188.0,25.5,Warm
6482,1,8,0,0,0.0,0.0,0,1,643.0,-1.0,8,0,3,0,0.0,0.0,62.43,199.0,12.5,Cold
6481,1,8,0,1,0.0,0.0,0,0,643.0,-1.0,8,1,2,0,0.0,0.0,62.43,199.0,17.5,Cold
6480,1,8,0,1,0.0,0.0,0,0,643.0,-1.0,10,2,3,0,0.0,0.0,48.56,199.0,19.0,Cold
6479,1,8,0,1,0.0,0.0,0,0,643.0,-1.0,9,0,7,0,0.0,0.0,49.38,241.0,15.5,Cold
6477,1,8,0,1,0.0,0.0,0,0,643.0,-1.0,6,0,1,0,0.0,0.0,86.2,207.0,15.5,Cold
6476,1,8,0,0,0.0,0.0,0,1,357.0,-1.0,5,4,4,0,0.0,0.0,99.25,241.0,21.0,Warm
6475,1,8,0,0,0.0,0.0,0,1,643.0,-1.0,3,0,0,0,0.0,0.0,8.0,622.0,14.5,Cold
6474,1,8,0,1,0.0,0.0,0,0,643.0,-1.0,2,1,0,0,0.0,0.0,397.0,241.0,21.5,Warm
6473,1,8,0,0,0.0,0.0,0,1,643.0,-1.0,4,1,1,0,0.0,0.0,1.67,633.0,17.7,Cold
6472,1,8,0,1,0.0,0.0,0,0,643.0,-1.0,8,0,2,0,0.0,0.0,61.57,207.0,15.5,Cold
6471,1,8,0,0,0.0,0.0,0,1,643.0,-1.0,1,0,0,0,0.0,0.0,-1.0,638.0,15.0,Cold
6470,1,8,0,0,0.0,0.0,0,1,643.0,-1.0,1,0,1,0,0.0,0.0,-1.0,638.0,12.5,Cold
6469,1,8,0,1,0.0,0.0,0,0,357.0,-1.0,7,6,1,0,0.0,0.0,66.33,240.0,27.0,Warm
6468,1,8,0,1,0.0,0.0,0,0,643.0,-1.0,9,1,1,0,0.0,0.0,4.38,603.0,19.5,Cold
6467,1,8,0,1,0.0,0.0,0,0,643.0,-1.0,11,0,0,0,48.0,0.0,44.1,197.0,20.0,Cold
6466,1,8,0,1,0.0,0.0,0,0,643.0,-1.0,11,4,3,0,0.0,0.0,43.9,200.0,22.0,Warm
6465,1,8,0,1,0.0,0.0,0,0,370.0,-1.0,7,6,0,0,0.0,0.0,66.5,240.0,29.0,Warm
6464,1,8,0,1,0.0,0.0,0,0,381.0,-1.0,11,1,2,0,0.0,0.0,39.9,240.0,19.5,Cold
6463,1,8,0,1,0.0,0.0,0,0,643.0,-1.0,4,0,0,0,0.0,0.0,133.0,240.0,20.0,Cold
6462,1,8,0,1,0.0,0.0,0,0,643.0,-1.0,6,2,2,0,0.0,0.0,79.8,240.0,19.0,Cold
6461,1,8,0,1,0.0,0.0,0,0,643.0,-1.0,11,0,3,0,0.0,0.0,39.9,240.0,16.0,Cold
6460,1,8,0,0,0.0,0.0,0,1,643.0,-1.0,1,0,0,0,0.0,0.0,-1.0,640.0,15.0,Cold
6459,1,8,0,0,0.0,0.0,0,1,643.0,-1.0,2,1,1,0,0.0,0.0,0.0,640.0,15.7,Cold
6458,1,8,0,1,0.0,0.0,0,0,643.0,-1.0,2,2,2,0,0.0,0.0,20.0,623.0,17.0,Cold
6457,2,8,0,1,0.0,0.0,0,0,351.0,-1.0,21,3,0,0,0.0,0.0,14.9,342.0,27.5,Warm
6456,1,8,0,1,0.0,0.0,0,0,632.0,-1.0,7,0,1,0,0.0,0.0,23.0,502.0,21.0,Warm
6455,1,8,0,1,0.0,0.0,0,0,643.0,-1.0,2,0,0,0,0.0,0.0,4.0,636.0,18.0,Cold
6454,1,8,0,1,0.0,0.0,0,0,643.0,-1.0,2,0,1,0,0.0,0.0,4.0,636.0,13.5,Cold
6453,1,8,0,1,0.0,0.0,0,0,643.0,-1.0,3,0,0,0,0.0,0.0,7.5,625.0,15.5,Cold
6452,1,8,0,1,0.0,0.0,0,0,643.0,-1.0,1,0,0,0,0.0,0.0,-1.0,71.0,16.0,Cold
6450,1,8,0,1,0.0,0.0,0,0,615.0,-1.0,9,0,0,0,0.0,0.0,3.38,615.0,20.0,Cold
6449,1,8,0,1,0.0,0.0,0,0,643.0,-1.0,2,0,0,0,0.0,0.0,3.0,639.0,15.5,Cold
6448,1,8,0,1,0.0,0.0,0,0,642.0,-1.0,2,0,0,0,0.0,0.0,0.0,642.0,20.0,Cold
6447,1,8,0,1,0.0,0.0,0,0,642.0,-1.0,6,0,0,0,0.0,0.0,9.2,596.0,20.0,Cold
6446,1,8,0,1,0.0,0.0,0,0,643.0,-1.0,2,0,0,0,0.0,0.0,0.0,643.0,20.0,Cold
6445,1,8,2,1,0.0,0.0,0,0,643.0,-1.0,2,1,1,1,125.0,0.0,0.0,56.0,23.5,Warm
6444,1,8,0,0,0.0,0.0,0,1,643.0,-1.0,2,0,0,0,0.0,0.0,0.0,643.0,17.0,Cold
6443,1,8,0,0,0.0,0.0,0,1,643.0,-1.0,1,0,0,0,0.0,0.0,-1.0,643.0,13.0,Cold
6442,1,8,0,1,0.0,0.0,0,0,643.0,-1.0,2,0,0,0,0.0,0.0,4.0,639.0,15.5,Cold
6441,1,8,0,1,0.0,0.0,0,0,642.0,-1.0,5,0,0,0,0.0,0.0,1.75,636.0,20.0,Cold
6440,1,8,0,1,0.0,0.0,0,0,643.0,-1.0,1,0,0,0,0.0,0.0,-1.0,643.0,16.0,Cold
6439,1,8,0,0,0.0,0.0,0,1,643.0,-1.0,8,0,0,0,0.0,0.0,22.14,488.0,15.0,Cold
6438,1,8,0,0,0.0,0.0,0,1,643.0,-1.0,2,0,1,0,0.0,0.0,10.0,633.0,13.0,Cold
6437,1,8,0,0,0.0,0.0,0,1,643.0,-1.0,3,0,1,0,0.0,0.0,5.0,633.0,11.0,Cold
6436,1,8,0,1,0.0,0.0,0,0,643.0,-1.0,11,0,0,0,0.0,0.0,40.0,240.0,20.0,Cold
6435,1,8,0,0,0.0,0.0,0,1,643.0,-1.0,2,0,1,0,0.0,0.0,0.0,640.0,15.0,Cold
6434,1,8,0,0,0.0,0.0,0,1,643.0,-1.0,1,0,0,0,0.0,0.0,-1.0,641.0,13.5,Cold
6432,1,8,0,0,0.0,0.0,0,1,643.0,-1.0,1,1,1,0,0.0,0.0,-1.0,630.0,17.7,Cold
6431,1,8,0,1,0.0,0.0,0,0,643.0,-1.0,14,1,2,0,0.0,0.0,30.85,240.0,19.5,Cold
6430,1,8,0,1,0.0,0.0,0,0,643.0,-1.0,11,0,3,0,0.0,0.0,40.1,240.0,16.5,Cold
6428,1,8,0,1,0.0,0.0,0,0,643.0,-1.0,8,4,0,0,0.0,0.0,38.14,374.0,26.0,Warm
6425,1,8,0,0,0.0,0.0,0,1,357.0,-1.0,16,5,1,0,0.0,0.0,26.73,240.0,22.5,Warm
6424,1,8,0,1,0.0,0.0,0,0,643.0,-1.0,12,1,0,0,0.0,0.0,36.45,240.0,21.5,Warm
6423,1,8,0,1,0.0,0.0,0,0,643.0,-1.0,13,2,2,0,0.0,0.0,33.42,240.0,19.0,Cold
6422,1,8,0,1,0.0,0.0,0,0,643.0,-1.0,7,5,2,0,0.0,0.0,66.83,240.0,25.5,Warm
6420,1,8,0,0,0.0,0.0,0,1,643.0,-1.0,1,0,0,0,0.0,0.0,-1.0,641.0,15.0,Cold
6419,1,8,0,0,0.0,0.0,0,1,643.0,-1.0,8,6,5,0,0.0,0.0,63.0,200.0,24.4,Warm
6416,1,8,6,0,0.0,0.0,0,1,643.0,-1.0,5,3,2,0,0.0,0.0,112.75,190.0,23.7,Warm
6415,1,8,0,1,0.0,0.0,0,0,643.0,-1.0,2,0,0,0,0.0,0.0,5.0,638.0,18.0,Cold
6414,1,8,0,1,0.0,0.0,0,0,643.0,-1.0,3,0,0,0,0.0,0.0,2.5,638.0,20.0,Cold
6413,1,8,0,0,0.0,0.0,0,1,643.0,-1.0,3,0,0,0,0.0,0.0,2.0,639.0,17.0,Cold
6412,1,8,0,0,0.0,0.0,0,1,560.0,-1.0,25,6,1,0,0.0,0.0,15.04,282.0,27.0,Warm
6411,1,8,0,0,0.0,0.0,0,1,282.0,-1.0,9,1,0,0,0.0,0.0,45.12,282.0,18.5,Cold
6409,1,8,0,0,0.0,0.0,0,1,640.0,-1.0,3,2,0,0,0.0,0.0,3.0,637.0,22.4,Warm
6408,2,8,0,1,0.0,0.0,0,0,644.0,-1.0,9,0,1,0,0.0,0.0,37.88,341.0,19.0,Cold
6407,2,8,0,1,0.0,0.0,0,0,644.0,-1.0,8,1,0,0,0.0,0.0,42.0,350.0,22.5,Warm
6406,2,8,0,0,0.0,0.0,0,1,644.0,-1.0,4,1,3,0,0.0,0.0,94.67,360.0,15.5,Cold
6405,1,8,0,1,0.0,0.0,0,0,644.0,-1.0,4,0,0,0,0.0,0.0,104.67,330.0,23.0,Warm
6404,2,8,0,1,0.0,0.0,0,0,644.0,-1.0,8,0,0,0,0.0,0.0,43.0,343.0,23.0,Warm
6403,1,8,0,1,0.0,0.0,0,0,644.0,-1.0,4,0,1,0,0.0,0.0,114.0,302.0,16.0,Cold
6401,3,8,0,8,0.0,0.0,0,0,645.0,-1.0,2,0,0,0,0.0,0.0,0.0,645.0,27.0,Warm
6399,1,8,0,1,0.0,0.0,0,0,645.0,-1.0,12,5,5,0,0.0,0.0,34.27,268.0,25.5,Warm
6398,1,8,0,1,0.0,0.0,0,0,342.0,-1.0,12,0,3,0,0.0,0.0,27.55,342.0,18.0,Cold
6397,1,8,0,0,0.0,0.0,0,1,645.0,-1.0,3,6,1,0,0.0,0.0,23.5,598.0,28.8,Warm
6396,1,8,0,1,0.0,0.0,0,0,320.0,-1.0,4,1,0,0,0.0,0.0,108.33,320.0,24.5,Warm
6395,1,8,0,0,0.0,0.0,0,1,628.0,-1.0,21,10,2,0,0.0,0.0,2.5,595.0,29.4,Warm
6394,1,8,0,1,0.0,0.0,0,0,327.0,-1.0,3,1,0,0,0.0,0.0,159.0,327.0,21.5,Warm
6393,1,8,0,0,0.0,0.0,0,1,645.0,-1.0,15,3,1,0,0.0,0.0,32.0,197.0,19.5,Cold
6392,1,8,0,0,0.0,0.0,0,1,645.0,-1.0,1,1,0,0,0.0,0.0,-1.0,645.0,17.7,Cold
6391,1,8,0,1,0.0,0.0,0,0,646.0,-1.0,7,0,0,0,0.0,0.0,59.5,289.0,20.0,Cold
6390,1,8,0,1,0.0,0.0,0,0,646.0,-1.0,2,0,1,0,0.0,0.0,316.0,330.0,13.5,Cold
6389,1,8,0,1,0.0,0.0,0,0,646.0,-1.0,7,4,4,0,0.0,0.0,62.33,272.0,25.0,Warm
6388,1,8,0,0,0.0,0.0,0,1,646.0,-1.0,2,0,0,0,0.0,0.0,6.0,640.0,14.5,Cold
6387,1,8,0,0,0.0,0.0,0,1,646.0,-1.0,2,0,0,0,0.0,0.0,6.0,640.0,12.5,Cold
6386,1,8,0,1,0.0,0.0,0,0,646.0,-1.0,3,0,1,0,0.0,0.0,159.5,327.0,16.0,Cold
6385,2,8,0,1,0.0,0.0,0,0,328.0,-1.0,4,0,0,0,0.0,0.0,106.0,328.0,23.0,Warm
6384,2,8,0,0,0.0,0.0,0,1,646.0,-1.0,3,0,0,0,0.0,0.0,3.5,639.0,16.0,Cold
6383,1,8,2,1,0.0,0.0,0,0,646.0,-1.0,14,1,9,0,0.0,0.0,46.38,43.0,15.7,Cold
6382,1,8,0,1,0.0,0.0,0,0,646.0,-1.0,3,0,1,0,0.0,0.0,158.0,330.0,16.0,Cold
6381,2,8,0,0,0.0,0.0,0,1,646.0,-1.0,5,3,0,0,0.0,0.0,0.5,644.0,24.5,Warm
6380,1,8,0,0,0.0,0.0,0,1,643.0,-1.0,5,0,1,0,0.0,0.0,0.75,643.0,15.0,Cold
6378,1,8,0,1,0.0,0.0,0,0,646.0,-1.0,3,2,1,0,0.0,0.0,3.5,639.0,22.2,Warm
6377,1,8,0,0,0.0,0.0,0,1,645.0,-1.0,1,0,0,0,0.0,0.0,-1.0,645.0,15.0,Cold
6376,1,8,0,0,0.0,0.0,0,1,643.0,-1.0,5,1,1,0,0.0,0.0,0.5,642.0,17.7,Cold
6375,1,8,0,0,0.0,0.0,0,1,644.0,-1.0,4,1,1,0,0.0,0.0,0.67,643.0,17.7,Cold
6374,1,8,0,0,0.0,0.0,0,1,646.0,-1.0,3,1,1,0,0.0,0.0,1.0,644.0,15.7,Cold
6373,1,8,0,1,0.0,0.0,0,0,328.0,-1.0,4,0,0,0,0.0,0.0,106.0,328.0,20.0,Cold
6372,1,8,0,1,0.0,0.0,0,0,646.0,-1.0,2,0,0,0,0.0,0.0,318.0,328.0,18.0,Cold
6371,1,8,0,1,0.0,0.0,0,0,316.0,-1.0,3,0,1,0,0.0,0.0,165.0,316.0,18.0,Cold
6370,2,8,0,0,0.0,0.0,0,1,369.0,-1.0,7,0,0,0,0.0,0.0,46.17,369.0,20.0,Cold
6369,1,8,0,1,0.0,0.0,0,0,646.0,-1.0,3,1,0,0,0.0,0.0,159.5,327.0,22.7,Warm
6368,2,8,0,0,0.0,0.0,0,1,370.0,-1.0,4,0,0,0,0.0,0.0,92.0,370.0,20.0,Cold
6367,1,8,0,1,0.0,0.0,0,0,646.0,-1.0,3,0,0,0,0.0,0.0,159.0,328.0,20.0,Cold
6366,1,8,0,1,0.0,0.0,0,0,646.0,-1.0,3,0,0,0,0.0,0.0,159.0,328.0,20.0,Cold
6365,1,8,0,0,0.0,0.0,0,1,646.0,-1.0,2,0,1,0,0.0,0.0,6.0,640.0,15.0,Cold
6364,1,8,0,1,0.0,0.0,0,0,646.0,-1.0,3,2,1,0,0.0,0.0,77.5,491.0,22.2,Warm
6363,1,8,0,1,0.0,0.0,0,0,646.0,-1.0,4,2,2,0,0.0,0.0,51.67,491.0,17.0,Cold
6362,1,8,0,0,0.0,0.0,0,1,357.0,-1.0,5,2,2,0,0.0,0.0,72.5,357.0,18.0,Cold
6361,1,8,0,1,0.0,0.0,0,0,292.0,-1.0,6,0,1,0,0.0,0.0,71.0,292.0,18.0,Cold
6360,1,8,0,1,0.0,0.0,0,0,647.0,-1.0,13,2,3,0,0.0,0.0,31.0,275.0,17.0,Cold
6359,1,8,0,0,0.0,0.0,0,1,647.0,-1.0,6,2,2,0,0.0,0.0,56.8,363.0,16.0,Cold
6358,1,8,0,0,0.0,0.0,0,1,647.0,-1.0,2,0,0,0,0.0,0.0,5.0,642.0,15.0,Cold
6357,1,8,0,0,0.0,0.0,0,1,647.0,-1.0,2,1,0,0,0.0,0.0,8.0,639.0,15.7,Cold
6356,1,8,0,1,0.0,0.0,0,0,357.0,-1.0,7,0,1,0,0.0,0.0,48.33,357.0,18.0,Cold
6355,1,8,0,0,0.0,0.0,0,1,381.0,-1.0,2,0,0,0,0.0,0.0,0.0,381.0,17.0,Cold
6354,1,8,0,0,0.0,0.0,0,1,647.0,-1.0,2,1,0,0,0.0,0.0,3.0,378.0,16.5,Cold
6353,1,8,6,1,0.0,0.0,0,0,381.0,-1.0,5,0,0,0,0.0,0.0,93.5,7.0,23.0,Warm
6352,1,8,0,0,0.0,0.0,0,1,647.0,-1.0,1,0,0,0,0.0,0.0,-1.0,381.0,12.5,Cold
6351,1,8,0,0,0.0,0.0,0,1,381.0,-1.0,3,0,0,0,0.0,0.0,0.0,381.0,17.0,Cold
6350,2,8,0,0,0.0,0.0,0,1,366.0,-1.0,14,0,0,0,0.0,0.0,1.62,360.0,24.0,Warm
6349,1,8,0,0,0.0,0.0,0,1,378.0,-1.0,7,0,0,0,0.0,0.0,0.67,377.0,17.0,Cold
6348,1,8,0,0,0.0,0.0,0,1,378.0,-1.0,6,0,0,0,0.0,0.0,0.6,377.0,17.0,Cold
6347,1,8,0,0,0.0,0.0,0,1,647.0,-1.0,1,0,0,0,0.0,0.0,-1.0,381.0,12.5,Cold
6346,1,8,0,0,0.0,0.0,0,1,647.0,-1.0,1,0,0,0,0.0,0.0,-1.0,381.0,12.5,Cold
6345,1,8,0,0,0.0,0.0,0,1,381.0,-1.0,2,0,0,0,0.0,0.0,0.0,381.0,17.0,Cold
6344,1,8,6,1,0.0,0.0,0,0,647.0,-1.0,2,0,1,0,0.0,0.0,100.0,127.0,16.5,Cold
6343,1,8,0,0,0.0,0.0,0,1,647.0,-1.0,5,0,0,0,0.0,0.0,2.5,370.0,12.5,Cold
6342,2,8,0,1,6000000.0,8000000.0,1,0,647.0,-1.0,6,0,1,0,0.0,8000000.0,21.6,272.0,25.5,Warm
6341,1,8,0,0,0.0,0.0,0,1,647.0,-1.0,3,0,0,0,0.0,0.0,4.0,372.0,12.5,Cold
6340,1,8,0,0,0.0,0.0,0,1,380.0,-1.0,4,0,0,0,0.0,0.0,0.67,378.0,17.0,Cold
6339,1,8,0,0,0.0,0.0,0,1,380.0,-1.0,3,0,0,0,0.0,0.0,1.0,378.0,17.0,Cold
6338,1,8,0,0,0.0,0.0,0,1,647.0,-1.0,2,0,0,0,0.0,0.0,3.0,378.0,12.5,Cold
6337,1,8,0,0,0.0,0.0,0,1,341.0,-1.0,10,0,2,0,0.0,0.0,9.56,295.0,13.0,Cold
6336,1,8,0,0,0.0,0.0,0,1,378.0,-1.0,4,0,0,0,0.0,0.0,3.33,371.0,17.0,Cold
6335,1,8,0,0,0.0,0.0,0,1,380.0,-1.0,3,0,0,0,0.0,0.0,1.0,378.0,17.0,Cold
6334,1,8,6,1,0.0,0.0,0,0,378.0,-1.0,10,1,1,0,1.0,0.0,41.44,7.0,22.5,Warm
6333,1,8,0,1,0.0,0.0,0,0,366.0,-1.0,13,0,2,0,0.0,0.0,4.33,329.0,18.0,Cold
6332,1,8,0,0,0.0,0.0,0,1,380.0,-1.0,5,0,0,0,0.0,0.0,0.75,378.0,17.0,Cold
6331,1,8,0,0,0.0,0.0,0,1,647.0,-1.0,2,0,1,0,0.0,0.0,3.0,378.0,10.5,Cold
6330,1,8,0,0,0.0,0.0,0,1,380.0,-1.0,2,0,0,0,0.0,0.0,0.0,380.0,17.0,Cold
6329,2,8,0,1,0.0,0.0,0,0,327.0,-1.0,22,8,1,0,0.0,0.0,2.52,327.0,40.0,Warm
6328,2,8,0,1,0.0,0.0,0,0,369.0,-1.0,10,0,0,0,24.0,0.0,28.0,128.0,27.0,Warm
6326,2,8,0,0,0.0,0.0,0,1,369.0,-1.0,14,0,0,0,0.0,0.0,1.69,358.0,24.0,Warm
6325,1,8,0,0,0.0,0.0,0,1,647.0,-1.0,1,0,0,0,0.0,0.0,-1.0,380.0,15.0,Cold
6324,1,8,0,0,0.0,0.0,0,1,377.0,-1.0,6,0,1,0,0.0,0.0,2.0,370.0,15.0,Cold
6323,1,8,0,0,0.0,0.0,0,1,380.0,-1.0,3,0,0,0,0.0,0.0,1.0,378.0,15.0,Cold
6322,1,8,0,0,0.0,0.0,0,1,380.0,-1.0,2,0,0,0,0.0,0.0,0.0,380.0,17.0,Cold
6321,1,8,0,0,0.0,0.0,0,1,371.0,-1.0,12,1,1,0,0.0,0.0,1.82,360.0,16.5,Cold
6320,1,8,6,1,0.0,0.0,0,0,647.0,-1.0,5,0,0,0,0.0,0.0,157.5,9.0,18.5,Cold
6319,1,8,0,0,0.0,0.0,0,1,647.0,-1.0,1,0,0,0,0.0,0.0,-1.0,639.0,12.5,Cold
6318,1,8,0,0,0.0,0.0,0,1,647.0,-1.0,1,0,0,0,0.0,0.0,-1.0,639.0,12.5,Cold
6317,1,8,0,0,0.0,0.0,0,1,647.0,-1.0,1,0,0,0,0.0,0.0,-1.0,639.0,15.0,Cold
6316,1,8,6,0,0.0,0.0,0,1,647.0,-1.0,2,1,1,0,0.0,0.0,623.0,16.0,18.7,Cold
6315,1,8,0,0,0.0,0.0,0,1,363.0,-1.0,9,0,1,0,0.0,0.0,34.88,360.0,15.0,Cold
6314,1,8,0,0,0.0,0.0,0,1,647.0,-1.0,1,2,1,0,0.0,0.0,-1.0,639.0,18.4,Cold
6313,1,8,0,0,0.0,0.0,0,1,643.0,-1.0,4,2,1,0,0.0,0.0,0.33,643.0,19.2,Cold
6312,1,8,0,0,0.0,0.0,0,1,647.0,-1.0,1,1,1,0,0.0,0.0,-1.0,640.0,15.7,Cold
6311,1,8,0,0,0.0,0.0,0,1,642.0,-1.0,4,1,2,0,0.0,0.0,1.0,639.0,15.7,Cold
6310,1,8,0,0,0.0,0.0,0,1,647.0,-1.0,1,0,0,0,0.0,0.0,-1.0,642.0,12.5,Cold
6309,1,8,0,0,0.0,0.0,0,1,642.0,-1.0,3,2,2,0,0.0,0.0,1.0,640.0,20.4,Warm
6308,1,8,0,0,0.0,0.0,0,1,643.0,-1.0,3,2,2,0,0.0,0.0,0.5,642.0,20.4,Warm
6307,1,8,0,0,0.0,0.0,0,1,643.0,-1.0,3,2,2,0,0.0,0.0,0.5,642.0,20.4,Warm
6306,1,8,6,1,0.0,0.0,0,0,647.0,-1.0,10,0,0,0,0.0,0.0,71.0,5.0,21.0,Warm
6305,1,8,0,0,0.0,0.0,0,1,647.0,-1.0,1,0,1,0,0.0,0.0,-1.0,644.0,11.0,Cold
6304,1,8,0,0,0.0,0.0,0,1,644.0,-1.0,2,0,0,0,0.0,0.0,0.0,644.0,17.0,Cold
6303,1,8,0,0,0.0,0.0,0,1,643.0,-1.0,5,3,3,0,0.0,0.0,0.25,643.0,23.1,Warm
6302,1,8,0,0,0.0,0.0,0,1,643.0,-1.0,5,1,1,0,0.0,0.0,0.25,643.0,17.7,Cold
6301,1,8,0,0,0.0,0.0,0,1,642.0,-1.0,4,1,1,0,0.0,0.0,0.33,642.0,17.7,Cold
6300,1,8,0,0,0.0,0.0,0,1,647.0,-1.0,1,1,1,0,0.0,0.0,-1.0,644.0,15.7,Cold
6299,1,8,0,0,0.0,0.0,0,1,643.0,-1.0,4,2,1,0,0.0,0.0,0.33,642.0,20.4,Warm
6298,1,8,0,0,0.0,0.0,0,1,647.0,-1.0,1,0,0,0,0.0,0.0,-1.0,645.0,12.5,Cold
6297,1,8,6,1,0.0,0.0,0,0,378.0,-1.0,13,1,1,0,22.0,0.0,53.17,7.0,22.5,Warm
6295,1,8,0,0,0.0,0.0,0,1,647.0,-1.0,1,0,0,0,0.0,0.0,-1.0,645.0,12.5,Cold
6294,1,8,0,0,0.0,0.0,0,1,644.0,-1.0,4,1,1,0,0.0,0.0,0.67,643.0,15.7,Cold
6293,1,8,0,0,0.0,0.0,0,1,647.0,-1.0,1,0,0,0,0.0,0.0,-1.0,645.0,12.5,Cold
6292,1,8,6,1,0.0,0.0,0,0,647.0,-1.0,4,0,0,0,0.0,0.0,210.67,13.0,18.5,Cold
6291,1,8,0,0,0.0,0.0,0,1,644.0,-1.0,3,0,0,0,0.0,0.0,0.5,644.0,17.0,Cold
6290,1,8,0,0,0.0,0.0,0,1,642.0,-1.0,9,1,1,0,0.0,0.0,0.62,640.0,17.7,Cold
6289,1,8,0,0,0.0,0.0,0,1,647.0,-1.0,2,0,0,0,0.0,0.0,8.0,639.0,13.0,Cold
6288,1,8,0,0,0.0,0.0,0,1,647.0,-1.0,4,0,1,0,0.0,0.0,96.33,358.0,10.5,Cold
6287,1,8,0,0,0.0,0.0,0,1,647.0,-1.0,2,0,1,0,0.0,0.0,9.0,638.0,13.0,Cold
6286,1,8,0,1,0.0,0.0,0,0,647.0,-1.0,5,0,0,0,0.0,0.0,93.0,275.0,23.0,Warm
6285,1,8,0,0,0.0,0.0,0,1,366.0,-1.0,3,0,1,0,0.0,0.0,140.5,366.0,15.0,Cold
6284,1,8,0,0,0.0,0.0,0,1,647.0,-1.0,2,0,1,0,0.0,0.0,4.0,643.0,11.0,Cold
6283,1,8,0,0,0.0,0.0,0,1,647.0,-1.0,4,0,4,0,0.0,0.0,1.33,341.0,12.5,Cold
6282,1,8,0,0,0.0,0.0,0,1,647.0,-1.0,2,0,0,0,0.0,0.0,2.0,640.0,15.0,Cold
6281,1,8,0,0,0.0,0.0,0,1,646.0,-1.0,4,0,2,0,0.0,0.0,2.33,639.0,13.0,Cold
6280,1,8,0,1,0.0,0.0,0,0,647.0,-1.0,1,0,0,0,0.0,0.0,-1.0,334.0,15.5,Cold
6279,1,8,0,1,0.0,0.0,0,0,317.0,-1.0,2,0,0,0,0.0,0.0,17.0,317.0,15.5,Cold
6278,1,8,0,1,0.0,0.0,0,0,647.0,-1.0,2,0,0,0,0.0,0.0,313.0,330.0,18.0,Cold
6277,1,8,0,1,0.0,0.0,0,0,346.0,-1.0,1,0,0,0,0.0,0.0,-1.0,346.0,18.0,Cold
6276,1,8,0,0,0.0,0.0,0,1,647.0,-1.0,2,0,0,0,0.0,0.0,3.0,640.0,15.0,Cold
6275,1,8,0,1,0.0,0.0,0,0,316.0,-1.0,2,0,1,0,0.0,0.0,30.0,316.0,16.0,Cold
6274,1,8,0,1,0.0,0.0,0,0,346.0,-1.0,8,3,5,0,0.0,0.0,6.71,299.0,20.9,Warm
6273,1,8,0,1,0.0,0.0,0,0,647.0,-1.0,1,1,1,0,0.0,0.0,-1.0,310.0,20.7,Warm
6272,1,8,0,1,0.0,0.0,0,0,647.0,-1.0,2,0,0,0,0.0,0.0,10.0,339.0,15.5,Cold
6271,1,8,0,0,0.0,0.0,0,1,646.0,-1.0,2,1,0,0,0.0,0.0,7.0,639.0,17.7,Cold
6270,1,8,0,1,0.0,0.0,0,0,346.0,-1.0,2,0,0,0,0.0,0.0,0.0,346.0,20.0,Cold
6269,2,8,0,0,0.0,0.0,0,1,366.0,-1.0,6,1,0,0,0.0,0.0,57.2,360.0,21.5,Warm
6268,1,8,0,1,0.0,0.0,0,0,647.0,-1.0,12,2,6,0,0.0,0.0,6.27,276.0,19.0,Cold
6267,1,8,0,0,0.0,0.0,0,1,646.0,-1.0,3,0,1,0,0.0,0.0,3.5,639.0,13.0,Cold
6266,1,8,0,0,0.0,0.0,0,1,355.0,-1.0,4,1,0,0,0.0,0.0,0.33,355.0,18.5,Cold
6265,1,8,0,0,0.0,0.0,0,1,647.0,-1.0,5,0,5,0,0.0,0.0,3.75,330.0,12.5,Cold
6264,1,8,0,0,0.0,0.0,0,1,642.0,-1.0,4,0,1,0,0.0,0.0,2.33,639.0,15.0,Cold
6263,1,8,0,1,0.0,0.0,0,0,335.0,-1.0,3,0,0,0,0.0,0.0,5.5,335.0,20.0,Cold
6262,1,8,0,0,0.0,0.0,0,1,642.0,-1.0,5,2,0,0,0.0,0.0,1.75,638.0,22.4,Warm
6261,1,8,0,1,0.0,0.0,0,0,346.0,-1.0,1,0,1,0,0.0,0.0,-1.0,346.0,13.5,Cold
6260,1,8,0,1,0.0,0.0,0,0,642.0,-1.0,5,1,3,0,0.0,0.0,83.0,313.0,16.7,Cold
6259,1,8,0,1,0.0,0.0,0,0,316.0,-1.0,2,0,2,0,0.0,0.0,14.0,316.0,16.0,Cold
6258,1,8,0,0,0.0,0.0,0,1,645.0,-1.0,2,0,0,0,0.0,0.0,5.0,640.0,15.0,Cold
6257,1,8,0,1,0.0,0.0,0,0,647.0,-1.0,1,0,0,0,0.0,0.0,-1.0,331.0,18.0,Cold
6256,1,8,0,1,0.0,0.0,0,0,642.0,-1.0,3,0,1,0,0.0,0.0,157.5,327.0,18.0,Cold
6255,1,8,0,1,0.0,0.0,0,0,335.0,-1.0,2,0,1,0,0.0,0.0,11.0,335.0,18.0,Cold
6254,1,8,0,0,0.0,0.0,0,1,642.0,-1.0,4,1,0,0,0.0,0.0,1.0,639.0,19.7,Cold
6253,1,8,0,0,0.0,0.0,0,1,642.0,-1.0,3,0,0,0,0.0,0.0,1.0,640.0,17.0,Cold
6252,1,8,0,1,0.0,0.0,0,0,346.0,-1.0,2,0,1,0,0.0,0.0,0.0,346.0,18.0,Cold
6251,1,8,0,0,0.0,0.0,0,1,642.0,-1.0,4,0,0,0,0.0,0.0,1.0,639.0,17.0,Cold
6250,1,8,0,0,0.0,0.0,0,1,642.0,-1.0,3,0,1,0,0.0,0.0,1.5,639.0,15.0,Cold
6249,1,8,0,1,0.0,0.0,0,0,346.0,-1.0,2,0,0,0,0.0,0.0,0.0,346.0,20.0,Cold
6248,1,8,0,1,0.0,0.0,0,0,350.0,-1.0,2,0,0,0,0.0,0.0,0.0,350.0,20.0,Cold
6247,1,8,0,0,0.0,0.0,0,1,647.0,-1.0,2,0,0,0,0.0,0.0,1.0,639.0,15.0,Cold
6246,1,8,0,0,0.0,0.0,0,1,642.0,-1.0,3,0,0,0,0.0,0.0,1.0,640.0,17.0,Cold
6245,1,8,0,1,0.0,0.0,0,0,629.0,-1.0,8,1,2,0,0.0,0.0,21.0,495.0,19.5,Cold
6244,1,8,0,1,0.0,0.0,0,0,642.0,-1.0,4,0,0,0,0.0,0.0,104.0,330.0,20.0,Cold
6243,1,8,0,1,0.0,0.0,0,0,647.0,-1.0,2,3,0,0,0.0,0.0,0.0,495.0,20.0,Cold
6242,1,8,0,1,0.0,0.0,0,0,647.0,-1.0,1,0,0,0,0.0,0.0,-1.0,495.0,15.5,Cold
6241,1,8,0,0,0.0,0.0,0,1,330.0,-1.0,4,0,1,0,0.0,0.0,105.67,330.0,15.0,Cold
6240,1,8,0,1,0.0,0.0,0,0,330.0,-1.0,4,1,0,0,0.0,0.0,129.0,260.0,21.5,Warm
6239,1,8,0,1,0.0,0.0,0,0,313.0,-1.0,6,0,0,0,0.0,0.0,70.2,296.0,20.0,Cold
6238,1,8,0,1,0.0,0.0,0,0,635.0,-1.0,5,1,1,0,0.0,0.0,57.0,419.0,19.5,Cold
6237,1,8,6,1,0.0,0.0,0,0,647.0,-1.0,8,1,0,1,955.0,0.0,74.14,128.0,29.5,Warm
6236,1,8,0,1,0.0,0.0,0,0,647.0,-1.0,4,0,1,0,0.0,0.0,128.33,262.0,18.0,Cold
6235,1,8,0,1,0.0,0.0,0,0,322.0,-1.0,8,0,0,0,0.0,0.0,46.43,322.0,20.0,Cold
6234,1,8,6,1,0.0,0.0,0,0,554.0,-1.0,6,2,1,0,0.0,0.0,126.2,16.0,24.0,Warm
6233,1,8,6,1,0.0,0.0,0,0,554.0,-1.0,9,1,0,0,0.0,0.0,79.12,14.0,24.5,Warm
6232,1,8,0,1,0.0,0.0,0,0,646.0,-1.0,6,3,1,0,0.0,0.0,81.6,238.0,22.5,Warm
6231,1,8,6,1,0.0,0.0,0,0,554.0,-1.0,5,0,0,0,0.0,0.0,157.5,16.0,23.0,Warm
6230,1,8,0,1,0.0,0.0,0,0,260.0,-1.0,7,2,1,0,0.0,0.0,68.17,237.0,21.0,Warm
6229,1,8,0,1,0.0,0.0,0,0,617.0,-1.0,8,2,2,0,0.0,0.0,47.14,316.0,21.0,Warm
6228,1,8,6,1,0.0,0.0,0,0,647.0,-1.0,6,0,0,0,0.0,0.0,103.8,127.0,18.5,Cold
6227,1,8,0,1,0.0,0.0,0,0,647.0,-1.0,1,0,0,0,0.0,0.0,-1.0,528.0,15.5,Cold
6226,1,8,6,1,0.0,0.0,0,0,646.0,-1.0,11,4,0,0,0.0,0.0,51.9,127.0,27.0,Warm
6225,1,8,0,1,0.0,0.0,0,0,647.0,-1.0,2,1,0,0,0.0,0.0,92.0,554.0,19.5,Cold
6224,1,8,0,1,0.0,0.0,0,0,345.0,-1.0,14,1,6,0,0.0,0.0,28.77,272.0,20.5,Warm
6223,1,8,6,1,0.0,0.0,0,0,647.0,-1.0,5,1,1,0,0.0,0.0,157.75,9.0,20.5,Warm
6222,1,8,0,1,0.0,0.0,0,0,554.0,-1.0,9,2,2,0,0.0,0.0,46.25,276.0,19.0,Cold
6221,1,8,0,1,0.0,0.0,0,0,556.0,-1.0,9,0,4,0,0.0,0.0,42.0,310.0,18.0,Cold
6220,1,8,0,1,0.0,0.0,0,0,296.0,-1.0,13,3,0,0,0.0,0.0,29.17,296.0,24.5,Warm
6219,1,8,0,1,0.0,0.0,0,0,287.0,-1.0,7,6,1,0,0.0,0.0,59.83,287.0,29.4,Warm
6218,1,8,6,1,0.0,0.0,0,0,327.0,-1.0,10,0,0,0,76.0,0.0,57.56,127.0,23.0,Warm
6217,1,8,0,0,0.0,0.0,0,1,647.0,-1.0,3,0,0,0,0.0,0.0,175.0,295.0,12.5,Cold
6216,1,8,6,1,0.0,0.0,0,0,632.0,-1.0,7,1,1,0,0.0,0.0,103.5,16.0,22.5,Warm
6215,1,8,6,1,0.0,0.0,0,0,647.0,-1.0,4,2,2,0,45.0,0.0,208.0,13.0,24.0,Warm
6214,1,8,6,0,0.0,0.0,0,1,556.0,-1.0,8,1,0,0,0.0,0.0,88.71,16.0,21.5,Warm
6213,1,8,6,1,0.0,0.0,0,0,647.0,-1.0,4,1,1,0,17.0,0.0,208.0,13.0,22.5,Warm
6212,1,8,6,1,0.0,0.0,0,0,556.0,-1.0,6,2,2,0,35.0,0.0,125.2,16.0,24.0,Warm
6211,1,8,0,0,0.0,0.0,0,1,554.0,-1.0,5,0,0,0,0.0,0.0,7.0,528.0,17.0,Cold
6210,1,8,0,0,0.0,0.0,0,1,647.0,-1.0,2,1,0,0,0.0,0.0,1.0,639.0,15.7,Cold
6209,1,8,0,0,0.0,0.0,0,1,647.0,-1.0,1,1,1,0,0.0,0.0,-1.0,639.0,12.5,Cold
6208,1,8,0,1,0.0,0.0,0,0,647.0,-1.0,2,1,1,0,0.0,0.0,257.0,299.0,17.5,Cold
6207,1,8,0,0,0.0,0.0,0,1,556.0,-1.0,6,0,0,0,0.0,0.0,22.4,525.0,17.0,Cold
6206,1,8,6,1,0.0,0.0,0,0,647.0,-1.0,6,1,1,1,312.0,0.0,124.6,14.0,30.5,Warm
6205,1,8,6,1,0.0,0.0,0,0,647.0,-1.0,7,1,1,0,36.0,0.0,104.67,9.0,22.5,Warm
6204,1,8,6,1,0.0,0.0,0,0,647.0,-1.0,2,2,2,0,0.0,0.0,616.0,23.0,21.2,Warm
6203,1,8,0,1,0.0,0.0,0,0,647.0,-1.0,2,0,1,0,0.0,0.0,378.0,262.0,13.5,Cold
6202,1,8,0,1,0.0,0.0,0,0,647.0,-1.0,3,1,2,0,0.0,0.0,27.0,276.0,15.5,Cold
6201,1,8,0,1,0.0,0.0,0,0,296.0,-1.0,12,1,0,1,209.0,0.0,46.82,128.0,26.5,Warm
6200,1,8,6,1,0.0,0.0,0,0,647.0,-1.0,2,0,0,0,0.0,0.0,144.0,185.0,20.5,Warm
6199,1,8,6,1,0.0,0.0,0,0,572.0,-1.0,13,0,0,0,0.0,0.0,52.0,16.0,23.0,Warm
6198,1,8,0,1,0.0,0.0,0,0,647.0,-1.0,4,1,3,0,0.0,0.0,25.0,255.0,15.5,Cold
6197,1,8,0,1,0.0,0.0,0,0,576.0,-1.0,19,3,0,0,0.0,0.0,3.56,576.0,24.5,Warm
6196,1,8,6,1,0.0,0.0,0,0,647.0,-1.0,4,2,2,0,27.0,0.0,208.0,16.0,25.2,Warm
6195,1,8,0,1,0.0,0.0,0,0,578.0,-1.0,11,2,1,0,0.0,0.0,39.0,248.0,21.0,Warm
6194,1,8,2,0,0.0,0.0,0,1,647.0,-1.0,5,2,3,0,46.0,0.0,70.25,49.0,16.2,Cold
6193,1,8,0,1,0.0,0.0,0,0,601.0,-1.0,8,1,0,0,0.0,0.0,46.57,311.0,21.5,Warm
6192,1,8,6,1,0.0,0.0,0,0,647.0,-1.0,10,1,1,0,30.0,0.0,57.56,127.0,22.5,Warm
6191,1,8,6,1,0.0,0.0,0,0,647.0,-1.0,2,0,0,0,0.0,0.0,447.0,191.0,21.0,Warm
6190,1,8,0,1,0.0,0.0,0,0,647.0,-1.0,3,0,0,0,0.0,0.0,159.5,318.0,15.5,Cold
6189,1,8,0,0,0.0,0.0,0,1,647.0,-1.0,1,1,1,0,0.0,0.0,-1.0,637.0,14.5,Cold
6188,1,8,2,0,0.0,0.0,0,1,330.0,-1.0,6,1,2,0,18.0,0.0,55.0,55.0,14.7,Cold
6187,1,8,6,1,0.0,0.0,0,0,326.0,-1.0,8,2,1,0,58.0,0.0,73.57,127.0,25.2,Warm
6186,1,8,0,1,0.0,0.0,0,0,313.0,-1.0,7,0,1,0,42.0,0.0,85.67,128.0,18.0,Cold
6185,1,8,0,1,0.0,0.0,0,0,647.0,-1.0,2,0,0,0,0.0,0.0,323.0,314.0,15.5,Cold
6184,1,8,0,1,0.0,0.0,0,0,570.0,-1.0,26,5,0,0,0.0,0.0,4.68,523.0,27.5,Warm
6183,1,8,0,1,0.0,0.0,0,0,647.0,-1.0,3,1,2,0,0.0,0.0,28.0,273.0,17.5,Cold
6182,1,8,0,1,0.0,0.0,0,0,647.0,-1.0,4,0,1,0,0.0,0.0,30.0,240.0,16.0,Cold
6181,1,8,0,0,0.0,0.0,0,1,647.0,-1.0,1,0,0,0,0.0,0.0,-1.0,637.0,13.0,Cold
6180,1,8,0,1,0.0,0.0,0,0,647.0,-1.0,5,0,2,0,0.0,0.0,32.25,201.0,16.0,Cold
6179,1,8,6,1,0.0,0.0,0,0,647.0,-1.0,2,0,1,0,0.0,0.0,447.0,191.0,19.0,Cold
6178,1,8,0,0,0.0,0.0,0,1,292.0,-1.0,9,1,1,0,0.0,0.0,43.12,292.0,16.5,Cold
6177,1,8,2,0,0.0,0.0,0,1,647.0,-1.0,2,1,0,0,46.0,0.0,0.0,56.0,18.7,Cold
6176,1,8,0,1,0.0,0.0,0,0,647.0,-1.0,2,0,0,0,0.0,0.0,327.0,311.0,18.0,Cold
6175,1,8,0,1,0.0,0.0,0,0,647.0,-1.0,1,0,0,0,0.0,0.0,-1.0,310.0,17.5,Cold
6174,1,8,0,1,0.0,0.0,0,0,315.0,-1.0,7,0,0,0,0.0,0.0,65.67,248.0,20.0,Cold
6173,1,8,6,1,0.0,0.0,0,0,647.0,-1.0,2,1,2,0,0.0,0.0,119.0,189.0,18.5,Cold
6172,1,8,0,0,0.0,0.0,0,1,647.0,-1.0,3,1,1,0,0.0,0.0,1.0,636.0,14.5,Cold
6171,1,8,0,0,0.0,0.0,0,1,647.0,-1.0,3,0,1,0,69.0,0.0,288.5,59.0,15.0,Cold
6170,1,8,0,1,0.0,0.0,0,0,643.0,-1.0,3,0,0,0,0.0,0.0,168.0,307.0,20.0,Cold
6169,1,8,6,1,0.0,0.0,0,0,330.0,-1.0,7,3,2,0,0.0,0.0,86.0,127.0,26.7,Warm
6168,1,8,0,1,0.0,0.0,0,0,647.0,-1.0,3,0,1,0,0.0,0.0,216.0,205.0,16.0,Cold
6167,1,8,6,1,0.0,0.0,0,0,326.0,-1.0,10,3,3,0,70.0,0.0,57.22,127.0,25.5,Warm
6166,1,8,6,1,0.0,0.0,0,0,647.0,-1.0,3,1,0,0,120.0,0.0,297.5,42.0,24.5,Warm
6165,1,8,0,0,0.0,0.0,0,1,313.0,-1.0,5,0,0,0,0.0,0.0,82.25,313.0,17.0,Cold
6164,1,8,0,0,0.0,0.0,0,1,647.0,-1.0,1,1,1,0,0.0,0.0,-1.0,640.0,13.7,Cold
6163,1,8,0,1,0.0,0.0,0,0,647.0,-1.0,1,0,0,0,0.0,0.0,-1.0,310.0,17.5,Cold
6162,1,8,2,0,0.0,0.0,0,1,647.0,-1.0,3,1,1,0,0.0,0.0,292.0,56.0,14.7,Cold
6161,1,8,0,0,0.0,0.0,0,1,647.0,-1.0,2,2,2,0,0.0,0.0,0.0,640.0,16.4,Cold
6160,1,8,0,1,0.0,0.0,0,0,647.0,-1.0,2,0,1,0,0.0,0.0,377.0,262.0,16.0,Cold
6159,1,8,2,0,0.0,0.0,0,1,647.0,-1.0,3,1,2,0,0.0,0.0,294.0,49.0,10.2,Cold
6158,1,8,0,1,0.0,0.0,0,0,617.0,-1.0,17,2,0,0,0.0,0.0,21.62,296.0,23.0,Warm
6157,1,8,0,1,0.0,0.0,0,0,311.0,-1.0,3,0,0,0,0.0,0.0,163.5,311.0,20.0,Cold
6156,1,8,0,0,0.0,0.0,0,1,647.0,-1.0,1,1,1,0,0.0,0.0,-1.0,637.0,14.5,Cold
6155,1,8,0,0,0.0,0.0,0,1,647.0,-1.0,1,1,1,0,0.0,0.0,-1.0,640.0,13.7,Cold
6154,1,8,0,1,0.0,0.0,0,0,313.0,-1.0,5,2,1,0,0.0,0.0,81.75,313.0,21.0,Warm
6153,1,8,0,1,0.0,0.0,0,0,296.0,-1.0,11,1,1,0,0.0,0.0,34.2,296.0,19.5,Cold
6152,1,8,0,1,0.0,0.0,0,0,647.0,-1.0,1,1,1,0,0.0,0.0,-1.0,310.0,20.7,Warm
6151,1,8,0,1,0.0,0.0,0,0,632.0,-1.0,6,0,0,0,0.0,0.0,65.8,314.0,20.0,Cold
6150,1,8,0,1,0.0,0.0,0,0,647.0,-1.0,2,0,0,0,0.0,0.0,330.0,313.0,15.5,Cold
6149,1,8,0,1,0.0,0.0,0,0,313.0,-1.0,4,0,0,0,9.0,0.0,170.67,128.0,20.0,Cold
6148,1,8,0,1,0.0,0.0,0,0,317.0,-1.0,4,0,0,0,0.0,0.0,106.67,317.0,20.0,Cold
6147,1,8,0,1,0.0,0.0,0,0,647.0,-1.0,2,1,2,0,0.0,0.0,326.0,314.0,13.5,Cold
6146,1,8,0,1,0.0,0.0,0,0,408.0,-1.0,1,0,0,0,0.0,0.0,-1.0,408.0,20.0,Cold
6145,1,8,0,1,0.0,0.0,0,0,322.0,-1.0,9,2,0,0,25.0,0.0,64.25,128.0,24.2,Warm
6144,1,8,0,1,0.0,0.0,0,0,401.0,-1.0,1,0,0,0,0.0,0.0,-1.0,401.0,20.0,Cold
6143,1,8,0,0,0.0,0.0,0,1,617.0,-1.0,4,0,0,0,0.0,0.0,6.67,617.0,17.0,Cold
6142,1,8,6,1,0.0,0.0,0,0,643.0,-1.0,4,1,0,0,17.0,0.0,209.67,14.0,25.7,Warm
6141,1,8,0,1,0.0,0.0,0,0,647.0,-1.0,4,0,1,0,36.0,0.0,169.67,128.0,18.0,Cold
6140,1,8,0,1,0.0,0.0,0,0,647.0,-1.0,1,0,0,0,0.0,0.0,-1.0,238.0,15.5,Cold
6139,1,8,0,1,0.0,0.0,0,0,647.0,-1.0,1,0,0,0,0.0,0.0,-1.0,238.0,18.0,Cold
6138,2,8,0,1,0.0,0.0,0,0,334.0,-1.0,9,1,2,0,0.0,0.0,38.25,334.0,20.5,Warm
6137,1,8,6,0,0.0,0.0,0,1,647.0,-1.0,4,1,1,0,0.0,0.0,194.67,58.0,17.5,Cold
6136,1,8,0,1,0.0,0.0,0,0,642.0,-1.0,4,1,0,0,0.0,0.0,108.67,316.0,21.5,Warm
6135,1,8,0,1,0.0,0.0,0,0,647.0,-1.0,4,0,3,0,0.0,0.0,37.67,216.0,13.5,Cold
6134,1,8,0,1,0.0,0.0,0,0,647.0,-1.0,3,0,0,0,0.0,0.0,164.5,313.0,18.0,Cold
6133,1,8,0,1,0.0,0.0,0,0,313.0,-1.0,4,2,0,0,48.0,0.0,170.67,128.0,23.0,Warm
6132,1,8,0,1,0.0,0.0,0,0,321.0,-1.0,5,1,0,0,24.0,0.0,128.0,128.0,21.5,Warm
6131,1,8,0,1,0.0,0.0,0,0,321.0,-1.0,4,1,0,0,0.0,0.0,113.0,299.0,21.5,Warm
6130,1,8,0,1,0.0,0.0,0,0,316.0,-1.0,6,0,1,0,0.0,0.0,78.6,247.0,18.0,Cold
6129,1,8,0,0,0.0,0.0,0,1,647.0,-1.0,1,0,0,0,0.0,0.0,-1.0,640.0,13.0,Cold
6128,1,8,0,0,0.0,0.0,0,1,647.0,-1.0,1,1,1,0,0.0,0.0,-1.0,637.0,14.5,Cold
6127,1,8,0,1,0.0,0.0,0,0,647.0,-1.0,4,0,1,0,0.0,0.0,102.67,332.0,13.5,Cold
6126,1,8,0,0,0.0,0.0,0,1,346.0,-1.0,14,0,4,0,0.0,0.0,23.77,329.0,15.0,Cold
6125,1,8,0,1,0.0,0.0,0,0,647.0,-1.0,3,1,2,0,0.0,0.0,178.5,281.0,15.5,Cold
6124,1,8,0,1,0.0,0.0,0,0,643.0,-1.0,4,1,1,0,114.0,0.0,171.67,128.0,19.5,Cold
6123,1,8,0,0,0.0,0.0,0,1,647.0,-1.0,1,1,1,0,0.0,0.0,-1.0,637.0,14.5,Cold
6122,1,8,0,1,0.0,0.0,0,0,321.0,-1.0,6,0,1,0,16.0,0.0,102.8,128.0,18.0,Cold
6121,1,8,0,0,0.0,0.0,0,1,647.0,-1.0,3,0,0,0,0.0,0.0,132.5,377.0,17.0,Cold
6120,1,8,0,1,0.0,0.0,0,0,341.0,-1.0,16,5,4,0,0.0,0.0,26.33,248.0,25.5,Warm
6119,1,8,0,0,0.0,0.0,0,1,374.0,-1.0,7,1,2,0,0.0,0.0,44.33,374.0,15.7,Cold
6118,1,8,0,0,0.0,0.0,0,1,378.0,-1.0,3,0,1,0,0.0,0.0,132.5,378.0,15.0,Cold
6117,1,8,0,0,0.0,0.0,0,1,377.0,-1.0,5,3,2,0,0.0,0.0,66.25,377.0,20.7,Warm
6116,1,8,0,0,0.0,0.0,0,1,647.0,-1.0,1,0,0,0,0.0,0.0,-1.0,640.0,12.5,Cold
6115,1,8,0,0,0.0,0.0,0,1,647.0,-1.0,7,4,2,0,0.0,0.0,46.5,363.0,22.2,Warm
6114,1,8,0,0,0.0,0.0,0,1,360.0,-1.0,12,5,2,0,0.0,0.0,25.82,358.0,23.7,Warm
6113,1,8,0,0,0.0,0.0,0,1,642.0,-1.0,7,2,3,0,0.0,0.0,1.17,636.0,17.2,Cold
6112,1,8,0,0,0.0,0.0,0,1,591.0,-1.0,7,6,0,0,0.0,0.0,46.67,363.0,29.0,Warm
6111,1,8,0,0,0.0,0.0,0,1,647.0,-1.0,3,0,0,0,0.0,0.0,132.5,377.0,14.5,Cold
6110,1,8,0,0,0.0,0.0,0,1,647.0,-1.0,3,0,1,0,0.0,0.0,133.0,377.0,12.5,Cold
6109,1,8,0,1,0.0,0.0,0,0,327.0,-1.0,19,3,4,0,0.0,0.0,17.5,327.0,20.5,Warm
6108,1,8,0,0,0.0,0.0,0,1,378.0,-1.0,3,1,1,0,0.0,0.0,132.0,378.0,16.5,Cold
6107,1,8,0,0,0.0,0.0,0,1,647.0,-1.0,2,0,2,0,0.0,0.0,262.0,378.0,12.5,Cold
6106,1,8,0,0,0.0,0.0,0,1,642.0,-1.0,5,0,2,0,0.0,0.0,70.75,360.0,15.0,Cold
6105,1,8,0,0,0.0,0.0,0,1,642.0,-1.0,3,1,2,0,0.0,0.0,132.5,378.0,14.5,Cold
6104,1,8,0,0,0.0,0.0,0,1,377.0,-1.0,5,0,1,0,0.0,0.0,66.75,377.0,15.0,Cold
6103,1,8,0,0,0.0,0.0,0,1,362.0,-1.0,5,1,3,0,0.0,0.0,70.0,362.0,14.5,Cold
6102,1,8,0,0,0.0,0.0,0,1,642.0,-1.0,3,0,1,0,0.0,0.0,132.5,378.0,15.0,Cold
6101,1,8,0,0,0.0,0.0,0,1,647.0,-1.0,2,0,0,0,0.0,0.0,264.0,378.0,14.5,Cold
6100,1,8,0,0,0.0,0.0,0,1,647.0,-1.0,2,0,1,0,0.0,0.0,264.0,378.0,12.5,Cold
6099,1,8,0,0,0.0,0.0,0,1,647.0,-1.0,3,0,0,0,0.0,0.0,132.5,377.0,14.5,Cold
6098,1,8,0,0,0.0,0.0,0,1,642.0,-1.0,5,1,1,0,0.0,0.0,66.5,377.0,16.5,Cold
6097,1,8,0,0,0.0,0.0,0,1,377.0,-1.0,5,2,1,0,0.0,0.0,66.25,377.0,18.0,Cold
6096,1,8,0,0,0.0,0.0,0,1,647.0,-1.0,2,0,0,0,0.0,0.0,65.0,579.0,17.0,Cold
6095,1,8,0,0,0.0,0.0,0,1,377.0,-1.0,5,1,1,0,0.0,0.0,66.5,377.0,16.5,Cold
6094,1,8,0,0,0.0,0.0,0,1,362.0,-1.0,9,1,0,0,0.0,0.0,35.5,360.0,18.5,Cold
6093,1,8,0,0,0.0,0.0,0,1,642.0,-1.0,4,4,3,0,0.0,0.0,2.33,635.0,22.2,Warm
6092,1,8,0,0,0.0,0.0,0,1,647.0,-1.0,4,2,4,0,0.0,0.0,20.33,579.0,17.2,Cold
6091,1,8,0,0,0.0,0.0,0,1,374.0,-1.0,2,0,1,0,0.0,0.0,269.0,374.0,15.0,Cold
6090,1,8,0,1,0.0,0.0,0,0,337.0,-1.0,24,6,6,0,0.0,0.0,15.7,281.0,25.0,Warm
6089,1,8,0,0,0.0,0.0,0,1,591.0,-1.0,14,2,1,0,0.0,0.0,4.15,590.0,18.0,Cold
6088,1,8,0,0,0.0,0.0,0,1,377.0,-1.0,3,0,0,0,0.0,0.0,133.0,377.0,17.0,Cold
6087,1,8,0,0,0.0,0.0,0,1,635.0,-1.0,5,0,1,0,0.0,0.0,70.5,360.0,15.0,Cold
6086,1,8,2,0,0.0,0.0,0,1,350.0,-1.0,26,3,14,0,0.0,0.0,24.04,43.0,18.7,Cold
6085,1,8,0,0,0.0,0.0,0,1,642.0,-1.0,3,1,1,0,0.0,0.0,3.0,637.0,16.5,Cold
6084,1,8,0,0,0.0,0.0,0,1,374.0,-1.0,3,0,1,0,0.0,0.0,134.0,374.0,15.0,Cold
6083,1,8,0,0,0.0,0.0,0,1,647.0,-1.0,1,0,1,0,0.0,0.0,-1.0,643.0,10.5,Cold
6082,1,8,0,0,0.0,0.0,0,1,647.0,-1.0,1,0,1,0,0.0,0.0,-1.0,643.0,10.5,Cold
6081,1,8,0,0,0.0,0.0,0,1,642.0,-1.0,2,1,1,0,0.0,0.0,1.0,642.0,16.5,Cold
6080,1,8,0,0,0.0,0.0,0,1,642.0,-1.0,4,2,2,0,0.0,0.0,2.33,636.0,19.2,Cold
6079,1,8,0,0,0.0,0.0,0,1,642.0,-1.0,3,1,1,0,0.0,0.0,3.0,636.0,16.5,Cold
6078,1,8,0,0,0.0,0.0,0,1,647.0,-1.0,1,0,1,0,0.0,0.0,-1.0,644.0,10.5,Cold
6077,1,8,0,0,0.0,0.0,0,1,377.0,-1.0,3,1,1,0,0.0,0.0,131.5,377.0,17.7,Cold
6076,1,8,0,0,0.0,0.0,0,1,377.0,-1.0,4,2,1,0,0.0,0.0,88.67,377.0,18.0,Cold
6075,1,8,0,0,0.0,0.0,0,1,635.0,-1.0,12,5,10,0,0.0,0.0,5.09,586.0,20.9,Warm
6074,1,8,0,0,0.0,0.0,0,1,374.0,-1.0,3,1,1,0,0.0,0.0,134.0,374.0,16.5,Cold
6073,1,8,0,0,0.0,0.0,0,1,647.0,-1.0,2,0,0,0,0.0,0.0,269.0,374.0,17.0,Cold
6072,1,8,0,0,0.0,0.0,0,1,366.0,-1.0,9,0,2,0,0.0,0.0,34.88,365.0,15.0,Cold
6071,1,8,0,0,0.0,0.0,0,1,647.0,-1.0,2,1,2,0,0.0,0.0,8.0,636.0,12.5,Cold
6070,1,8,0,0,0.0,0.0,0,1,372.0,-1.0,5,0,1,0,0.0,0.0,67.25,371.0,15.0,Cold
6069,1,8,0,1,0.0,0.0,0,0,357.0,-1.0,10,0,0,0,74.0,0.0,57.11,128.0,20.0,Cold
6068,1,8,0,1,0.0,0.0,0,0,647.0,-1.0,5,0,3,0,0.0,0.0,71.75,357.0,14.0,Cold
6067,1,8,0,0,0.0,0.0,0,1,362.0,-1.0,8,1,1,0,0.0,0.0,40.0,362.0,16.5,Cold
6066,1,8,0,0,0.0,0.0,0,1,647.0,-1.0,2,0,0,0,0.0,0.0,57.0,586.0,17.0,Cold
6065,1,8,0,0,0.0,0.0,0,1,647.0,-1.0,1,0,0,0,0.0,0.0,-1.0,642.0,12.5,Cold
6064,1,8,0,1,0.0,0.0,0,0,621.0,-1.0,6,1,1,0,37.0,0.0,102.8,128.0,19.5,Cold
6063,1,8,0,0,0.0,0.0,0,1,647.0,-1.0,2,1,2,0,0.0,0.0,0.0,640.0,12.5,Cold
6062,1,8,0,1,0.0,0.0,0,0,296.0,-1.0,21,8,3,0,0.0,0.0,17.3,296.0,27.2,Warm
6061,1,8,0,1,0.0,0.0,0,0,349.0,-1.0,14,1,2,0,0.0,0.0,24.46,327.0,19.5,Cold
6060,1,8,0,0,0.0,0.0,0,1,362.0,-1.0,5,0,1,0,0.0,0.0,71.25,360.0,15.0,Cold
6059,1,8,0,0,0.0,0.0,0,1,647.0,-1.0,2,0,1,0,0.0,0.0,1.0,644.0,13.0,Cold
6058,1,8,0,0,0.0,0.0,0,1,645.0,-1.0,4,3,2,0,0.0,0.0,22.0,579.0,20.7,Warm
6057,1,8,0,0,0.0,0.0,0,1,621.0,-1.0,5,1,1,0,0.0,0.0,71.25,360.0,16.5,Cold
6056,1,8,0,0,0.0,0.0,0,1,645.0,-1.0,3,2,2,0,0.0,0.0,3.5,638.0,19.2,Cold
6055,1,8,0,0,0.0,0.0,0,1,645.0,-1.0,4,3,3,0,0.0,0.0,22.0,579.0,21.9,Warm
6054,1,8,0,0,0.0,0.0,0,1,647.0,-1.0,1,0,0,0,0.0,0.0,-1.0,643.0,12.5,Cold
6053,1,8,0,1,0.0,0.0,0,0,299.0,-1.0,19,5,1,0,0.0,0.0,19.22,299.0,25.5,Warm
6052,1,8,0,0,0.0,0.0,0,1,647.0,-1.0,2,0,0,0,0.0,0.0,271.0,374.0,12.5,Cold
6051,1,8,0,0,0.0,0.0,0,1,647.0,-1.0,1,0,0,0,0.0,0.0,-1.0,642.0,12.5,Cold
6050,1,8,0,1,0.0,0.0,0,0,645.0,-1.0,14,0,3,0,24.0,0.0,39.77,128.0,18.0,Cold
6049,1,8,0,0,0.0,0.0,0,1,647.0,-1.0,3,0,3,0,0.0,0.0,141.5,362.0,12.5,Cold
6048,1,8,0,0,0.0,0.0,0,1,359.0,-1.0,11,0,1,0,0.0,0.0,28.7,358.0,15.0,Cold
6047,1,8,0,0,0.0,0.0,0,1,645.0,-1.0,5,2,2,0,0.0,0.0,71.25,360.0,16.0,Cold
6046,1,8,0,0,0.0,0.0,0,1,362.0,-1.0,3,0,1,0,0.0,0.0,141.5,362.0,15.0,Cold
6045,1,8,0,0,0.0,0.0,0,1,633.0,-1.0,5,0,2,0,0.0,0.0,70.75,362.0,15.0,Cold
6044,1,8,0,0,0.0,0.0,0,1,647.0,-1.0,1,0,0,0,0.0,0.0,-1.0,645.0,12.5,Cold
6043,1,8,0,0,0.0,0.0,0,1,647.0,-1.0,1,0,1,0,0.0,0.0,-1.0,645.0,10.5,Cold
6042,1,8,0,0,0.0,0.0,0,1,359.0,-1.0,9,2,4,0,0.0,0.0,35.75,359.0,17.2,Cold
6041,1,8,0,0,0.0,0.0,0,1,645.0,-1.0,10,2,4,0,0.0,0.0,31.67,360.0,19.0,Cold
6040,2,8,0,0,0.0,0.0,0,1,350.0,-1.0,18,6,2,0,0.0,0.0,17.41,350.0,30.0,Warm
6039,1,8,0,0,0.0,0.0,0,1,647.0,-1.0,5,0,3,0,0.0,0.0,69.25,369.0,8.5,Cold
6038,1,8,0,0,0.0,0.0,0,1,647.0,-1.0,1,0,0,0,0.0,0.0,-1.0,646.0,12.5,Cold
6037,1,8,2,1,0.0,0.0,0,0,362.0,-1.0,9,0,4,0,60.0,0.0,73.12,61.0,15.0,Cold
6036,1,8,0,0,0.0,0.0,0,1,362.0,-1.0,7,1,2,0,0.0,0.0,47.83,359.0,16.5,Cold
6035,1,8,0,0,0.0,0.0,0,1,646.0,-1.0,3,4,2,0,0.0,0.0,4.0,638.0,22.2,Warm
6034,1,8,0,0,0.0,0.0,0,1,360.0,-1.0,7,1,0,0,0.0,0.0,47.67,360.0,18.5,Cold
6033,1,8,0,0,0.0,0.0,0,1,362.0,-1.0,6,0,2,0,0.0,0.0,56.8,362.0,15.0,Cold
6032,1,8,0,0,0.0,0.0,0,1,647.0,-1.0,1,0,1,0,0.0,0.0,-1.0,646.0,10.5,Cold
6031,1,8,0,0,0.0,0.0,0,1,647.0,-1.0,1,0,0,0,0.0,0.0,-1.0,646.0,12.5,Cold
6030,1,8,0,0,0.0,0.0,0,1,647.0,-1.0,1,0,1,0,0.0,0.0,-1.0,646.0,10.5,Cold
6029,1,8,0,0,0.0,0.0,0,1,647.0,-1.0,1,0,0,0,0.0,0.0,-1.0,646.0,12.5,Cold
6028,1,8,0,0,0.0,0.0,0,1,647.0,-1.0,1,0,0,0,0.0,0.0,-1.0,646.0,13.0,Cold
6027,1,8,0,0,0.0,0.0,0,1,647.0,-1.0,3,0,3,0,0.0,0.0,5.5,635.0,10.5,Cold
6026,1,8,0,0,0.0,0.0,0,1,359.0,-1.0,14,0,4,0,0.0,0.0,22.08,359.0,15.0,Cold
6025,1,8,0,0,0.0,0.0,0,1,646.0,-1.0,7,0,1,0,0.0,0.0,46.83,365.0,15.0,Cold
6024,1,8,0,0,0.0,0.0,0,1,372.0,-1.0,7,0,2,0,0.0,0.0,45.67,372.0,15.0,Cold
6023,1,8,0,0,0.0,0.0,0,1,646.0,-1.0,3,4,2,0,0.0,0.0,4.0,638.0,23.4,Warm
6022,1,8,0,0,0.0,0.0,0,1,646.0,-1.0,3,0,0,0,0.0,0.0,4.0,638.0,17.0,Cold
6021,1,8,0,0,0.0,0.0,0,1,362.0,-1.0,9,2,1,0,0.0,0.0,35.75,360.0,18.0,Cold
6020,1,8,0,1,0.0,0.0,0,0,327.0,-1.0,19,3,1,0,0.0,0.0,22.17,247.0,22.5,Warm
6019,1,8,0,1,0.0,0.0,0,0,342.0,-1.0,9,1,0,0,0.0,0.0,38.38,339.0,21.5,Warm
6018,1,8,0,0,0.0,0.0,0,1,647.0,-1.0,1,0,0,0,0.0,0.0,-1.0,640.0,12.5,Cold
6017,1,8,0,0,0.0,0.0,0,1,316.0,-1.0,10,0,3,0,0.0,0.0,36.67,316.0,15.0,Cold
6016,1,8,0,0,0.0,0.0,0,1,372.0,-1.0,5,1,1,0,0.0,0.0,68.5,372.0,16.5,Cold
6015,1,8,0,1,0.0,0.0,0,0,350.0,-1.0,9,2,2,0,0.0,0.0,37.0,350.0,21.0,Warm
6014,1,8,0,0,0.0,0.0,0,1,646.0,-1.0,3,3,2,0,0.0,0.0,4.0,638.0,19.5,Cold
6013,1,8,0,0,0.0,0.0,0,1,646.0,-1.0,3,4,2,0,0.0,0.0,4.0,638.0,21.0,Warm
6012,1,8,6,1,0.0,0.0,0,0,362.0,-1.0,7,6,3,0,0.0,0.0,106.5,7.0,30.0,Warm
6011,1,8,0,0,0.0,0.0,0,1,646.0,-1.0,4,3,3,0,0.0,0.0,2.67,638.0,19.5,Cold
6010,1,8,0,0,0.0,0.0,0,1,359.0,-1.0,9,2,3,0,0.0,0.0,35.88,359.0,16.0,Cold
6009,1,8,6,1,0.0,0.0,0,0,646.0,-1.0,5,4,2,0,38.0,0.0,155.75,23.0,27.0,Warm
6008,1,8,0,0,0.0,0.0,0,1,646.0,-1.0,3,3,2,0,0.0,0.0,4.0,638.0,19.5,Cold
6007,1,8,0,0,0.0,0.0,0,1,647.0,-1.0,1,0,0,0,0.0,0.0,-1.0,642.0,12.5,Cold
6006,1,8,6,0,0.0,0.0,0,1,647.0,-1.0,7,1,2,0,29.0,0.0,106.17,9.0,17.5,Cold
6005,1,8,0,0,0.0,0.0,0,1,373.0,-1.0,5,1,1,0,0.0,0.0,68.75,371.0,16.5,Cold
6004,1,8,0,0,0.0,0.0,0,1,646.0,-1.0,4,2,2,0,0.0,0.0,2.67,638.0,20.4,Warm
6003,2,8,0,0,0.0,0.0,0,1,647.0,-1.0,6,1,4,0,0.0,0.0,65.0,322.0,16.7,Cold
6002,1,8,0,0,0.0,0.0,0,1,647.0,-1.0,3,0,0,0,0.0,0.0,143.5,360.0,12.5,Cold
6001,1,8,0,0,0.0,0.0,0,1,647.0,-1.0,1,0,0,0,0.0,0.0,-1.0,647.0,13.0,Cold
6000,1,8,0,0,0.0,0.0,0,1,647.0,-1.0,4,1,2,0,0.0,0.0,111.0,314.0,15.7,Cold
5999,1,8,0,0,0.0,0.0,0,1,334.0,-1.0,10,2,4,0,0.0,0.0,37.0,314.0,16.4,Cold
5998,1,8,0,1,0.0,0.0,0,0,292.0,-1.0,6,0,1,0,0.0,0.0,71.0,292.0,18.0,Cold
5997,1,8,2,0,0.0,0.0,0,1,334.0,-1.0,12,5,9,0,0.0,0.0,54.27,50.0,18.7,Cold
5994,1,8,2,1,0.0,0.0,0,0,647.0,-1.0,1,0,0,0,0.0,0.0,-1.0,56.0,17.5,Cold
5993,1,8,2,1,0.0,0.0,0,0,647.0,-1.0,2,1,1,0,32.0,0.0,0.0,56.0,18.5,Cold
5992,1,8,0,1,0.0,0.0,0,0,647.0,-1.0,2,1,0,0,0.0,0.0,355.0,292.0,22.7,Warm
5991,1,8,0,1,0.0,0.0,0,0,647.0,-1.0,4,0,0,0,0.0,0.0,3.0,638.0,18.0,Cold
5990,1,8,0,0,0.0,0.0,0,1,647.0,-1.0,3,0,0,0,0.0,0.0,1.5,644.0,17.0,Cold
5989,1,8,0,1,0.0,0.0,0,0,647.0,-1.0,2,1,1,0,0.0,0.0,0.0,647.0,20.7,Warm
5988,1,8,0,1,0.0,0.0,0,0,647.0,-1.0,2,0,0,0,0.0,0.0,2.0,357.0,15.5,Cold
5987,1,8,0,0,0.0,0.0,0,1,647.0,-1.0,2,0,0,0,0.0,0.0,5.0,642.0,15.0,Cold
5986,1,8,0,0,0.0,0.0,0,1,647.0,-1.0,2,1,1,0,0.0,0.0,0.0,647.0,17.7,Cold
5985,1,8,0,0,0.0,0.0,0,1,647.0,-1.0,1,0,0,0,0.0,0.0,-1.0,359.0,15.0,Cold
5984,1,8,0,1,0.0,0.0,0,0,647.0,-1.0,2,0,0,0,0.0,0.0,4.0,355.0,18.0,Cold
5983,1,8,0,1,0.0,0.0,0,0,647.0,-1.0,4,0,3,0,0.0,0.0,5.67,342.0,11.5,Cold
5982,1,8,0,1,0.0,0.0,0,0,644.0,-1.0,5,1,1,0,0.0,0.0,1.25,642.0,20.7,Warm
5981,1,8,0,0,0.0,0.0,0,1,647.0,-1.0,1,0,0,0,0.0,0.0,-1.0,359.0,15.0,Cold
5980,1,8,0,1,0.0,0.0,0,0,647.0,-1.0,4,2,0,0,0.0,0.0,118.33,292.0,25.4,Warm
5979,1,8,0,1,0.0,0.0,0,0,647.0,-1.0,2,0,1,0,0.0,0.0,0.0,647.0,18.0,Cold
5978,1,8,0,0,0.0,0.0,0,1,647.0,-1.0,2,0,0,0,0.0,0.0,0.0,647.0,17.0,Cold
5977,1,8,0,0,0.0,0.0,0,1,647.0,-1.0,1,0,0,0,0.0,0.0,-1.0,359.0,15.0,Cold
5976,1,8,0,1,0.0,0.0,0,0,647.0,-1.0,2,1,0,0,0.0,0.0,4.0,355.0,19.5,Cold
5975,1,8,0,0,0.0,0.0,0,1,647.0,-1.0,1,0,0,0,0.0,0.0,-1.0,643.0,14.5,Cold
5974,1,8,0,1,0.0,0.0,0,0,647.0,-1.0,5,0,0,0,0.0,0.0,3.25,346.0,18.0,Cold
5973,1,8,0,0,0.0,0.0,0,1,645.0,-1.0,2,2,1,0,0.0,0.0,0.0,645.0,18.4,Cold
5972,1,8,0,0,0.0,0.0,0,1,643.0,-1.0,2,1,1,0,0.0,0.0,1.0,642.0,17.7,Cold
5971,1,8,0,0,0.0,0.0,0,1,643.0,-1.0,3,2,2,0,0.0,0.0,0.0,643.0,20.4,Warm
5970,1,8,0,1,0.0,0.0,0,0,647.0,-1.0,4,0,1,0,0.0,0.0,4.67,345.0,16.0,Cold
5969,1,8,0,0,0.0,0.0,0,1,643.0,-1.0,3,1,1,0,0.0,0.0,0.5,642.0,17.7,Cold
5968,1,8,0,0,0.0,0.0,0,1,647.0,-1.0,1,0,0,0,0.0,0.0,-1.0,359.0,15.0,Cold
5967,1,8,0,0,0.0,0.0,0,1,647.0,-1.0,1,0,0,0,0.0,0.0,-1.0,359.0,12.5,Cold
5966,1,8,0,0,0.0,0.0,0,1,643.0,-1.0,3,1,2,0,0.0,0.0,0.0,643.0,15.7,Cold
5965,1,8,0,0,0.0,0.0,0,1,643.0,-1.0,2,1,1,0,0.0,0.0,0.0,643.0,17.7,Cold
5964,1,8,0,0,0.0,0.0,0,1,647.0,-1.0,1,0,0,0,0.0,0.0,-1.0,359.0,15.0,Cold
5963,1,8,0,0,0.0,0.0,0,1,643.0,-1.0,3,0,0,0,0.0,0.0,0.0,643.0,17.0,Cold
5962,1,8,0,0,0.0,0.0,0,1,647.0,-1.0,1,0,0,0,0.0,0.0,-1.0,644.0,13.0,Cold
5961,1,8,0,0,0.0,0.0,0,1,646.0,-1.0,2,0,0,0,0.0,0.0,0.0,646.0,15.0,Cold
5960,1,8,0,1,0.0,0.0,0,0,647.0,-1.0,3,0,0,0,0.0,0.0,5.5,348.0,15.5,Cold
5959,1,8,0,0,0.0,0.0,0,1,647.0,-1.0,1,0,0,0,0.0,0.0,-1.0,359.0,12.5,Cold
5958,1,8,0,0,0.0,0.0,0,1,359.0,-1.0,3,0,0,0,0.0,0.0,1.0,357.0,17.0,Cold
5957,1,8,0,0,0.0,0.0,0,1,647.0,-1.0,1,0,0,0,0.0,0.0,-1.0,359.0,12.5,Cold
5956,1,8,0,0,0.0,0.0,0,1,647.0,-1.0,1,0,0,0,0.0,0.0,-1.0,359.0,12.5,Cold
5955,1,8,0,1,0.0,0.0,0,0,647.0,-1.0,3,0,0,0,0.0,0.0,10.0,339.0,15.5,Cold
5954,1,8,0,0,0.0,0.0,0,1,359.0,-1.0,4,0,0,0,0.0,0.0,0.67,357.0,17.0,Cold
5953,1,8,0,0,0.0,0.0,0,1,647.0,-1.0,1,0,0,0,0.0,0.0,-1.0,359.0,12.5,Cold
5952,1,8,0,1,0.0,0.0,0,0,647.0,-1.0,4,0,2,0,0.0,0.0,10.33,328.0,13.5,Cold
5951,1,8,0,0,0.0,0.0,0,1,647.0,-1.0,1,0,0,0,0.0,0.0,-1.0,359.0,12.5,Cold
5950,1,8,0,0,0.0,0.0,0,1,647.0,-1.0,1,0,0,0,0.0,0.0,-1.0,359.0,12.5,Cold
5949,1,8,0,0,0.0,0.0,0,1,647.0,-1.0,1,0,0,0,0.0,0.0,-1.0,359.0,12.5,Cold
5948,1,8,0,0,0.0,0.0,0,1,647.0,-1.0,1,0,0,0,0.0,0.0,-1.0,359.0,12.5,Cold
5947,1,8,0,0,0.0,0.0,0,1,647.0,-1.0,1,0,0,0,0.0,0.0,-1.0,359.0,15.0,Cold
5946,1,8,0,0,0.0,0.0,0,1,355.0,-1.0,4,0,0,0,0.0,0.0,1.33,355.0,17.0,Cold
5945,1,8,0,0,0.0,0.0,0,1,359.0,-1.0,3,0,0,0,0.0,0.0,1.0,357.0,17.0,Cold
5944,1,8,0,0,0.0,0.0,0,1,647.0,-1.0,1,0,0,0,0.0,0.0,-1.0,359.0,12.5,Cold
5943,1,8,0,1,0.0,0.0,0,0,647.0,-1.0,3,0,0,0,0.0,0.0,2.0,355.0,15.5,Cold
5942,1,8,0,0,0.0,0.0,0,1,647.0,-1.0,1,0,0,0,0.0,0.0,-1.0,359.0,12.5,Cold
5941,1,8,0,1,0.0,0.0,0,0,343.0,-1.0,8,0,0,0,0.0,0.0,2.29,343.0,20.0,Cold
5940,1,8,0,0,0.0,0.0,0,1,647.0,-1.0,1,0,0,0,0.0,0.0,-1.0,359.0,12.5,Cold
5939,1,8,0,1,0.0,0.0,0,0,355.0,-1.0,6,0,0,0,0.0,0.0,0.8,355.0,20.0,Cold
5938,1,8,0,1,0.0,0.0,0,0,339.0,-1.0,4,0,0,0,0.0,0.0,6.67,339.0,20.0,Cold
5937,1,8,0,0,0.0,0.0,0,1,647.0,-1.0,1,0,0,0,0.0,0.0,-1.0,359.0,12.5,Cold
5936,1,8,0,0,0.0,0.0,0,1,647.0,-1.0,1,0,0,0,0.0,0.0,-1.0,359.0,12.5,Cold
5935,1,8,0,0,0.0,0.0,0,1,647.0,-1.0,1,0,0,0,0.0,0.0,-1.0,359.0,12.5,Cold
5934,1,8,0,1,0.0,0.0,0,0,647.0,-1.0,3,0,1,0,0.0,0.0,10.0,339.0,13.5,Cold
5933,1,8,0,1,0.0,0.0,0,0,355.0,-1.0,8,0,1,0,0.0,0.0,1.57,348.0,18.0,Cold
5932,1,8,0,0,0.0,0.0,0,1,357.0,-1.0,4,0,0,0,0.0,0.0,0.67,357.0,17.0,Cold
5931,1,8,0,0,0.0,0.0,0,1,647.0,-1.0,1,0,0,0,0.0,0.0,-1.0,359.0,12.5,Cold
5930,1,8,0,0,0.0,0.0,0,1,359.0,-1.0,3,0,0,0,0.0,0.0,1.0,357.0,17.0,Cold
5929,1,8,0,0,0.0,0.0,0,1,647.0,-1.0,1,0,0,0,0.0,0.0,-1.0,359.0,12.5,Cold
5928,1,8,0,0,0.0,0.0,0,1,647.0,-1.0,1,0,0,0,0.0,0.0,-1.0,359.0,12.5,Cold
5927,1,8,0,0,0.0,0.0,0,1,647.0,-1.0,1,0,0,0,0.0,0.0,-1.0,359.0,12.5,Cold
5926,1,8,0,0,0.0,0.0,0,1,359.0,-1.0,3,0,0,0,0.0,0.0,1.0,357.0,17.0,Cold
5925,1,8,0,1,0.0,0.0,0,0,359.0,-1.0,3,0,0,0,0.0,0.0,1.0,357.0,20.0,Cold
5924,1,8,0,0,0.0,0.0,0,1,647.0,-1.0,1,0,0,0,0.0,0.0,-1.0,359.0,12.5,Cold
5923,1,8,0,1,0.0,0.0,0,0,357.0,-1.0,4,0,0,0,0.0,0.0,0.67,357.0,20.0,Cold
5922,1,8,0,0,0.0,0.0,0,1,647.0,-1.0,1,0,0,0,0.0,0.0,-1.0,359.0,12.5,Cold
5921,1,8,0,0,0.0,0.0,0,1,647.0,-1.0,1,0,0,0,0.0,0.0,-1.0,359.0,12.5,Cold
5920,1,8,0,1,0.0,0.0,0,0,647.0,-1.0,3,0,0,0,0.0,0.0,12.0,332.0,15.5,Cold
5919,1,8,0,0,0.0,0.0,0,1,356.0,-1.0,3,0,0,0,0.0,0.0,0.0,356.0,17.0,Cold
5918,1,8,0,0,0.0,0.0,0,1,647.0,-1.0,1,0,0,0,0.0,0.0,-1.0,359.0,12.5,Cold
5917,1,8,0,0,0.0,0.0,0,1,647.0,-1.0,1,0,0,0,0.0,0.0,-1.0,359.0,12.5,Cold
5915,1,8,0,8,0.0,0.0,0,0,647.0,-1.0,2,2,0,0,0.0,0.0,0.0,647.0,23.0,Warm
5914,1,8,0,0,0.0,0.0,0,1,649.0,-1.0,3,1,0,0,0.0,0.0,2.5,644.0,18.5,Cold
5913,1,8,0,0,0.0,0.0,0,1,649.0,-1.0,3,2,1,0,0.0,0.0,1.0,647.0,19.2,Cold
5912,1,8,6,1,0.0,0.0,0,0,357.0,-1.0,14,2,1,0,0.0,0.0,35.31,190.0,24.0,Warm
5911,1,8,6,1,0.0,0.0,0,0,627.0,-1.0,23,3,2,0,0.0,0.0,20.86,190.0,23.5,Warm
5910,1,8,0,0,0.0,0.0,0,1,345.0,-1.0,18,2,8,0,0.0,0.0,21.0,295.0,18.0,Cold
5909,1,8,0,1,0.0,0.0,0,0,644.0,-1.0,10,0,0,0,0.0,0.0,46.22,236.0,20.0,Cold
5908,1,8,0,1,0.0,0.0,0,0,290.0,-1.0,15,1,0,0,0.0,0.0,30.0,232.0,21.5,Warm
5907,1,8,0,0,0.0,0.0,0,1,334.0,-1.0,13,2,9,0,0.0,0.0,27.0,328.0,16.0,Cold
5906,1,8,0,1,0.0,0.0,0,0,348.0,-1.0,11,2,2,0,0.0,0.0,3.4,316.0,19.0,Cold
5905,1,8,0,1,0.0,0.0,0,0,344.0,-1.0,7,1,2,0,0.0,0.0,0.67,344.0,17.5,Cold
5904,1,8,6,1,0.0,0.0,0,0,653.0,-1.0,1,0,0,0,0.0,0.0,-1.0,56.0,19.0,Cold
5903,1,8,0,1,0.0,0.0,0,0,349.0,-1.0,5,3,2,0,0.0,0.0,0.75,349.0,20.5,Warm
5902,1,8,0,0,0.0,0.0,0,1,653.0,-1.0,1,0,1,0,0.0,0.0,-1.0,349.0,12.5,Cold
5900,1,8,0,0,0.0,0.0,0,1,349.0,-1.0,3,0,1,0,0.0,0.0,0.5,349.0,15.0,Cold
5899,1,8,0,0,0.0,0.0,0,1,350.0,-1.0,1,0,0,0,0.0,0.0,-1.0,350.0,17.0,Cold
5898,1,8,0,1,0.0,0.0,0,0,349.0,-1.0,2,1,1,0,0.0,0.0,0.0,349.0,19.5,Cold
5897,1,8,0,1,0.0,0.0,0,0,350.0,-1.0,3,0,0,0,0.0,0.0,18.0,314.0,20.0,Cold
5896,1,8,0,1,0.0,0.0,0,0,653.0,-1.0,1,0,1,0,0.0,0.0,-1.0,350.0,15.5,Cold
5895,1,8,0,0,0.0,0.0,0,1,653.0,-1.0,3,0,1,0,0.0,0.0,1.5,345.0,12.5,Cold
5894,1,8,0,0,0.0,0.0,0,1,653.0,-1.0,1,0,1,0,0.0,0.0,-1.0,350.0,12.5,Cold
5893,1,8,0,0,0.0,0.0,0,1,345.0,-1.0,8,0,2,0,0.0,0.0,0.71,344.0,15.0,Cold
5888,1,8,0,1,0.0,0.0,0,0,653.0,-1.0,1,0,0,0,0.0,0.0,-1.0,555.0,18.0,Cold
5886,1,8,2,0,0.0,0.0,0,1,653.0,-1.0,1,0,0,0,0.0,0.0,-1.0,63.0,14.0,Cold
5884,1,8,0,0,0.0,0.0,0,1,649.0,-1.0,2,1,1,0,0.0,0.0,2.0,647.0,15.7,Cold
5881,1,8,2,1,0.0,0.0,0,0,653.0,-1.0,1,0,0,0,0.0,0.0,-1.0,55.0,17.5,Cold
5878,1,8,6,1,0.0,0.0,0,0,653.0,-1.0,1,0,0,0,0.0,0.0,-1.0,55.0,19.0,Cold
5877,1,8,6,1,0.0,0.0,0,0,653.0,-1.0,1,0,0,0,0.0,0.0,-1.0,55.0,19.0,Cold
5876,1,8,2,1,0.0,0.0,0,0,653.0,-1.0,2,0,0,0,55.0,0.0,0.0,55.0,19.0,Cold
5875,1,8,1,0,0.0,0.0,0,1,653.0,-1.0,1,0,0,0,0.0,0.0,-1.0,62.0,10.5,Cold
5874,1,8,0,1,0.0,0.0,0,0,653.0,-1.0,1,0,0,0,0.0,0.0,-1.0,71.0,18.0,Cold
5873,1,8,6,1,0.0,0.0,0,0,653.0,-1.0,1,0,1,0,0.0,0.0,-1.0,55.0,17.0,Cold
5869,1,8,1,1,0.0,0.0,0,0,653.0,-1.0,2,1,1,0,48.0,0.0,0.0,63.0,17.5,Cold
5868,1,8,6,1,0.0,0.0,0,0,653.0,-1.0,1,0,0,0,0.0,0.0,-1.0,55.0,19.0,Cold
5867,1,8,6,1,0.0,0.0,0,0,653.0,-1.0,1,0,1,0,0.0,0.0,-1.0,55.0,17.0,Cold
5866,1,8,6,1,0.0,0.0,0,0,653.0,-1.0,2,0,1,0,0.0,0.0,12.0,43.0,17.0,Cold
5865,1,8,6,1,0.0,0.0,0,0,653.0,-1.0,1,0,0,0,0.0,0.0,-1.0,55.0,19.0,Cold
5862,1,8,0,1,0.0,0.0,0,0,653.0,-1.0,1,0,0,0,0.0,0.0,-1.0,71.0,16.0,Cold
5861,1,8,2,1,0.0,0.0,0,0,653.0,-1.0,1,0,1,0,0.0,0.0,-1.0,55.0,13.0,Cold
5860,1,8,1,1,0.0,0.0,0,0,653.0,-1.0,1,0,1,0,0.0,0.0,-1.0,63.0,12.0,Cold
5859,1,8,1,1,0.0,0.0,0,0,653.0,-1.0,1,0,1,0,0.0,0.0,-1.0,63.0,12.0,Cold
5858,1,8,1,1,0.0,0.0,0,0,653.0,-1.0,2,2,0,0,38.0,0.0,0.0,63.0,21.0,Warm
5857,1,8,2,1,0.0,0.0,0,0,653.0,-1.0,2,1,1,0,71.0,0.0,0.0,55.0,18.5,Cold
5854,1,8,6,1,0.0,0.0,0,0,653.0,-1.0,2,1,1,0,0.0,0.0,0.0,55.0,21.0,Warm
5853,1,8,2,1,0.0,0.0,0,0,653.0,-1.0,2,1,1,0,59.0,0.0,0.0,55.0,18.5,Cold
5852,2,8,0,1,10451700.0,10973100.0,1,0,653.0,-1.0,1,0,0,0,0.0,10973100.0,-1.0,71.0,25.5,Warm
5851,1,8,6,1,0.0,0.0,0,0,653.0,-1.0,2,0,2,0,0.0,0.0,12.0,43.0,17.0,Cold
5850,1,8,2,1,0.0,0.0,0,0,653.0,-1.0,4,0,0,1,278.0,0.0,0.33,61.0,24.0,Warm
5849,1,8,2,0,0.0,0.0,0,1,653.0,-1.0,4,0,1,0,43.0,0.0,1.67,57.0,14.0,Cold
5847,1,8,0,1,0.0,0.0,0,0,559.0,-1.0,2,1,1,0,0.0,0.0,0.0,559.0,19.5,Cold
5846,1,8,0,0,0.0,0.0,0,1,653.0,-1.0,3,0,3,0,0.0,0.0,6.0,547.0,11.0,Cold
5845,1,8,0,1,0.0,0.0,0,0,653.0,-1.0,1,0,0,0,118.0,0.0,-1.0,55.0,20.0,Cold
5844,1,8,0,1,0.0,0.0,0,0,653.0,-1.0,1,1,1,0,0.0,0.0,-1.0,310.0,20.7,Warm
5843,1,8,0,1,0.0,0.0,0,0,559.0,-1.0,4,3,3,0,0.0,0.0,0.0,559.0,22.5,Warm
5842,1,8,0,1,0.0,0.0,0,0,559.0,-1.0,2,1,1,0,0.0,0.0,0.0,559.0,19.5,Cold
5841,1,8,0,1,0.0,0.0,0,0,548.0,-1.0,5,0,0,0,0.0,0.0,3.0,547.0,20.0,Cold
5840,1,8,0,1,0.0,0.0,0,0,559.0,-1.0,7,0,0,0,0.0,0.0,2.0,547.0,20.0,Cold
5839,1,8,0,0,0.0,0.0,0,1,653.0,-1.0,2,1,1,0,0.0,0.0,11.0,548.0,13.2,Cold
5838,1,8,0,1,0.0,0.0,0,0,548.0,-1.0,4,1,1,0,0.0,0.0,5.0,544.0,20.7,Warm
5837,1,8,0,1,0.0,0.0,0,0,625.0,-1.0,5,1,1,0,0.0,0.0,5.25,625.0,20.7,Warm
5836,1,8,0,1,0.0,0.0,0,0,653.0,-1.0,3,0,0,0,0.0,0.0,5.5,548.0,15.5,Cold
5835,2,8,0,1,0.0,0.0,0,0,337.0,-1.0,7,0,3,0,0.0,0.0,37.5,334.0,19.0,Cold
5834,1,8,0,1,0.0,0.0,0,0,559.0,-1.0,2,1,1,0,0.0,0.0,0.0,559.0,19.5,Cold
5832,1,8,0,0,0.0,0.0,0,1,647.0,-1.0,3,2,2,0,0.0,0.0,1.5,644.0,20.4,Warm
5830,1,8,0,0,0.0,0.0,0,1,647.0,-1.0,3,1,1,0,0.0,0.0,1.5,647.0,17.7,Cold
5828,1,8,0,1,0.0,0.0,0,0,597.0,-1.0,11,3,0,0,0.0,0.0,5.0,597.0,24.5,Warm
5826,1,8,0,0,0.0,0.0,0,1,653.0,-1.0,2,1,2,0,0.0,0.0,0.0,650.0,13.7,Cold
5825,1,8,0,0,0.0,0.0,0,1,653.0,-1.0,1,0,0,0,0.0,0.0,-1.0,650.0,13.0,Cold
5824,1,8,0,0,0.0,0.0,0,1,653.0,-1.0,1,0,1,0,0.0,0.0,-1.0,650.0,11.0,Cold
5823,1,8,0,0,0.0,0.0,0,1,644.0,-1.0,4,1,1,0,0.0,0.0,1.0,644.0,17.7,Cold
5822,1,8,0,0,0.0,0.0,0,1,646.0,-1.0,3,1,1,0,0.0,0.0,0.5,646.0,17.7,Cold
5821,1,8,0,0,0.0,0.0,0,1,653.0,-1.0,1,1,1,0,0.0,0.0,-1.0,650.0,15.7,Cold
5820,1,8,0,0,0.0,0.0,0,1,653.0,-1.0,2,1,1,0,0.0,0.0,3.0,647.0,13.7,Cold
5819,1,8,0,1,0.0,0.0,0,0,653.0,-1.0,4,1,0,0,0.0,0.0,9.33,622.0,21.5,Warm
5818,1,8,0,1,0.0,0.0,0,0,654.0,-1.0,15,1,4,0,0.0,0.0,29.57,240.0,19.5,Cold
5816,1,8,6,1,0.0,0.0,0,0,287.0,-1.0,19,0,0,0,0.0,0.0,18.67,57.0,18.5,Cold
5815,1,8,0,1,0.0,0.0,0,0,654.0,-1.0,2,1,1,0,0.0,0.0,2.0,388.0,17.5,Cold
5814,1,8,6,1,500000.0,600000.0,1,0,286.0,-1.0,9,0,0,0,0.0,600000.0,41.0,65.0,22.0,Warm
5813,1,8,0,1,0.0,0.0,0,0,654.0,-1.0,6,0,0,0,0.0,0.0,29.6,240.0,15.5,Cold
5812,1,8,6,1,0.0,0.0,0,0,654.0,-1.0,9,0,0,0,0.0,0.0,43.25,44.0,21.0,Warm
5810,1,8,0,1,0.0,0.0,0,0,654.0,-1.0,1,0,0,0,0.0,0.0,-1.0,349.0,15.5,Cold
5808,1,8,0,1,0.0,0.0,0,0,654.0,-1.0,2,0,0,0,0.0,0.0,1.0,385.0,15.5,Cold
5807,1,8,6,1,0.0,0.0,0,0,190.0,-1.0,6,1,0,0,0.0,0.0,43.2,172.0,24.5,Warm
5806,1,8,6,1,0.0,0.0,0,0,206.0,-1.0,19,1,0,0,74.0,0.0,21.22,10.0,24.5,Warm
5805,2,8,0,1,0.0,0.0,0,0,248.0,-1.0,12,4,2,0,0.0,0.0,16.18,217.0,27.0,Warm
5801,1,8,0,1,0.0,0.0,0,0,257.0,-1.0,6,2,1,0,0.0,0.0,28.0,240.0,21.0,Warm
5800,1,8,0,1,0.0,0.0,0,0,386.0,-1.0,2,1,0,0,0.0,0.0,0.0,386.0,21.5,Warm
5799,1,8,0,1,0.0,0.0,0,0,179.0,-1.0,14,4,0,0,0.0,0.0,16.46,179.0,26.0,Warm
5795,1,8,0,0,0.0,0.0,0,1,346.0,-1.0,9,0,0,0,0.0,0.0,5.88,346.0,17.0,Cold
5794,1,8,6,1,0.0,0.0,0,0,654.0,-1.0,4,1,1,0,0.0,0.0,123.33,23.0,20.5,Warm
5793,1,8,0,1,0.0,0.0,0,0,654.0,-1.0,1,0,0,0,0.0,0.0,-1.0,393.0,18.0,Cold
5789,1,8,6,1,0.0,0.0,0,0,189.0,-1.0,16,2,0,0,50.0,0.0,25.87,5.0,26.0,Warm
5788,1,8,6,1,0.0,0.0,0,0,287.0,-1.0,9,0,0,0,0.0,0.0,25.5,189.0,21.0,Warm
5787,1,8,6,1,0.0,0.0,0,0,654.0,-1.0,7,1,0,0,0.0,0.0,28.33,120.0,22.5,Warm
5786,1,8,6,1,0.0,0.0,0,0,240.0,-1.0,15,1,1,0,0.0,0.0,24.36,52.0,22.5,Warm
5785,1,8,0,0,0.0,0.0,0,1,654.0,-1.0,1,0,0,0,0.0,0.0,-1.0,350.0,12.5,Cold
5784,1,8,6,1,0.0,0.0,0,0,287.0,-1.0,10,0,0,0,0.0,0.0,25.78,70.0,18.5,Cold
5783,1,8,0,0,0.0,0.0,0,1,654.0,-1.0,2,0,0,0,0.0,0.0,1.0,392.0,15.0,Cold
5782,1,8,6,1,0.0,0.0,0,0,190.0,-1.0,21,5,1,0,55.0,0.0,17.5,44.0,28.5,Warm
5780,1,8,6,1,0.0,0.0,0,0,654.0,-1.0,11,0,2,0,0.0,0.0,33.1,63.0,16.5,Cold
5779,1,8,6,1,0.0,0.0,0,0,654.0,-1.0,11,1,1,0,0.0,0.0,28.8,106.0,20.5,Warm
5775,1,8,0,0,0.0,0.0,0,1,346.0,-1.0,7,3,1,0,0.0,0.0,8.17,345.0,19.5,Cold
5772,1,8,0,1,0.0,0.0,0,0,654.0,-1.0,1,0,0,0,0.0,0.0,-1.0,394.0,15.5,Cold
5768,1,8,0,1,0.0,0.0,0,0,654.0,-1.0,1,0,0,0,0.0,0.0,-1.0,394.0,15.5,Cold
5767,1,8,0,1,0.0,0.0,0,0,654.0,-1.0,1,0,0,0,0.0,0.0,-1.0,394.0,18.0,Cold
5766,1,8,0,1,0.0,0.0,0,0,654.0,-1.0,1,1,0,0,0.0,0.0,-1.0,394.0,19.5,Cold
5765,1,8,0,1,0.0,0.0,0,0,654.0,-1.0,1,0,0,0,0.0,0.0,-1.0,394.0,15.5,Cold
5764,1,8,0,1,0.0,0.0,0,0,654.0,-1.0,1,1,1,0,0.0,0.0,-1.0,290.0,17.5,Cold
5763,1,8,0,0,0.0,0.0,0,1,654.0,-1.0,2,0,0,0,0.0,0.0,5.0,646.0,15.0,Cold
5762,1,8,6,1,0.0,0.0,0,0,654.0,-1.0,6,0,0,0,0.0,0.0,45.4,63.0,18.5,Cold
5761,1,8,0,1,0.0,0.0,0,0,654.0,-1.0,1,0,0,0,0.0,0.0,-1.0,386.0,15.5,Cold
5759,1,8,0,0,0.0,0.0,0,1,654.0,-1.0,3,0,2,0,0.0,0.0,6.5,381.0,10.5,Cold
5758,1,8,6,1,0.0,0.0,0,0,654.0,-1.0,9,0,0,0,0.0,0.0,27.75,171.0,21.0,Warm
5754,1,8,6,1,0.0,0.0,0,0,654.0,-1.0,14,0,1,0,0.0,0.0,29.08,16.0,16.5,Cold
5753,1,8,0,0,0.0,0.0,0,1,654.0,-1.0,1,0,0,0,0.0,0.0,-1.0,394.0,12.5,Cold
5751,1,8,6,1,0.0,0.0,0,0,654.0,-1.0,3,0,0,0,0.0,0.0,188.0,16.0,21.0,Warm
5750,1,8,0,0,0.0,0.0,0,1,654.0,-1.0,5,0,0,0,0.0,0.0,2.75,381.0,12.5,Cold
5749,1,8,0,1,0.0,0.0,0,0,654.0,-1.0,4,0,0,0,0.0,0.0,28.67,204.0,15.5,Cold
5748,1,8,6,1,0.0,0.0,0,0,654.0,-1.0,11,0,0,0,0.0,0.0,32.1,63.0,18.5,Cold
5747,1,8,6,1,0.0,0.0,0,0,287.0,-1.0,15,0,0,0,0.0,0.0,26.86,16.0,18.5,Cold
5746,1,8,6,1,0.0,0.0,0,0,183.0,-1.0,13,1,0,0,0.0,0.0,8.92,183.0,24.5,Warm
5745,1,8,0,1,0.0,0.0,0,0,257.0,-1.0,17,2,0,0,0.0,0.0,9.0,240.0,23.0,Warm
5744,1,8,6,1,0.0,0.0,0,0,654.0,-1.0,11,0,1,0,0.0,0.0,23.6,148.0,16.5,Cold
5743,1,8,0,1,0.0,0.0,0,0,654.0,-1.0,1,1,1,0,0.0,0.0,-1.0,294.0,17.5,Cold
5742,1,8,0,1,0.0,0.0,0,0,654.0,-1.0,7,1,0,0,0.0,0.0,22.0,252.0,19.5,Cold
5740,1,8,6,1,0.0,0.0,0,0,241.0,-1.0,16,2,1,0,0.0,0.0,13.0,189.0,24.0,Warm
5739,1,8,0,1,0.0,0.0,0,0,352.0,-1.0,2,0,0,0,0.0,0.0,34.0,352.0,15.5,Cold
5738,1,8,6,1,0.0,0.0,0,0,287.0,-1.0,12,0,1,0,0.0,0.0,31.82,44.0,16.5,Cold
5734,1,8,0,0,0.0,0.0,0,1,357.0,-1.0,3,2,0,0,0.0,0.0,14.5,357.0,21.2,Warm
5733,1,8,6,1,0.0,0.0,0,0,189.0,-1.0,12,3,0,0,157.0,0.0,31.09,52.0,27.5,Warm
5732,1,8,0,1,0.0,0.0,0,0,345.0,-1.0,4,0,0,0,0.0,0.0,13.67,345.0,20.0,Cold
5731,1,8,6,1,0.0,0.0,0,0,241.0,-1.0,30,1,0,0,137.0,0.0,11.45,52.0,24.5,Warm
5730,1,8,0,0,0.0,0.0,0,1,654.0,-1.0,2,0,0,0,0.0,0.0,4.0,647.0,17.0,Cold
5729,1,8,0,1,0.0,0.0,0,0,654.0,-1.0,1,1,1,0,0.0,0.0,-1.0,289.0,17.5,Cold
5728,1,8,6,1,0.0,0.0,0,0,654.0,-1.0,5,0,0,0,0.0,0.0,68.5,16.0,18.5,Cold
5727,1,8,0,0,0.0,0.0,0,1,654.0,-1.0,2,0,0,0,0.0,0.0,37.0,346.0,15.0,Cold
5726,1,8,0,1,0.0,0.0,0,0,386.0,-1.0,2,1,0,0,0.0,0.0,0.0,386.0,21.5,Warm
5725,1,8,0,1,0.0,0.0,0,0,381.0,-1.0,5,0,1,0,0.0,0.0,6.0,360.0,18.0,Cold
5724,1,8,0,0,0.0,0.0,0,1,654.0,-1.0,2,2,2,0,0.0,0.0,0.0,651.0,18.0,Cold
5720,1,8,0,1,0.0,0.0,0,0,654.0,-1.0,1,0,1,0,0.0,0.0,-1.0,393.0,16.0,Cold
5719,1,8,6,1,0.0,0.0,0,0,241.0,-1.0,17,0,0,0,0.0,0.0,20.62,63.0,23.0,Warm
5717,1,8,0,1,0.0,0.0,0,0,359.0,-1.0,5,1,1,0,0.0,0.0,6.75,359.0,19.5,Cold
5716,1,8,6,1,0.0,0.0,0,0,654.0,-1.0,12,0,2,0,0.0,0.0,29.0,75.0,16.5,Cold
5713,1,8,6,1,0.0,0.0,0,0,220.0,-1.0,17,4,0,0,0.0,0.0,23.0,16.0,29.0,Warm
5712,1,8,6,1,0.0,0.0,0,0,210.0,-1.0,14,1,0,0,55.0,0.0,21.08,16.0,24.5,Warm
5711,1,8,0,0,0.0,0.0,0,1,654.0,-1.0,1,0,0,0,0.0,0.0,-1.0,381.0,12.5,Cold
5709,1,8,6,1,0.0,0.0,0,0,241.0,-1.0,12,0,0,0,51.0,0.0,29.18,63.0,23.0,Warm
5706,1,8,0,1,0.0,0.0,0,0,654.0,-1.0,1,1,1,0,0.0,0.0,-1.0,390.0,17.5,Cold
5705,1,8,0,1,0.0,0.0,0,0,287.0,-1.0,10,0,0,0,0.0,0.0,18.56,217.0,15.5,Cold
5704,1,8,0,1,0.0,0.0,0,0,352.0,-1.0,4,1,0,0,0.0,0.0,11.33,352.0,21.5,Warm
5703,1,8,0,0,0.0,0.0,0,1,654.0,-1.0,2,1,0,0,0.0,0.0,46.0,338.0,16.5,Cold
5700,1,8,0,1,0.0,0.0,0,0,654.0,-1.0,2,0,0,0,0.0,0.0,1.0,385.0,15.5,Cold
5699,1,8,6,1,0.0,0.0,0,0,287.0,-1.0,11,0,1,0,0.0,0.0,24.7,137.0,16.5,Cold
5698,1,8,6,1,0.0,0.0,0,0,241.0,-1.0,10,2,1,0,59.0,0.0,37.56,52.0,24.0,Warm
5697,1,8,0,1,0.0,0.0,0,0,356.0,-1.0,4,1,0,0,0.0,0.0,10.0,356.0,21.5,Warm
5696,1,8,6,1,0.0,0.0,0,0,161.0,-1.0,10,1,0,0,0.0,0.0,24.33,71.0,24.5,Warm
5693,1,8,0,0,0.0,0.0,0,1,654.0,-1.0,2,0,1,0,0.0,0.0,46.0,338.0,10.5,Cold
5692,1,8,0,1,0.0,0.0,0,0,386.0,-1.0,2,2,1,0,0.0,0.0,0.0,386.0,21.0,Warm
5690,1,8,6,1,0.0,0.0,0,0,183.0,-1.0,25,1,0,0,69.0,0.0,13.79,52.0,24.5,Warm
5689,1,8,0,0,0.0,0.0,0,1,360.0,-1.0,3,1,1,0,0.0,0.0,13.0,360.0,17.7,Cold
5687,1,8,0,0,0.0,0.0,0,1,383.0,-1.0,4,0,1,0,0.0,0.0,22.0,317.0,15.0,Cold
5686,1,8,6,1,0.0,0.0,0,0,189.0,-1.0,8,2,0,0,0.0,0.0,40.0,10.0,26.0,Warm
5685,1,8,0,0,0.0,0.0,0,1,654.0,-1.0,2,1,1,0,0.0,0.0,38.0,345.0,14.5,Cold
5684,1,8,0,0,0.0,0.0,0,1,654.0,-1.0,2,0,0,0,0.0,0.0,2.0,381.0,12.5,Cold
5683,1,8,0,0,0.0,0.0,0,1,654.0,-1.0,2,0,1,0,0.0,0.0,2.0,381.0,10.5,Cold
5682,1,8,0,1,0.0,0.0,0,0,654.0,-1.0,2,0,0,0,0.0,0.0,1.0,289.0,15.5,Cold
5681,1,8,0,1,0.0,0.0,0,0,350.0,-1.0,2,0,0,0,0.0,0.0,36.0,350.0,15.5,Cold
5679,1,8,6,1,0.0,0.0,0,0,236.0,-1.0,6,0,0,0,0.0,0.0,37.4,196.0,23.0,Warm
5678,1,8,0,1,0.0,0.0,0,0,353.0,-1.0,4,0,0,0,0.0,0.0,11.0,353.0,20.0,Cold
5677,1,8,6,1,0.0,0.0,0,0,383.0,-1.0,5,1,1,0,0.0,0.0,48.5,189.0,22.5,Warm
5673,1,8,0,1,0.0,0.0,0,0,386.0,-1.0,2,0,0,0,0.0,0.0,0.0,386.0,20.0,Cold
5672,1,8,6,1,0.0,0.0,0,0,204.0,-1.0,13,3,1,0,16.0,0.0,28.25,44.0,25.5,Warm
5671,1,8,6,1,0.0,0.0,0,0,303.0,-1.0,20,2,0,0,0.0,0.0,16.84,63.0,26.0,Warm
5670,1,8,6,1,0.0,0.0,0,0,654.0,-1.0,4,0,2,0,0.0,0.0,77.67,57.0,16.5,Cold
5669,1,8,0,1,0.0,0.0,0,0,654.0,-1.0,1,0,0,0,0.0,0.0,-1.0,290.0,18.0,Cold
5668,1,8,0,1,0.0,0.0,0,0,350.0,-1.0,2,0,0,0,0.0,0.0,36.0,350.0,15.5,Cold
5666,1,8,6,1,0.0,0.0,0,0,287.0,-1.0,13,0,1,0,26.0,0.0,26.58,71.0,21.0,Warm
5665,1,8,0,1,0.0,0.0,0,0,386.0,-1.0,3,0,0,0,0.0,0.0,0.0,386.0,20.0,Cold
5663,1,8,0,0,0.0,0.0,0,1,381.0,-1.0,3,1,1,0,0.0,0.0,10.5,360.0,16.5,Cold
5662,1,8,0,1,0.0,0.0,0,0,350.0,-1.0,6,1,1,0,0.0,0.0,7.2,350.0,19.5,Cold
5661,1,8,0,1,0.0,0.0,0,0,654.0,-1.0,1,1,1,0,0.0,0.0,-1.0,290.0,17.5,Cold
5660,1,8,0,0,0.0,0.0,0,1,654.0,-1.0,1,0,0,0,0.0,0.0,-1.0,380.0,15.0,Cold
5659,1,8,6,1,0.0,0.0,0,0,204.0,-1.0,18,0,0,0,80.0,0.0,9.82,123.0,23.0,Warm
5657,1,8,0,0,0.0,0.0,0,1,654.0,-1.0,2,0,0,0,0.0,0.0,2.0,381.0,12.5,Cold
5656,1,8,0,0,0.0,0.0,0,1,654.0,-1.0,1,1,1,0,0.0,0.0,-1.0,651.0,16.5,Cold
5655,1,8,6,1,0.0,0.0,0,0,654.0,-1.0,18,1,0,0,0.0,0.0,18.24,71.0,22.5,Warm
5654,1,8,0,0,0.0,0.0,0,1,654.0,-1.0,2,1,1,0,0.0,0.0,11.0,513.0,17.7,Cold
5653,1,8,0,0,0.0,0.0,0,1,654.0,-1.0,3,0,1,0,0.0,0.0,8.5,507.0,12.5,Cold
5652,1,8,0,0,0.0,0.0,0,1,654.0,-1.0,2,2,0,0,0.0,0.0,11.0,513.0,22.4,Warm
5651,1,8,0,0,0.0,0.0,0,1,654.0,-1.0,2,0,0,0,0.0,0.0,3.0,381.0,12.5,Cold
5650,1,8,0,1,0.0,0.0,0,0,345.0,-1.0,4,0,0,0,0.0,0.0,16.33,345.0,18.0,Cold
5649,1,8,0,1,0.0,0.0,0,0,360.0,-1.0,7,3,1,0,0.0,0.0,5.67,360.0,22.5,Warm
5648,1,8,0,1,0.0,0.0,0,0,355.0,-1.0,4,1,1,0,0.0,0.0,13.0,355.0,19.5,Cold
5647,1,8,0,1,0.0,0.0,0,0,357.0,-1.0,6,2,2,0,0.0,0.0,7.4,357.0,19.0,Cold
5646,1,8,0,0,0.0,0.0,0,1,357.0,-1.0,5,2,0,0,0.0,0.0,9.25,357.0,21.2,Warm
5645,1,8,0,1,0.0,0.0,0,0,355.0,-1.0,3,1,1,0,0.0,0.0,19.5,355.0,19.5,Cold
5644,1,8,0,1,0.0,0.0,0,0,345.0,-1.0,5,1,2,0,0.0,0.0,12.25,345.0,17.5,Cold
5643,1,8,0,0,0.0,0.0,0,1,360.0,-1.0,3,2,2,0,0.0,0.0,17.0,360.0,19.2,Cold
5642,1,8,0,1,0.0,0.0,0,0,388.0,-1.0,3,1,1,0,0.0,0.0,3.0,388.0,19.5,Cold
5641,1,8,0,1,0.0,0.0,0,0,359.0,-1.0,4,0,0,0,0.0,0.0,11.67,359.0,20.0,Cold
5640,1,8,0,1,0.0,0.0,0,0,654.0,-1.0,6,0,4,0,0.0,0.0,1.6,386.0,13.5,Cold
5639,1,8,0,1,0.0,0.0,0,0,654.0,-1.0,3,0,1,0,0.0,0.0,4.0,386.0,13.5,Cold
5638,1,8,0,1,0.0,0.0,0,0,388.0,-1.0,8,1,0,0,0.0,0.0,1.29,385.0,21.5,Warm
5637,1,8,0,1,0.0,0.0,0,0,350.0,-1.0,4,0,0,0,0.0,0.0,14.67,350.0,15.5,Cold
5636,1,8,0,1,0.0,0.0,0,0,360.0,-1.0,4,0,0,0,0.0,0.0,11.33,360.0,15.5,Cold
5635,1,8,0,1,0.0,0.0,0,0,353.0,-1.0,6,1,1,0,0.0,0.0,8.2,353.0,19.5,Cold
5634,1,8,0,1,0.0,0.0,0,0,356.0,-1.0,4,1,1,0,0.0,0.0,12.67,356.0,19.5,Cold
5633,1,8,0,1,0.0,0.0,0,0,352.0,-1.0,7,0,0,0,0.0,0.0,7.0,352.0,20.0,Cold
5632,1,8,0,1,0.0,0.0,0,0,345.0,-1.0,6,1,1,0,0.0,0.0,9.8,345.0,19.5,Cold
5630,1,8,0,1,0.0,0.0,0,0,350.0,-1.0,4,0,0,0,0.0,0.0,12.0,350.0,20.0,Cold
5627,1,8,6,1,0.0,0.0,0,0,654.0,-1.0,8,0,1,0,0.0,0.0,33.57,148.0,16.5,Cold
5626,1,8,6,1,0.0,0.0,0,0,179.0,-1.0,21,3,1,0,34.0,0.0,17.4,44.0,25.5,Warm
5625,1,8,6,1,0.0,0.0,0,0,654.0,-1.0,5,0,0,0,0.0,0.0,48.75,95.0,18.5,Cold
5624,1,8,6,1,0.0,0.0,0,0,236.0,-1.0,12,0,0,0,0.0,0.0,25.91,95.0,23.0,Warm
5623,1,8,0,1,0.0,0.0,0,0,349.0,-1.0,9,1,0,0,0.0,0.0,4.62,349.0,21.5,Warm
5621,1,8,6,1,0.0,0.0,0,0,227.0,-1.0,30,7,2,0,0.0,0.0,10.97,65.0,29.5,Warm
5619,1,8,6,1,0.0,0.0,0,0,248.0,-1.0,15,1,0,0,0.0,0.0,22.64,63.0,24.5,Warm
5618,1,8,0,1,0.0,0.0,0,0,345.0,-1.0,4,0,0,0,0.0,0.0,13.67,345.0,20.0,Cold
5617,1,8,6,1,0.0,0.0,0,0,248.0,-1.0,30,5,1,0,0.0,0.0,11.72,43.0,28.5,Warm
5614,1,8,0,1,0.0,0.0,0,0,357.0,-1.0,3,0,0,0,0.0,0.0,14.5,357.0,20.0,Cold
5613,1,8,0,0,0.0,0.0,0,1,654.0,-1.0,1,0,0,0,0.0,0.0,-1.0,381.0,12.5,Cold
5612,1,8,0,1,0.0,0.0,0,0,353.0,-1.0,6,0,0,0,0.0,0.0,6.6,353.0,20.0,Cold
5611,1,8,6,1,0.0,0.0,0,0,240.0,-1.0,10,1,2,0,0.0,0.0,30.67,105.0,22.5,Warm
5610,1,8,6,1,0.0,0.0,0,0,654.0,-1.0,9,0,2,0,85.0,0.0,30.75,44.0,21.0,Warm
5609,1,8,0,1,0.0,0.0,0,0,654.0,-1.0,1,1,1,0,0.0,0.0,-1.0,290.0,17.5,Cold
5607,1,8,6,1,0.0,0.0,0,0,287.0,-1.0,13,0,0,0,0.0,0.0,26.5,63.0,18.5,Cold
5606,1,8,0,1,0.0,0.0,0,0,654.0,-1.0,2,0,0,0,0.0,0.0,1.0,385.0,15.5,Cold
5605,1,8,6,1,0.0,0.0,0,0,383.0,-1.0,9,0,0,0,0.0,0.0,41.5,51.0,23.0,Warm
5603,1,8,6,1,0.0,0.0,0,0,211.0,-1.0,14,1,0,0,78.0,0.0,26.23,52.0,24.5,Warm
5601,1,8,6,1,0.0,0.0,0,0,287.0,-1.0,12,0,0,0,0.0,0.0,31.18,16.0,21.0,Warm
5600,1,8,0,1,0.0,0.0,0,0,349.0,-1.0,2,0,0,0,0.0,0.0,37.0,349.0,15.5,Cold
5599,1,8,6,1,0.0,0.0,0,0,654.0,-1.0,6,0,0,0,0.0,0.0,49.4,43.0,18.5,Cold
5598,1,8,0,1,0.0,0.0,0,0,654.0,-1.0,1,0,0,0,0.0,0.0,-1.0,377.0,18.0,Cold
5597,1,8,6,1,0.0,0.0,0,0,323.0,-1.0,15,0,0,0,0.0,0.0,25.43,24.0,23.0,Warm
5596,1,8,0,1,0.0,0.0,0,0,654.0,-1.0,1,0,0,0,0.0,0.0,-1.0,290.0,18.0,Cold
5595,1,8,0,1,0.0,0.0,0,0,654.0,-1.0,1,0,1,0,0.0,0.0,-1.0,386.0,13.5,Cold
5594,1,8,6,1,0.0,0.0,0,0,271.0,-1.0,16,1,3,0,1.0,0.0,21.93,51.0,22.5,Warm
5592,1,8,0,1,0.0,0.0,0,0,654.0,-1.0,1,0,0,0,0.0,0.0,-1.0,386.0,15.5,Cold
5591,1,8,0,0,0.0,0.0,0,1,380.0,-1.0,3,0,0,0,0.0,0.0,17.0,346.0,20.0,Cold
5587,1,8,0,1,0.0,0.0,0,0,353.0,-1.0,4,0,0,0,0.0,0.0,11.0,353.0,20.0,Cold
5586,1,8,6,1,0.0,0.0,0,0,189.0,-1.0,23,0,0,0,0.0,0.0,17.0,6.0,23.0,Warm
5585,1,8,6,1,0.0,0.0,0,0,241.0,-1.0,12,0,1,0,0.0,0.0,22.27,148.0,16.5,Cold
5584,1,8,6,1,0.0,0.0,0,0,189.0,-1.0,10,1,0,0,0.0,0.0,31.33,101.0,24.5,Warm
5583,1,8,0,1,0.0,0.0,0,0,654.0,-1.0,2,1,1,0,0.0,0.0,1.0,289.0,17.5,Cold
5581,1,8,0,0,0.0,0.0,0,1,360.0,-1.0,5,1,1,0,0.0,0.0,4.75,360.0,16.5,Cold
5580,1,8,0,1,0.0,0.0,0,0,654.0,-1.0,1,0,1,0,0.0,0.0,-1.0,386.0,13.5,Cold
5579,1,8,6,1,0.0,0.0,0,0,231.0,-1.0,13,2,1,0,0.0,0.0,21.58,120.0,24.0,Warm
5578,1,8,0,1,0.0,0.0,0,0,353.0,-1.0,6,0,0,0,0.0,0.0,6.6,353.0,20.0,Cold
5575,1,8,6,1,0.0,0.0,0,0,654.0,-1.0,9,0,3,1,321.0,0.0,41.25,49.0,26.0,Warm
5574,1,8,0,1,0.0,0.0,0,0,386.0,-1.0,2,1,0,0,0.0,0.0,0.0,386.0,21.5,Warm
5573,1,8,0,0,0.0,0.0,0,1,654.0,-1.0,3,0,0,0,0.0,0.0,9.5,360.0,12.5,Cold
5571,1,8,6,1,0.0,0.0,0,0,654.0,-1.0,9,0,0,0,0.0,0.0,25.38,176.0,18.5,Cold
5568,1,8,0,1,0.0,0.0,0,0,350.0,-1.0,2,0,0,0,0.0,0.0,36.0,350.0,15.5,Cold
5566,1,8,6,1,0.0,0.0,0,0,176.0,-1.0,28,3,0,1,215.0,0.0,12.26,52.0,32.5,Warm
5565,1,8,0,1,0.0,0.0,0,0,350.0,-1.0,3,0,1,0,0.0,0.0,18.0,350.0,18.0,Cold
5564,1,8,6,1,0.0,0.0,0,0,161.0,-1.0,23,3,1,0,185.0,0.0,14.86,52.0,25.5,Warm
5562,1,8,0,1,0.0,0.0,0,0,350.0,-1.0,2,0,0,0,0.0,0.0,36.0,350.0,15.5,Cold
5560,1,8,6,1,0.0,0.0,0,0,275.0,-1.0,9,1,0,0,0.0,0.0,41.88,44.0,24.5,Warm
5559,1,8,0,1,0.0,0.0,0,0,269.0,-1.0,12,3,0,0,0.0,0.0,12.18,245.0,24.5,Warm
5558,1,8,6,1,0.0,0.0,0,0,241.0,-1.0,15,0,1,0,0.0,0.0,21.71,75.0,19.0,Cold
5555,1,8,6,1,0.0,0.0,0,0,257.0,-1.0,11,3,1,1,138.0,0.0,32.7,52.0,30.5,Warm
5554,1,8,0,1,0.0,0.0,0,0,654.0,-1.0,1,0,0,0,0.0,0.0,-1.0,386.0,15.5,Cold
5553,1,8,6,1,0.0,0.0,0,0,203.0,-1.0,20,2,1,0,102.0,0.0,17.21,52.0,24.0,Warm
5552,1,8,0,1,0.0,0.0,0,0,353.0,-1.0,5,0,0,0,0.0,0.0,8.25,353.0,20.0,Cold
5548,1,8,0,0,0.0,0.0,0,1,654.0,-1.0,3,0,2,0,0.0,0.0,16.5,346.0,10.5,Cold
5547,1,8,0,1,0.0,0.0,0,0,654.0,-1.0,2,0,0,0,0.0,0.0,0.0,386.0,15.5,Cold
5546,1,8,6,1,0.0,0.0,0,0,278.0,-1.0,13,2,1,0,200.0,0.0,27.25,52.0,24.0,Warm
5544,1,8,0,1,0.0,0.0,0,0,379.0,-1.0,3,0,0,0,0.0,0.0,9.5,360.0,20.0,Cold
5542,1,8,0,0,0.0,0.0,0,1,654.0,-1.0,1,1,1,0,0.0,0.0,-1.0,651.0,16.5,Cold
5541,1,8,0,1,0.0,0.0,0,0,357.0,-1.0,3,0,0,0,0.0,0.0,14.5,357.0,20.0,Cold
5540,1,8,6,1,0.0,0.0,0,0,654.0,-1.0,8,0,0,0,0.0,0.0,26.14,196.0,18.5,Cold
5538,1,8,0,1,0.0,0.0,0,0,359.0,-1.0,4,0,1,0,0.0,0.0,9.0,359.0,18.0,Cold
5537,1,8,6,1,0.0,0.0,0,0,260.0,-1.0,32,1,0,0,108.0,0.0,9.16,95.0,24.5,Warm
5535,1,8,0,1,0.0,0.0,0,0,355.0,-1.0,4,2,1,0,0.0,0.0,10.33,355.0,21.0,Warm
5534,1,8,0,0,0.0,0.0,0,1,654.0,-1.0,1,0,1,0,0.0,0.0,-1.0,651.0,12.5,Cold
5532,1,8,0,0,0.0,0.0,0,1,359.0,-1.0,2,0,0,0,0.0,0.0,0.0,359.0,17.0,Cold
5531,1,8,6,1,0.0,0.0,0,0,160.0,-1.0,28,6,0,0,117.0,0.0,12.11,52.0,32.0,Warm
5530,1,8,6,1,0.0,0.0,0,0,176.0,-1.0,19,1,0,0,40.0,0.0,18.11,52.0,24.5,Warm
5526,1,8,6,1,0.0,0.0,0,0,247.0,-1.0,9,1,0,0,0.0,0.0,22.88,196.0,24.5,Warm
5525,1,8,0,1,0.0,0.0,0,0,356.0,-1.0,3,1,0,0,0.0,0.0,15.0,356.0,21.5,Warm
5524,1,8,0,0,0.0,0.0,0,1,379.0,-1.0,2,0,0,0,0.0,0.0,0.0,379.0,17.0,Cold
5523,1,8,0,1,0.0,0.0,0,0,654.0,-1.0,1,0,1,0,0.0,0.0,-1.0,386.0,13.5,Cold
5521,1,8,6,1,0.0,0.0,0,0,654.0,-1.0,7,0,0,0,0.0,0.0,23.0,171.0,18.5,Cold
5520,1,8,6,1,0.0,0.0,0,0,654.0,-1.0,8,0,2,0,0.0,0.0,45.0,63.0,16.5,Cold
5519,1,8,0,1,0.0,0.0,0,0,352.0,-1.0,7,2,0,0,0.0,0.0,5.67,352.0,23.0,Warm
5518,1,8,0,0,0.0,0.0,0,1,654.0,-1.0,3,0,0,0,0.0,0.0,30.5,317.0,12.5,Cold
5516,1,8,6,1,0.0,0.0,0,0,161.0,-1.0,17,1,0,0,54.0,0.0,20.06,57.0,24.5,Warm
5514,1,8,0,1,0.0,0.0,0,0,352.0,-1.0,2,0,0,0,0.0,0.0,34.0,352.0,15.5,Cold
5513,1,8,0,0,0.0,0.0,0,1,654.0,-1.0,1,0,0,0,0.0,0.0,-1.0,374.0,12.5,Cold
5512,1,8,0,1,0.0,0.0,0,0,350.0,-1.0,7,0,0,0,0.0,0.0,6.0,350.0,20.0,Cold
5510,1,8,0,0,0.0,0.0,0,1,654.0,-1.0,3,0,0,0,0.0,0.0,16.0,346.0,12.5,Cold
5507,1,8,0,1,0.0,0.0,0,0,350.0,-1.0,6,0,0,0,0.0,0.0,7.2,350.0,20.0,Cold
5505,1,8,0,0,0.0,0.0,0,1,654.0,-1.0,1,0,1,0,0.0,0.0,-1.0,378.0,10.5,Cold
5504,1,8,0,0,0.0,0.0,0,1,654.0,-1.0,1,1,1,0,0.0,0.0,-1.0,651.0,16.5,Cold
5503,1,8,6,1,0.0,0.0,0,0,654.0,-1.0,11,0,1,0,0.0,0.0,21.4,145.0,16.5,Cold
5502,1,8,6,1,0.0,0.0,0,0,278.0,-1.0,6,2,1,0,0.0,0.0,41.4,171.0,24.0,Warm
5498,1,8,6,1,0.0,0.0,0,0,654.0,-1.0,6,0,0,0,0.0,0.0,73.6,10.0,21.0,Warm
5497,1,8,0,1,0.0,0.0,0,0,352.0,-1.0,3,0,1,0,0.0,0.0,17.0,352.0,18.0,Cold
5496,1,8,6,1,0.0,0.0,0,0,178.0,-1.0,37,10,2,0,19.0,0.0,8.92,57.0,31.0,Warm
5495,1,8,0,1,0.0,0.0,0,0,357.0,-1.0,3,0,0,0,0.0,0.0,14.5,357.0,20.0,Cold
5492,1,8,0,0,0.0,0.0,0,1,654.0,-1.0,1,0,0,0,0.0,0.0,-1.0,378.0,12.5,Cold
5491,1,8,0,1,0.0,0.0,0,0,350.0,-1.0,5,1,0,0,0.0,0.0,9.0,350.0,21.5,Warm
5490,1,8,6,1,0.0,0.0,0,0,148.0,-1.0,11,0,0,1,307.0,0.0,33.5,43.0,28.0,Warm
5488,1,8,6,1,0.0,0.0,0,0,374.0,-1.0,3,1,0,0,0.0,0.0,184.5,5.0,24.5,Warm
5485,1,8,0,0,0.0,0.0,0,1,654.0,-1.0,1,1,1,0,0.0,0.0,-1.0,651.0,16.5,Cold
5484,1,8,0,1,0.0,0.0,0,0,654.0,-1.0,1,0,0,0,0.0,0.0,-1.0,386.0,15.5,Cold
5482,1,8,6,1,0.0,0.0,0,0,374.0,-1.0,5,0,0,0,0.0,0.0,93.0,2.0,23.0,Warm
5481,1,8,0,1,0.0,0.0,0,0,654.0,-1.0,2,0,1,0,0.0,0.0,1.0,385.0,13.5,Cold
5480,1,8,0,0,0.0,0.0,0,1,654.0,-1.0,1,0,0,0,0.0,0.0,-1.0,349.0,12.5,Cold
5479,1,8,6,1,0.0,0.0,0,0,233.0,-1.0,15,3,0,0,72.0,0.0,36.07,52.0,30.5,Warm
5478,1,8,6,1,0.0,0.0,0,0,654.0,-1.0,14,0,0,0,0.0,0.0,37.08,75.0,23.0,Warm
5477,1,8,0,0,0.0,0.0,0,1,654.0,-1.0,3,2,1,0,0.0,0.0,51.0,455.0,19.2,Cold
5476,1,8,0,0,0.0,0.0,0,1,654.0,-1.0,3,1,1,0,0.0,0.0,51.0,455.0,17.7,Cold
5475,1,8,6,1,0.0,0.0,0,0,313.0,-1.0,17,2,0,0,0.0,0.0,26.62,133.0,26.0,Warm
5474,1,8,6,1,0.0,0.0,0,0,313.0,-1.0,20,1,0,0,0.0,0.0,25.68,71.0,27.5,Warm
5473,1,8,6,1,0.0,0.0,0,0,148.0,-1.0,17,3,1,0,0.0,0.0,30.25,75.0,25.5,Warm
5472,1,8,6,1,0.0,0.0,0,0,654.0,-1.0,12,0,0,0,0.0,0.0,44.36,71.0,23.0,Warm
5471,1,8,6,1,0.0,0.0,0,0,654.0,-1.0,11,0,0,0,0.0,0.0,49.8,63.0,20.5,Warm
5470,1,8,6,1,0.0,0.0,0,0,179.0,-1.0,25,4,0,0,54.0,0.0,20.67,65.0,29.0,Warm
5469,1,8,6,1,0.0,0.0,0,0,220.0,-1.0,19,0,0,0,0.0,0.0,27.67,63.0,23.0,Warm
5468,2,8,0,1,0.0,0.0,0,0,318.0,-1.0,15,2,0,0,0.0,0.0,22.57,245.0,26.0,Warm
5467,2,8,6,1,0.0,0.0,0,0,179.0,-1.0,25,6,0,0,112.0,0.0,20.67,65.0,35.0,Warm
5466,2,8,6,1,0.0,0.0,0,0,273.0,-1.0,18,4,0,0,55.0,0.0,22.94,171.0,32.0,Warm
5465,1,8,6,1,0.0,0.0,0,0,222.0,-1.0,20,0,0,0,0.0,0.0,19.53,190.0,23.0,Warm
5464,1,8,6,1,0.0,0.0,0,0,189.0,-1.0,18,1,0,0,0.0,0.0,21.88,189.0,24.5,Warm
5463,1,8,6,1,0.0,0.0,0,0,156.0,-1.0,28,12,1,1,124.0,0.0,17.04,101.0,41.0,Interested
5462,1,8,6,1,0.0,0.0,0,0,315.0,-1.0,13,2,0,0,0.0,0.0,38.42,100.0,26.0,Warm
5459,1,8,6,1,0.0,0.0,0,0,654.0,-1.0,9,0,0,0,0.0,0.0,39.88,59.0,18.5,Cold
5458,1,8,0,0,0.0,0.0,0,1,654.0,-1.0,4,0,0,0,0.0,0.0,20.33,317.0,15.0,Cold
5455,1,8,0,1,0.0,0.0,0,0,353.0,-1.0,3,0,0,0,0.0,0.0,16.5,353.0,20.0,Cold
5454,1,8,6,1,0.0,0.0,0,0,290.0,-1.0,12,0,0,0,0.0,0.0,16.55,192.0,23.0,Warm
5452,1,8,0,1,0.0,0.0,0,0,355.0,-1.0,3,0,1,0,0.0,0.0,15.5,355.0,18.0,Cold
5450,1,8,6,1,0.0,0.0,0,0,168.0,-1.0,19,2,0,0,120.0,0.0,17.89,52.0,26.0,Warm
5449,1,8,0,1,0.0,0.0,0,0,359.0,-1.0,4,1,0,0,0.0,0.0,9.0,359.0,21.5,Warm
5448,1,8,0,0,0.0,0.0,0,1,360.0,-1.0,3,0,2,0,0.0,0.0,7.0,360.0,15.0,Cold
5445,1,8,6,1,0.0,0.0,0,0,156.0,-1.0,12,2,1,0,192.0,0.0,27.91,52.0,24.0,Warm
5444,1,8,6,0,0.0,0.0,0,1,654.0,-1.0,13,0,0,0,0.0,0.0,26.5,56.0,18.0,Cold
5443,1,8,0,0,0.0,0.0,0,1,654.0,-1.0,1,0,0,0,0.0,0.0,-1.0,374.0,12.5,Cold
5442,1,8,0,1,0.0,0.0,0,0,359.0,-1.0,4,0,0,0,0.0,0.0,9.0,359.0,20.0,Cold
5438,1,8,6,1,0.0,0.0,0,0,241.0,-1.0,8,0,0,0,0.0,0.0,45.0,63.0,18.5,Cold
5437,1,8,0,1,0.0,0.0,0,0,350.0,-1.0,2,0,1,0,0.0,0.0,35.0,350.0,13.5,Cold
5436,1,8,0,1,0.0,0.0,0,0,654.0,-1.0,1,0,0,0,0.0,0.0,-1.0,390.0,18.0,Cold
5434,1,8,0,0,0.0,0.0,0,1,360.0,-1.0,4,0,0,0,0.0,0.0,8.33,360.0,17.0,Cold
5432,1,8,0,1,0.0,0.0,0,0,377.0,-1.0,2,0,0,0,0.0,0.0,0.0,377.0,20.0,Cold
5431,1,8,0,0,0.0,0.0,0,1,654.0,-1.0,1,0,0,0,0.0,0.0,-1.0,374.0,12.5,Cold
5429,1,8,0,1,0.0,0.0,0,0,359.0,-1.0,3,1,1,0,0.0,0.0,13.0,359.0,19.5,Cold
5428,1,8,6,1,0.0,0.0,0,0,248.0,-1.0,15,3,1,0,0.0,0.0,23.07,49.0,25.5,Warm
5426,1,8,0,1,0.0,0.0,0,0,359.0,-1.0,3,0,1,0,0.0,0.0,13.0,359.0,18.0,Cold
5424,1,8,0,1,0.0,0.0,0,0,374.0,-1.0,2,0,0,0,0.0,0.0,0.0,374.0,20.0,Cold
5423,1,8,0,1,0.0,0.0,0,0,349.0,-1.0,3,0,0,0,0.0,0.0,18.0,349.0,15.5,Cold
5422,1,8,0,1,0.0,0.0,0,0,289.0,-1.0,12,0,1,0,0.0,0.0,11.73,245.0,18.0,Cold
5418,1,8,6,1,0.0,0.0,0,0,241.0,-1.0,11,0,2,0,0.0,0.0,18.4,190.0,14.5,Cold
5417,1,8,6,1,0.0,0.0,0,0,203.0,-1.0,14,3,1,0,0.0,0.0,28.0,10.0,25.5,Warm
5416,1,8,6,1,0.0,0.0,0,0,227.0,-1.0,25,0,0,0,0.0,0.0,7.62,191.0,23.0,Warm
5415,1,8,0,1,0.0,0.0,0,0,345.0,-1.0,2,0,0,0,0.0,0.0,40.0,345.0,15.5,Cold
5412,1,8,6,1,0.0,0.0,0,0,148.0,-1.0,36,7,0,1,231.0,0.0,9.34,44.0,38.5,Warm
5411,1,8,0,1,0.0,0.0,0,0,355.0,-1.0,4,1,0,0,0.0,0.0,10.0,355.0,21.5,Warm
5410,1,8,6,1,0.0,0.0,0,0,148.0,-1.0,12,2,1,0,0.0,0.0,19.18,148.0,24.0,Warm
5408,1,8,0,1,0.0,0.0,0,0,350.0,-1.0,2,0,0,0,0.0,0.0,35.0,350.0,17.5,Cold
5406,1,8,0,0,0.0,0.0,0,1,359.0,-1.0,3,0,1,0,0.0,0.0,0.0,359.0,15.0,Cold
5405,1,8,6,1,0.0,0.0,0,0,654.0,-1.0,4,0,0,0,0.0,0.0,114.67,5.0,21.0,Warm
5404,1,8,0,1,0.0,0.0,0,0,349.0,-1.0,2,0,0,0,0.0,0.0,36.0,349.0,15.5,Cold
5402,1,8,6,1,0.0,0.0,0,0,242.0,-1.0,18,1,0,0,58.0,0.0,15.94,100.0,24.5,Warm
5399,1,8,0,1,0.0,0.0,0,0,654.0,-1.0,1,0,0,0,0.0,0.0,-1.0,385.0,15.5,Cold
5397,1,8,0,0,0.0,0.0,0,1,654.0,-1.0,2,1,1,0,0.0,0.0,28.0,343.0,14.5,Cold
5396,1,8,0,1,0.0,0.0,0,0,352.0,-1.0,3,0,0,0,0.0,0.0,16.5,352.0,20.0,Cold
5395,1,8,0,1,0.0,0.0,0,0,345.0,-1.0,6,1,0,0,0.0,0.0,9.8,345.0,21.5,Warm
5394,1,8,0,1,0.0,0.0,0,0,360.0,-1.0,3,0,0,0,0.0,0.0,17.0,360.0,20.0,Cold
5393,1,8,0,1,0.0,0.0,0,0,355.0,-1.0,4,1,1,0,0.0,0.0,13.0,355.0,19.5,Cold
5392,1,8,0,0,0.0,0.0,0,1,654.0,-1.0,13,4,0,0,0.0,0.0,3.92,605.0,23.0,Warm
5391,1,8,0,1,0.0,0.0,0,0,355.0,-1.0,4,2,2,0,0.0,0.0,13.0,355.0,21.0,Warm
5390,1,8,0,1,0.0,0.0,0,0,356.0,-1.0,3,1,2,0,0.0,0.0,19.0,356.0,17.5,Cold
5389,1,8,0,1,0.0,0.0,0,0,357.0,-1.0,6,0,0,0,0.0,0.0,7.4,357.0,20.0,Cold
5388,1,8,0,1,0.0,0.0,0,0,387.0,-1.0,7,0,0,0,0.0,0.0,1.5,385.0,20.0,Cold
5387,1,8,0,1,0.0,0.0,0,0,350.0,-1.0,12,0,0,0,0.0,0.0,4.0,350.0,20.0,Cold
5386,1,8,0,1,0.0,0.0,0,0,394.0,-1.0,4,0,0,0,0.0,0.0,2.33,387.0,20.0,Cold
5385,1,8,0,1,0.0,0.0,0,0,353.0,-1.0,5,0,0,0,0.0,0.0,10.0,353.0,20.0,Cold
5384,1,8,0,1,0.0,0.0,0,0,356.0,-1.0,3,0,0,0,0.0,0.0,18.5,356.0,20.0,Cold
5383,1,8,0,1,0.0,0.0,0,0,353.0,-1.0,5,1,1,0,0.0,0.0,10.0,353.0,19.5,Cold
5382,1,8,0,1,0.0,0.0,0,0,388.0,-1.0,3,1,0,0,0.0,0.0,2.5,388.0,21.5,Warm
5381,1,8,0,1,0.0,0.0,0,0,654.0,-1.0,8,0,4,0,0.0,0.0,1.14,385.0,16.0,Cold
5380,1,8,0,1,0.0,0.0,0,0,654.0,-1.0,2,0,0,0,0.0,0.0,5.0,388.0,15.5,Cold
5379,1,8,0,1,0.0,0.0,0,0,386.0,-1.0,4,1,1,0,0.0,0.0,2.33,386.0,19.5,Cold
5378,1,8,0,1,0.0,0.0,0,0,355.0,-1.0,5,0,0,0,0.0,0.0,9.5,355.0,20.0,Cold
5377,1,8,0,1,0.0,0.0,0,0,349.0,-1.0,5,3,0,0,0.0,0.0,11.0,349.0,24.5,Warm
5376,1,8,0,1,0.0,0.0,0,0,356.0,-1.0,4,1,1,0,0.0,0.0,12.33,356.0,19.5,Cold
5375,1,8,6,1,0.0,0.0,0,0,371.0,-1.0,4,1,1,0,0.0,0.0,123.0,2.0,22.5,Warm
5374,1,8,0,0,0.0,0.0,0,1,654.0,-1.0,1,0,0,0,0.0,0.0,-1.0,651.0,17.0,Cold
5371,1,8,6,1,0.0,0.0,0,0,240.0,-1.0,20,0,0,0,152.0,0.0,15.95,68.0,23.0,Warm
5370,1,8,0,0,0.0,0.0,0,1,654.0,-1.0,4,0,0,0,0.0,0.0,18.0,317.0,15.0,Cold
5369,1,8,0,0,0.0,0.0,0,1,654.0,-1.0,2,0,0,0,0.0,0.0,26.0,345.0,12.5,Cold
5368,1,8,0,1,0.0,0.0,0,0,350.0,-1.0,4,0,0,0,0.0,0.0,11.67,350.0,20.0,Cold
5365,1,8,6,1,0.0,0.0,0,0,241.0,-1.0,11,1,0,0,0.0,0.0,16.9,190.0,24.5,Warm
5364,1,8,0,1,0.0,0.0,0,0,360.0,-1.0,5,1,1,0,0.0,0.0,6.25,360.0,19.5,Cold
5363,1,8,0,0,0.0,0.0,0,1,303.0,-1.0,4,0,0,0,0.0,0.0,22.67,303.0,17.0,Cold
5362,1,8,0,1,0.0,0.0,0,0,385.0,-1.0,3,0,0,0,0.0,0.0,0.0,385.0,20.0,Cold
5358,1,8,0,0,0.0,0.0,0,1,346.0,-1.0,5,0,1,0,0.0,0.0,12.75,320.0,15.0,Cold
5357,1,8,6,1,0.0,0.0,0,0,287.0,-1.0,16,0,0,0,36.0,0.0,20.4,65.0,23.0,Warm
5355,1,8,0,1,0.0,0.0,0,0,654.0,-1.0,2,0,0,0,0.0,0.0,0.0,385.0,15.5,Cold
5354,1,8,0,1,0.0,0.0,0,0,654.0,-1.0,3,0,0,0,0.0,0.0,13.0,345.0,15.5,Cold
5352,1,8,0,1,0.0,0.0,0,0,654.0,-1.0,1,0,0,0,0.0,0.0,-1.0,385.0,15.5,Cold
5351,1,8,0,0,0.0,0.0,0,1,654.0,-1.0,1,0,0,0,0.0,0.0,-1.0,349.0,12.5,Cold
5349,1,8,0,1,0.0,0.0,0,0,385.0,-1.0,2,0,0,0,0.0,0.0,0.0,385.0,20.0,Cold
5348,1,8,6,1,0.0,0.0,0,0,211.0,-1.0,11,0,0,0,0.0,0.0,18.0,191.0,23.0,Warm
5346,1,8,6,1,0.0,0.0,0,0,654.0,-1.0,11,0,0,0,47.0,0.0,35.5,16.0,23.0,Warm
5344,1,8,0,1,0.0,0.0,0,0,654.0,-1.0,1,0,0,0,0.0,0.0,-1.0,349.0,15.5,Cold
5343,1,8,6,1,0.0,0.0,0,0,371.0,-1.0,3,1,0,0,0.0,0.0,182.5,6.0,24.5,Warm
5342,1,8,0,1,0.0,0.0,0,0,349.0,-1.0,3,0,0,0,0.0,0.0,18.0,349.0,15.5,Cold
5338,1,8,6,1,0.0,0.0,0,0,178.0,-1.0,27,4,0,0,0.0,0.0,10.46,99.0,29.0,Warm
5337,1,8,0,1,0.0,0.0,0,0,350.0,-1.0,4,1,1,0,0.0,0.0,11.67,350.0,19.5,Cold
5336,1,8,0,0,0.0,0.0,0,1,346.0,-1.0,7,1,0,0,0.0,0.0,8.33,320.0,18.5,Cold
5335,1,8,0,1,0.0,0.0,0,0,349.0,-1.0,2,0,1,0,0.0,0.0,36.0,349.0,13.5,Cold
5332,1,8,6,1,0.0,0.0,0,0,168.0,-1.0,18,3,1,0,0.0,0.0,18.06,59.0,25.5,Warm
5331,1,8,0,0,0.0,0.0,0,1,349.0,-1.0,2,1,1,0,0.0,0.0,0.0,349.0,16.5,Cold
5330,1,8,0,1,0.0,0.0,0,0,345.0,-1.0,4,1,1,0,0.0,0.0,13.33,345.0,19.5,Cold
5328,1,8,6,1,0.0,0.0,0,0,203.0,-1.0,11,0,0,0,0.0,0.0,30.6,43.0,23.0,Warm
5326,1,8,0,1,0.0,0.0,0,0,654.0,-1.0,1,0,0,0,0.0,0.0,-1.0,385.0,15.5,Cold
5325,1,8,0,1,0.0,0.0,0,0,242.0,-1.0,9,1,0,0,0.0,0.0,20.88,203.0,21.5,Warm
5323,1,8,0,1,0.0,0.0,0,0,654.0,-1.0,1,0,0,0,0.0,0.0,-1.0,385.0,15.5,Cold
5322,1,8,6,1,0.0,0.0,0,0,349.0,-1.0,4,1,1,0,0.0,0.0,115.67,2.0,22.5,Warm
5319,1,8,0,0,0.0,0.0,0,1,359.0,-1.0,2,1,1,0,0.0,0.0,0.0,359.0,16.5,Cold
5317,1,8,0,0,0.0,0.0,0,1,654.0,-1.0,3,0,0,0,0.0,0.0,12.5,345.0,12.5,Cold
5316,1,8,0,1,0.0,0.0,0,0,369.0,-1.0,2,1,0,0,0.0,0.0,0.0,369.0,21.5,Warm
5315,1,8,0,1,0.0,0.0,0,0,654.0,-1.0,2,0,0,0,0.0,0.0,0.0,385.0,15.5,Cold
5312,1,8,6,1,0.0,0.0,0,0,654.0,-1.0,10,0,0,0,0.0,0.0,36.11,44.0,18.5,Cold
5311,1,8,0,1,0.0,0.0,0,0,654.0,-1.0,1,0,0,0,0.0,0.0,-1.0,385.0,15.5,Cold
5310,1,8,6,1,0.0,0.0,0,0,369.0,-1.0,4,0,0,0,0.0,0.0,122.33,2.0,23.0,Warm
5309,1,8,0,1,0.0,0.0,0,0,385.0,-1.0,4,1,0,0,0.0,0.0,0.0,385.0,21.5,Warm
5305,1,8,6,1,0.0,0.0,0,0,270.0,-1.0,29,0,0,0,84.0,0.0,10.82,56.0,23.0,Warm
5304,1,8,6,1,0.0,0.0,0,0,183.0,-1.0,17,3,0,0,0.0,0.0,22.69,6.0,27.5,Warm
5303,1,8,0,1,0.0,0.0,0,0,654.0,-1.0,1,0,1,0,0.0,0.0,-1.0,385.0,13.5,Cold
5301,1,8,6,1,0.0,0.0,0,0,179.0,-1.0,25,3,0,0,65.0,0.0,13.58,43.0,27.5,Warm
5298,1,8,0,1,0.0,0.0,0,0,385.0,-1.0,2,0,0,0,0.0,0.0,0.0,385.0,20.0,Cold
5296,1,8,0,1,0.0,0.0,0,0,346.0,-1.0,4,1,1,0,0.0,0.0,6.67,346.0,19.5,Cold
5295,1,8,0,1,0.0,0.0,0,0,353.0,-1.0,4,0,0,0,0.0,0.0,10.67,353.0,20.0,Cold
5294,1,8,6,1,0.0,0.0,0,0,654.0,-1.0,11,0,0,0,0.0,0.0,28.7,79.0,18.5,Cold
5291,1,8,6,1,0.0,0.0,0,0,176.0,-1.0,15,4,0,0,0.0,0.0,22.43,52.0,29.0,Warm
5290,1,8,6,1,0.0,0.0,0,0,217.0,-1.0,15,0,0,0,0.0,0.0,21.29,68.0,23.0,Warm
5289,1,8,6,1,0.0,0.0,0,0,161.0,-1.0,12,0,0,0,0.0,0.0,28.09,57.0,23.0,Warm
5285,1,8,0,0,0.0,0.0,0,1,654.0,-1.0,1,0,0,0,0.0,0.0,-1.0,651.0,14.5,Cold
5284,1,8,0,1,0.0,0.0,0,0,654.0,-1.0,7,0,0,0,0.0,0.0,24.83,217.0,15.5,Cold
5283,1,8,6,0,0.0,0.0,0,1,654.0,-1.0,11,0,0,0,0.0,0.0,31.0,56.0,15.5,Cold
5282,1,8,6,1,0.0,0.0,0,0,359.0,-1.0,6,1,0,0,0.0,0.0,70.8,5.0,24.5,Warm
5281,1,8,6,1,0.0,0.0,0,0,654.0,-1.0,12,2,0,0,39.0,0.0,26.09,79.0,26.0,Warm
5277,1,8,6,1,0.0,0.0,0,0,654.0,-1.0,8,0,1,0,0.0,0.0,27.14,176.0,16.5,Cold
5276,1,8,6,1,0.0,0.0,0,0,309.0,-1.0,25,3,0,0,0.0,0.0,12.83,51.0,27.5,Warm
5273,1,8,6,1,0.0,0.0,0,0,654.0,-1.0,9,0,0,0,0.0,0.0,37.88,63.0,18.5,Cold
5270,1,8,6,1,0.0,0.0,0,0,227.0,-1.0,19,6,0,0,0.0,0.0,10.72,176.0,32.0,Warm
5267,1,8,6,1,0.0,0.0,0,0,297.0,-1.0,15,0,1,0,0.0,0.0,21.14,63.0,21.0,Warm
5265,1,8,0,0,0.0,0.0,0,1,359.0,-1.0,2,0,0,0,0.0,0.0,0.0,359.0,17.0,Cold
5262,1,8,6,1,0.0,0.0,0,0,339.0,-1.0,14,2,0,0,0.0,0.0,18.08,134.0,26.0,Warm
5261,1,8,6,1,0.0,0.0,0,0,654.0,-1.0,2,0,0,0,0.0,0.0,357.0,2.0,18.5,Cold
5258,1,8,0,1,0.0,0.0,0,0,369.0,-1.0,3,0,0,0,0.0,0.0,0.0,369.0,20.0,Cold
5254,1,8,6,1,0.0,0.0,0,0,263.0,-1.0,13,1,0,0,0.0,0.0,27.75,44.0,24.5,Warm
5251,1,8,0,0,0.0,0.0,0,1,654.0,-1.0,2,2,2,0,0.0,0.0,1.0,651.0,18.0,Cold
5250,1,8,0,0,0.0,0.0,0,1,654.0,-1.0,3,0,0,0,0.0,0.0,30.5,317.0,15.0,Cold
5248,1,8,0,0,0.0,0.0,0,1,654.0,-1.0,1,0,0,0,0.0,0.0,-1.0,357.0,12.5,Cold
5245,1,8,6,1,0.0,0.0,0,0,271.0,-1.0,7,1,1,0,0.0,0.0,50.33,57.0,22.5,Warm
5241,1,8,6,1,0.0,0.0,0,0,248.0,-1.0,6,1,0,0,0.0,0.0,33.8,190.0,24.5,Warm
5239,1,8,6,1,0.0,0.0,0,0,311.0,-1.0,10,0,0,0,0.0,0.0,23.78,145.0,23.0,Warm
5238,1,8,6,1,0.0,0.0,0,0,654.0,-1.0,5,0,0,0,0.0,0.0,45.75,176.0,18.5,Cold
5234,1,8,0,1,0.0,0.0,0,0,334.0,-1.0,9,1,0,0,0.0,0.0,13.38,252.0,21.5,Warm
5233,1,8,6,1,0.0,0.0,0,0,240.0,-1.0,5,2,0,0,0.0,0.0,43.25,186.0,26.0,Warm
5230,1,8,6,1,0.0,0.0,0,0,242.0,-1.0,19,5,0,0,0.0,0.0,16.44,63.0,30.5,Warm
5227,1,8,6,1,0.0,0.0,0,0,190.0,-1.0,19,3,0,0,0.0,0.0,16.06,70.0,27.5,Warm
5224,1,8,6,1,0.0,0.0,0,0,189.0,-1.0,10,3,0,0,40.0,0.0,34.11,52.0,27.5,Warm
5222,1,8,6,1,0.0,0.0,0,0,331.0,-1.0,10,0,0,0,0.0,0.0,33.56,57.0,18.5,Cold
5219,1,8,6,1,0.0,0.0,0,0,232.0,-1.0,9,1,0,0,0.0,0.0,21.12,190.0,24.5,Warm
5218,1,8,6,1,0.0,0.0,0,0,654.0,-1.0,8,0,0,0,0.0,0.0,21.57,145.0,18.5,Cold
5217,1,8,6,1,0.0,0.0,0,0,161.0,-1.0,12,4,1,0,73.0,0.0,26.36,6.0,27.0,Warm
5214,1,8,0,1,0.0,0.0,0,0,179.0,-1.0,11,1,0,0,0.0,0.0,18.0,179.0,21.5,Warm
5212,1,8,0,0,0.0,0.0,0,1,654.0,-1.0,2,0,0,0,0.0,0.0,13.0,346.0,12.5,Cold
5211,1,8,0,1,0.0,0.0,0,0,358.0,-1.0,2,1,1,0,0.0,0.0,0.0,358.0,19.5,Cold
5210,1,8,0,0,0.0,0.0,0,1,654.0,-1.0,4,1,1,0,0.0,0.0,2.67,644.0,17.7,Cold
5207,1,8,6,1,0.0,0.0,0,0,217.0,-1.0,15,0,0,0,0.0,0.0,22.5,43.0,23.0,Warm
5206,1,8,0,0,0.0,0.0,0,1,358.0,-1.0,5,0,0,0,0.0,0.0,10.25,317.0,17.0,Cold
5205,1,8,6,1,0.0,0.0,0,0,654.0,-1.0,9,0,2,0,96.0,0.0,30.5,52.0,21.0,Warm
5204,1,8,0,1,0.0,0.0,0,0,654.0,-1.0,6,0,0,0,0.0,0.0,21.2,252.0,15.5,Cold
5203,1,8,6,1,0.0,0.0,0,0,654.0,-1.0,7,0,0,0,0.0,0.0,29.33,120.0,18.5,Cold
5202,1,8,0,1,0.0,0.0,0,0,211.0,-1.0,5,1,1,0,0.0,0.0,23.0,204.0,19.5,Cold
5200,1,8,0,0,0.0,0.0,0,1,346.0,-1.0,4,0,0,0,0.0,0.0,4.0,346.0,17.0,Cold
5197,1,8,0,0,0.0,0.0,0,1,358.0,-1.0,2,0,0,0,0.0,0.0,0.0,358.0,17.0,Cold
5194,1,8,6,1,0.0,0.0,0,0,209.0,-1.0,15,3,1,0,55.0,0.0,21.93,52.0,25.5,Warm
5193,1,8,0,1,0.0,0.0,0,0,654.0,-1.0,3,0,1,0,0.0,0.0,1.0,294.0,13.5,Cold
5192,1,8,6,1,0.0,0.0,0,0,178.0,-1.0,19,0,0,0,17.0,0.0,12.83,65.0,23.0,Warm
5191,1,8,6,1,0.0,0.0,0,0,176.0,-1.0,9,0,0,0,0.0,0.0,22.75,176.0,23.0,Warm
5190,1,8,6,1,0.0,0.0,0,0,211.0,-1.0,7,0,0,0,0.0,0.0,41.17,49.0,23.0,Warm
5188,1,8,0,1,0.0,0.0,0,0,358.0,-1.0,2,0,0,0,0.0,0.0,0.0,358.0,20.0,Cold
5185,1,8,0,1,0.0,0.0,0,0,309.0,-1.0,9,0,0,0,0.0,0.0,14.12,245.0,20.0,Cold
5184,1,8,0,1,0.0,0.0,0,0,654.0,-1.0,1,0,1,0,0.0,0.0,-1.0,358.0,13.5,Cold
5181,1,8,6,1,0.0,0.0,0,0,654.0,-1.0,5,2,1,0,51.0,0.0,72.5,6.0,24.0,Warm
5180,1,8,0,1,0.0,0.0,0,0,358.0,-1.0,2,1,1,0,0.0,0.0,0.0,358.0,19.5,Cold
5179,1,8,0,1,0.0,0.0,0,0,654.0,-1.0,5,0,0,0,0.0,0.0,21.0,212.0,18.0,Cold
5178,1,8,6,1,0.0,0.0,0,0,240.0,-1.0,24,0,0,0,0.0,0.0,15.35,5.0,23.0,Warm
5177,1,8,6,1,0.0,0.0,0,0,654.0,-1.0,7,1,1,0,0.0,0.0,46.67,16.0,20.5,Warm
5173,1,8,6,1,0.0,0.0,0,0,358.0,-1.0,4,0,0,0,74.0,0.0,102.0,52.0,23.0,Warm
5170,1,8,6,1,0.0,0.0,0,0,358.0,-1.0,3,0,0,0,0.0,0.0,178.0,2.0,23.0,Warm
5169,1,8,6,1,0.0,0.0,0,0,654.0,-1.0,5,1,0,0,54.0,0.0,61.0,52.0,24.5,Warm
5168,1,8,0,1,0.0,0.0,0,0,179.0,-1.0,8,1,0,0,0.0,0.0,25.71,179.0,21.5,Warm
5167,1,8,6,1,0.0,0.0,0,0,654.0,-1.0,8,0,0,0,0.0,0.0,32.29,70.0,18.5,Cold
5166,1,8,0,1,0.0,0.0,0,0,654.0,-1.0,1,0,0,0,0.0,0.0,-1.0,296.0,18.0,Cold
5165,1,8,6,1,0.0,0.0,0,0,262.0,-1.0,17,3,0,0,0.0,0.0,19.69,43.0,27.5,Warm
5161,1,8,6,1,0.0,0.0,0,0,327.0,-1.0,16,0,0,0,0.0,0.0,19.33,68.0,23.0,Warm
5158,1,8,0,1,0.0,0.0,0,0,287.0,-1.0,8,1,0,0,0.0,0.0,16.14,245.0,21.5,Warm
5157,1,8,0,1,0.0,0.0,0,0,271.0,-1.0,12,3,2,0,0.0,0.0,14.73,196.0,22.5,Warm
5156,1,8,6,1,0.0,0.0,0,0,161.0,-1.0,23,2,1,0,140.0,0.0,11.5,43.0,24.0,Warm
5155,1,8,6,1,0.0,0.0,0,0,654.0,-1.0,8,0,0,0,0.0,0.0,41.43,6.0,18.5,Cold
5154,1,8,6,1,0.0,0.0,0,0,654.0,-1.0,2,0,1,0,0.0,0.0,234.0,123.0,19.0,Cold
5151,1,8,0,1,0.0,0.0,0,0,357.0,-1.0,3,1,1,0,0.0,0.0,0.0,357.0,19.5,Cold
5147,1,8,0,1,0.0,0.0,0,0,654.0,-1.0,1,0,0,0,0.0,0.0,-1.0,357.0,18.0,Cold
5145,1,8,6,1,0.0,0.0,0,0,183.0,-1.0,12,2,0,0,0.0,0.0,15.82,183.0,26.0,Warm
5144,1,8,0,0,0.0,0.0,0,1,337.0,-1.0,6,0,0,0,0.0,0.0,4.4,335.0,17.0,Cold
5140,1,8,0,1,0.0,0.0,0,0,247.0,-1.0,12,2,0,0,0.0,0.0,14.0,203.0,23.0,Warm
5139,1,8,0,1,0.0,0.0,0,0,353.0,-1.0,6,0,0,0,0.0,0.0,8.0,353.0,20.0,Cold
5138,1,8,0,1,0.0,0.0,0,0,392.0,-1.0,4,1,1,0,0.0,0.0,2.33,386.0,19.5,Cold
5137,1,8,0,1,0.0,0.0,0,0,353.0,-1.0,10,2,0,0,0.0,0.0,4.44,353.0,23.0,Warm
5136,1,8,0,1,0.0,0.0,0,0,357.0,-1.0,8,0,0,0,0.0,0.0,5.14,357.0,20.0,Cold
5135,1,8,0,1,0.0,0.0,0,0,385.0,-1.0,4,0,0,0,0.0,0.0,2.67,385.0,20.0,Cold
5134,1,8,0,1,0.0,0.0,0,0,353.0,-1.0,4,0,0,0,0.0,0.0,13.33,353.0,15.5,Cold
5133,1,8,0,1,0.0,0.0,0,0,388.0,-1.0,6,2,0,0,0.0,0.0,1.4,386.0,23.0,Warm
5132,1,8,0,1,0.0,0.0,0,0,353.0,-1.0,5,0,0,0,0.0,0.0,10.0,353.0,20.0,Cold
5131,1,8,0,1,0.0,0.0,0,0,355.0,-1.0,3,1,1,0,0.0,0.0,19.0,355.0,19.5,Cold
5130,1,8,0,1,0.0,0.0,0,0,654.0,-1.0,3,0,2,0,0.0,0.0,3.5,386.0,13.5,Cold
5129,1,8,0,1,0.0,0.0,0,0,386.0,-1.0,11,4,1,0,0.0,0.0,0.8,385.0,27.0,Warm
5128,1,8,0,0,0.0,0.0,0,1,654.0,-1.0,1,0,1,0,0.0,0.0,-1.0,652.0,12.5,Cold
5127,1,8,0,1,0.0,0.0,0,0,352.0,-1.0,4,2,0,0,0.0,0.0,14.0,352.0,23.0,Warm
5126,1,8,0,0,0.0,0.0,0,1,654.0,-1.0,1,0,0,0,0.0,0.0,-1.0,497.0,17.0,Cold
5125,1,8,0,0,0.0,0.0,0,1,654.0,-1.0,2,1,1,0,0.0,0.0,4.0,493.0,17.7,Cold
5124,1,8,0,0,0.0,0.0,0,1,654.0,-1.0,1,0,0,0,0.0,0.0,-1.0,497.0,14.5,Cold
5123,1,8,0,0,0.0,0.0,0,1,654.0,-1.0,1,0,0,0,0.0,0.0,-1.0,497.0,14.5,Cold
5122,1,8,0,0,0.0,0.0,0,1,654.0,-1.0,1,0,1,0,0.0,0.0,-1.0,498.0,12.5,Cold
5121,1,8,6,1,0.0,0.0,0,0,654.0,-1.0,5,0,1,0,0.0,0.0,122.0,10.0,21.0,Warm
5120,1,8,0,0,0.0,0.0,0,1,654.0,-1.0,3,2,2,0,0.0,0.0,3.0,492.0,20.4,Warm
5119,1,8,6,1,0.0,0.0,0,0,654.0,-1.0,4,0,0,0,81.0,0.0,101.67,52.0,23.0,Warm
5118,1,8,0,0,0.0,0.0,0,1,346.0,-1.0,4,0,0,0,0.0,0.0,3.67,346.0,17.0,Cold
5114,1,8,6,1,0.0,0.0,0,0,297.0,-1.0,13,0,0,0,0.0,0.0,17.67,145.0,23.0,Warm
5111,1,8,6,1,0.0,0.0,0,0,189.0,-1.0,18,2,0,0,39.0,0.0,17.94,52.0,26.0,Warm
5108,1,8,0,0,0.0,0.0,0,1,357.0,-1.0,2,0,0,0,0.0,0.0,0.0,357.0,17.0,Cold
5107,1,8,6,0,0.0,0.0,0,1,241.0,-1.0,10,0,0,0,0.0,0.0,33.44,56.0,15.5,Cold
5104,1,8,0,0,0.0,0.0,0,1,357.0,-1.0,2,1,1,0,0.0,0.0,0.0,357.0,16.5,Cold
5099,1,8,6,1,0.0,0.0,0,0,357.0,-1.0,4,0,0,0,0.0,0.0,78.0,123.0,23.0,Warm
5097,1,8,0,1,0.0,0.0,0,0,245.0,-1.0,8,0,0,0,0.0,0.0,16.0,245.0,20.0,Cold
5094,1,8,0,1,0.0,0.0,0,0,654.0,-1.0,1,0,0,0,0.0,0.0,-1.0,357.0,15.5,Cold
5093,1,8,0,0,0.0,0.0,0,1,357.0,-1.0,2,1,1,0,0.0,0.0,0.0,357.0,16.5,Cold
5092,1,8,0,0,0.0,0.0,0,1,357.0,-1.0,2,1,1,0,0.0,0.0,0.0,357.0,16.5,Cold
5088,1,8,0,0,0.0,0.0,0,1,357.0,-1.0,2,1,1,0,0.0,0.0,0.0,357.0,16.5,Cold
5086,1,8,0,0,0.0,0.0,0,1,355.0,-1.0,2,1,1,0,0.0,0.0,0.0,355.0,16.5,Cold
5081,1,8,0,0,0.0,0.0,0,1,358.0,-1.0,2,1,1,0,0.0,0.0,0.0,358.0,16.5,Cold
5079,1,8,6,1,0.0,0.0,0,0,190.0,-1.0,23,1,1,0,0.0,0.0,14.27,44.0,22.5,Warm
5077,1,8,0,0,0.0,0.0,0,1,357.0,-1.0,2,1,1,0,0.0,0.0,0.0,357.0,16.5,Cold
5073,1,8,6,1,0.0,0.0,0,0,357.0,-1.0,7,3,0,0,0.0,0.0,55.5,24.0,27.5,Warm
5071,1,8,6,1,0.0,0.0,0,0,357.0,-1.0,3,1,0,0,0.0,0.0,173.5,10.0,24.5,Warm
5068,1,8,0,0,0.0,0.0,0,1,357.0,-1.0,2,1,1,0,0.0,0.0,0.0,357.0,16.5,Cold
5067,1,8,0,0,0.0,0.0,0,1,654.0,-1.0,1,0,0,0,0.0,0.0,-1.0,357.0,12.5,Cold
5066,1,8,0,0,0.0,0.0,0,1,654.0,-1.0,1,0,0,0,0.0,0.0,-1.0,357.0,12.5,Cold
5061,1,8,0,0,0.0,0.0,0,1,357.0,-1.0,2,0,0,0,0.0,0.0,0.0,357.0,17.0,Cold
5059,1,8,0,0,0.0,0.0,0,1,654.0,-1.0,1,0,0,0,0.0,0.0,-1.0,357.0,12.5,Cold
5055,1,8,0,0,0.0,0.0,0,1,357.0,-1.0,2,0,0,0,0.0,0.0,0.0,357.0,17.0,Cold
5054,1,8,0,0,0.0,0.0,0,1,357.0,-1.0,2,0,0,0,0.0,0.0,0.0,357.0,17.0,Cold
5051,1,8,0,0,0.0,0.0,0,1,357.0,-1.0,2,0,0,0,0.0,0.0,0.0,357.0,17.0,Cold
5047,1,8,0,1,0.0,0.0,0,0,654.0,-1.0,1,0,0,0,0.0,0.0,-1.0,357.0,15.5,Cold
5045,1,8,0,0,0.0,0.0,0,1,654.0,-1.0,1,0,0,0,0.0,0.0,-1.0,357.0,12.5,Cold
5041,1,8,0,0,0.0,0.0,0,1,654.0,-1.0,1,0,0,0,0.0,0.0,-1.0,357.0,12.5,Cold
5039,1,8,0,0,0.0,0.0,0,1,654.0,-1.0,1,0,0,0,0.0,0.0,-1.0,357.0,12.5,Cold
5035,1,8,0,0,0.0,0.0,0,1,654.0,-1.0,1,0,0,0,0.0,0.0,-1.0,357.0,12.5,Cold
5033,1,8,0,0,0.0,0.0,0,1,654.0,-1.0,1,0,0,0,0.0,0.0,-1.0,357.0,12.5,Cold
5030,1,8,0,1,0.0,0.0,0,0,654.0,-1.0,1,0,0,0,0.0,0.0,-1.0,357.0,15.5,Cold
5027,1,8,0,0,0.0,0.0,0,1,356.0,-1.0,2,0,0,0,0.0,0.0,0.0,356.0,17.0,Cold
5024,1,8,0,0,0.0,0.0,0,1,654.0,-1.0,1,0,0,0,0.0,0.0,-1.0,356.0,12.5,Cold
5019,1,8,0,0,0.0,0.0,0,1,356.0,-1.0,3,0,0,0,0.0,0.0,17.5,321.0,17.0,Cold
5018,1,8,0,0,0.0,0.0,0,1,654.0,-1.0,1,0,0,0,0.0,0.0,-1.0,356.0,12.5,Cold
5017,1,8,0,1,0.0,0.0,0,0,356.0,-1.0,2,1,1,0,0.0,0.0,0.0,356.0,19.5,Cold
5014,1,8,0,0,0.0,0.0,0,1,654.0,-1.0,1,0,0,0,0.0,0.0,-1.0,356.0,12.5,Cold
5012,1,8,0,0,0.0,0.0,0,1,654.0,-1.0,1,1,1,0,0.0,0.0,-1.0,356.0,14.5,Cold
5008,1,8,6,1,0.0,0.0,0,0,220.0,-1.0,13,1,0,0,53.0,0.0,28.83,10.0,24.5,Warm
5006,1,8,0,1,0.0,0.0,0,0,654.0,-1.0,1,0,0,0,0.0,0.0,-1.0,356.0,15.5,Cold
5004,1,8,6,1,0.0,0.0,0,0,221.0,-1.0,9,2,0,0,0.0,0.0,41.62,23.0,26.0,Warm
4999,1,8,6,1,0.0,0.0,0,0,178.0,-1.0,26,3,0,0,0.0,0.0,10.32,99.0,27.5,Warm
4997,1,8,0,1,0.0,0.0,0,0,654.0,-1.0,1,0,0,0,0.0,0.0,-1.0,356.0,15.5,Cold
4993,1,8,0,1,0.0,0.0,0,0,654.0,-1.0,1,0,0,0,0.0,0.0,-1.0,356.0,15.5,Cold
4992,1,8,0,0,0.0,0.0,0,1,356.0,-1.0,2,1,0,0,0.0,0.0,0.0,356.0,18.5,Cold
4991,1,8,6,1,0.0,0.0,0,0,248.0,-1.0,9,0,0,0,0.0,0.0,23.12,171.0,18.5,Cold
4988,1,8,0,0,0.0,0.0,0,1,346.0,-1.0,11,2,2,0,0.0,0.0,3.6,320.0,18.0,Cold
4986,1,8,0,0,0.0,0.0,0,1,654.0,-1.0,2,0,0,0,0.0,0.0,22.0,334.0,15.0,Cold
4981,1,8,6,1,0.0,0.0,0,0,654.0,-1.0,2,0,0,0,0.0,0.0,350.0,6.0,18.5,Cold
4979,1,8,0,0,0.0,0.0,0,1,654.0,-1.0,1,0,0,0,0.0,0.0,-1.0,356.0,12.5,Cold
4977,1,8,6,1,0.0,0.0,0,0,190.0,-1.0,34,7,0,0,116.0,0.0,9.45,44.0,33.5,Warm
4974,1,8,6,1,0.0,0.0,0,0,220.0,-1.0,27,6,0,0,58.0,0.0,12.0,44.0,32.0,Warm
4971,1,8,0,0,0.0,0.0,0,1,654.0,-1.0,1,0,0,0,0.0,0.0,-1.0,355.0,12.5,Cold
4967,1,8,0,1,0.0,0.0,0,0,654.0,-1.0,1,0,0,0,0.0,0.0,-1.0,355.0,15.5,Cold
4966,1,8,0,1,0.0,0.0,0,0,654.0,-1.0,1,0,0,0,0.0,0.0,-1.0,355.0,15.5,Cold
4961,1,8,0,1,0.0,0.0,0,0,654.0,-1.0,1,0,1,0,0.0,0.0,-1.0,355.0,13.5,Cold
4960,1,8,6,1,0.0,0.0,0,0,148.0,-1.0,17,3,1,1,269.0,0.0,26.81,148.0,31.7,Warm
4959,1,8,0,1,0.0,0.0,0,0,355.0,-1.0,2,1,1,0,0.0,0.0,0.0,355.0,19.5,Cold
4955,1,8,6,1,0.0,0.0,0,0,654.0,-1.0,8,0,1,0,0.0,0.0,49.29,10.0,16.5,Cold
4953,1,8,0,1,0.0,0.0,0,0,654.0,-1.0,4,0,0,0,0.0,0.0,50.33,204.0,15.5,Cold
4952,1,8,0,0,0.0,0.0,0,1,654.0,-1.0,1,1,0,0,0.0,0.0,-1.0,569.0,17.2,Cold
4951,1,8,6,1,0.0,0.0,0,0,176.0,-1.0,19,3,0,0,120.0,0.0,31.28,6.0,28.7,Warm
4950,1,8,6,1,0.0,0.0,0,0,190.0,-1.0,24,4,0,0,25.0,0.0,21.83,68.0,30.2,Warm
4949,1,8,0,0,0.0,0.0,0,1,654.0,-1.0,2,1,0,0,0.0,0.0,119.0,451.0,19.7,Cold
4948,1,8,6,1,0.0,0.0,0,0,336.0,-1.0,12,1,1,0,0.0,0.0,42.82,99.0,23.7,Warm
4947,1,8,6,1,0.0,0.0,0,0,161.0,-1.0,16,7,0,0,68.0,0.0,34.53,52.0,34.7,Warm
4946,1,8,0,0,0.0,0.0,0,1,654.0,-1.0,2,1,0,0,0.0,0.0,227.0,343.0,17.2,Cold
4945,1,8,6,1,0.0,0.0,0,0,331.0,-1.0,13,1,0,0,0.0,0.0,47.08,6.0,23.2,Warm
4944,1,8,0,0,0.0,0.0,0,1,654.0,-1.0,2,1,0,0,0.0,0.0,225.0,346.0,17.2,Cold
4943,1,8,6,1,0.0,0.0,0,0,275.0,-1.0,9,3,0,0,65.0,0.0,50.0,171.0,28.7,Warm
4942,1,8,6,1,0.0,0.0,0,0,262.0,-1.0,12,3,0,0,0.0,0.0,46.36,63.0,28.7,Warm
4941,1,8,6,1,0.0,0.0,0,0,242.0,-1.0,14,4,0,0,0.0,0.0,34.77,121.0,30.2,Warm
4940,1,8,6,1,0.0,0.0,0,0,257.0,-1.0,12,3,2,0,0.0,0.0,48.09,44.0,24.7,Warm
4938,1,8,0,0,0.0,0.0,0,1,654.0,-1.0,2,1,0,0,0.0,0.0,233.0,343.0,17.2,Cold
4937,1,8,6,1,0.0,0.0,0,0,355.0,-1.0,6,1,0,0,57.0,0.0,60.6,52.0,24.5,Warm
4936,1,8,0,0,0.0,0.0,0,1,654.0,-1.0,2,1,1,0,0.0,0.0,232.0,343.0,15.2,Cold
4935,1,8,6,1,0.0,0.0,0,0,654.0,-1.0,11,1,0,0,0.0,0.0,55.2,23.0,23.2,Warm
4934,1,8,6,1,0.0,0.0,0,0,278.0,-1.0,15,2,0,0,80.0,0.0,37.57,49.0,27.2,Warm
4933,1,8,0,0,0.0,0.0,0,1,654.0,-1.0,3,2,1,0,0.0,0.0,129.0,317.0,19.2,Cold
4932,1,8,6,1,0.0,0.0,0,0,331.0,-1.0,12,1,0,0,0.0,0.0,47.09,57.0,23.2,Warm
4931,1,8,0,0,0.0,0.0,0,1,654.0,-1.0,4,3,0,0,0.0,0.0,84.0,323.0,22.7,Warm
4930,1,8,6,1,0.0,0.0,0,0,203.0,-1.0,44,16,1,0,0.0,0.0,13.33,2.0,37.2,Warm
4929,1,8,6,1,0.0,0.0,0,0,156.0,-1.0,17,3,0,0,49.0,0.0,32.69,52.0,28.7,Warm
4928,1,8,0,0,0.0,0.0,0,1,654.0,-1.0,1,1,1,0,0.0,0.0,-1.0,575.0,15.7,Cold
4927,1,8,6,1,0.0,0.0,0,0,323.0,-1.0,23,3,0,0,145.0,0.0,24.23,44.0,28.7,Warm
4926,1,8,0,1,0.0,0.0,0,0,355.0,-1.0,2,1,1,0,0.0,0.0,0.0,355.0,19.5,Cold
4925,1,8,0,0,0.0,0.0,0,1,654.0,-1.0,1,0,0,0,0.0,0.0,-1.0,355.0,12.5,Cold
4924,1,8,0,1,0.0,0.0,0,0,316.0,-1.0,13,1,0,0,0.0,0.0,27.0,252.0,22.7,Warm
4922,1,8,0,1,0.0,0.0,0,0,654.0,-1.0,6,1,0,0,0.0,0.0,65.0,252.0,20.2,Warm
4921,1,8,6,1,0.0,0.0,0,0,287.0,-1.0,9,3,0,0,0.0,0.0,48.25,190.0,28.7,Warm
4920,1,8,0,0,0.0,0.0,0,1,654.0,-1.0,3,1,0,0,0.0,0.0,115.5,345.0,17.2,Cold
4919,1,8,6,1,0.0,0.0,0,0,211.0,-1.0,14,5,1,0,0.0,0.0,41.0,43.0,29.7,Warm
4918,1,8,6,1,0.0,0.0,0,0,156.0,-1.0,30,8,0,0,187.0,0.0,18.07,52.0,36.2,Warm
4917,1,8,6,1,0.0,0.0,0,0,654.0,-1.0,12,1,0,0,0.0,0.0,42.73,106.0,23.2,Warm
4916,1,8,0,0,0.0,0.0,0,1,654.0,-1.0,1,1,0,0,0.0,0.0,-1.0,576.0,17.2,Cold
4913,1,8,6,1,0.0,0.0,0,0,248.0,-1.0,26,2,0,0,45.0,0.0,11.2,75.0,26.0,Warm
4910,1,8,0,0,0.0,0.0,0,1,654.0,-1.0,1,0,0,0,0.0,0.0,-1.0,355.0,12.5,Cold
4905,1,8,6,1,0.0,0.0,0,0,654.0,-1.0,6,0,0,0,0.0,0.0,49.4,108.0,18.5,Cold
4904,1,8,0,1,0.0,0.0,0,0,355.0,-1.0,2,0,0,0,0.0,0.0,0.0,355.0,20.0,Cold
4901,1,8,0,0,0.0,0.0,0,1,355.0,-1.0,2,1,1,0,0.0,0.0,0.0,355.0,16.5,Cold
4898,1,8,6,1,0.0,0.0,0,0,189.0,-1.0,15,1,0,0,0.0,0.0,15.79,134.0,24.5,Warm
4895,1,8,0,0,0.0,0.0,0,1,654.0,-1.0,1,0,0,0,0.0,0.0,-1.0,355.0,12.5,Cold
4892,1,8,0,1,0.0,0.0,0,0,654.0,-1.0,1,0,0,0,0.0,0.0,-1.0,355.0,15.5,Cold
4890,1,8,0,0,0.0,0.0,0,1,355.0,-1.0,2,1,1,0,0.0,0.0,0.0,355.0,16.5,Cold
4886,1,8,0,0,0.0,0.0,0,1,654.0,-1.0,1,1,1,0,0.0,0.0,-1.0,498.0,17.7,Cold
4885,1,8,0,0,0.0,0.0,0,1,654.0,-1.0,2,1,2,0,0.0,0.0,9.0,507.0,15.7,Cold
4884,1,8,0,0,0.0,0.0,0,1,654.0,-1.0,2,1,1,0,0.0,0.0,6.0,510.0,17.7,Cold
4883,1,8,0,0,0.0,0.0,0,1,654.0,-1.0,3,0,1,0,0.0,0.0,5.0,506.0,15.0,Cold
4882,1,8,0,0,0.0,0.0,0,1,654.0,-1.0,5,0,2,0,0.0,0.0,3.25,503.0,15.0,Cold
4881,1,8,0,0,0.0,0.0,0,1,654.0,-1.0,3,1,1,0,0.0,0.0,7.5,506.0,17.7,Cold
4880,1,8,0,0,0.0,0.0,0,1,654.0,-1.0,3,1,1,0,0.0,0.0,7.5,506.0,17.7,Cold
4879,1,8,0,0,0.0,0.0,0,1,654.0,-1.0,1,0,1,0,0.0,0.0,-1.0,521.0,12.5,Cold
4878,1,8,0,0,0.0,0.0,0,1,654.0,-1.0,2,1,1,0,0.0,0.0,9.0,512.0,17.7,Cold
4877,1,8,0,0,0.0,0.0,0,1,654.0,-1.0,4,2,3,0,0.0,0.0,6.0,503.0,18.4,Cold
4876,1,8,0,0,0.0,0.0,0,1,654.0,-1.0,4,0,0,0,0.0,0.0,6.0,503.0,17.0,Cold
4875,1,8,0,0,0.0,0.0,0,1,654.0,-1.0,4,1,2,0,0.0,0.0,3.67,512.0,15.7,Cold
4874,1,8,0,0,0.0,0.0,0,1,654.0,-1.0,2,2,0,0,0.0,0.0,0.0,523.0,22.4,Warm
4873,1,8,0,0,0.0,0.0,0,1,654.0,-1.0,3,1,2,0,0.0,0.0,8.5,506.0,15.7,Cold
4872,1,8,0,0,0.0,0.0,0,1,654.0,-1.0,1,0,0,0,0.0,0.0,-1.0,523.0,17.0,Cold
4871,1,8,0,0,0.0,0.0,0,1,654.0,-1.0,3,1,1,0,0.0,0.0,8.5,506.0,17.7,Cold
4870,1,8,0,0,0.0,0.0,0,1,654.0,-1.0,4,0,0,0,0.0,0.0,6.67,503.0,14.5,Cold
4869,1,8,0,0,0.0,0.0,0,1,654.0,-1.0,6,1,3,0,0.0,0.0,5.2,498.0,15.7,Cold
4868,1,8,0,0,0.0,0.0,0,1,654.0,-1.0,1,0,0,0,0.0,0.0,-1.0,524.0,14.5,Cold
4867,1,8,0,0,0.0,0.0,0,1,654.0,-1.0,3,0,0,0,0.0,0.0,8.5,507.0,14.5,Cold
4866,1,8,0,0,0.0,0.0,0,1,654.0,-1.0,1,1,1,0,0.0,0.0,-1.0,524.0,17.7,Cold
4865,1,8,0,0,0.0,0.0,0,1,654.0,-1.0,1,0,0,0,0.0,0.0,-1.0,524.0,17.0,Cold
4864,1,8,0,0,0.0,0.0,0,1,654.0,-1.0,1,0,0,0,0.0,0.0,-1.0,524.0,14.5,Cold
4861,1,8,6,1,0.0,0.0,0,0,654.0,-1.0,2,0,0,0,0.0,0.0,345.0,10.0,21.0,Warm
4859,1,8,6,1,0.0,0.0,0,0,176.0,-1.0,14,2,0,0,0.0,0.0,13.77,176.0,26.0,Warm
4855,1,8,0,1,0.0,0.0,0,0,654.0,-1.0,1,0,0,0,0.0,0.0,-1.0,355.0,15.5,Cold
4854,1,8,0,0,0.0,0.0,0,1,355.0,-1.0,4,1,1,0,0.0,0.0,0.0,355.0,16.5,Cold
4853,1,8,6,1,0.0,0.0,0,0,654.0,-1.0,6,0,0,0,0.0,0.0,42.0,145.0,18.5,Cold
4851,1,8,6,1,0.0,0.0,0,0,654.0,-1.0,2,1,0,0,0.0,0.0,345.0,10.0,22.5,Warm
4847,1,8,6,1,0.0,0.0,0,0,211.0,-1.0,27,1,0,0,0.0,0.0,11.5,56.0,25.7,Warm
4844,1,8,0,0,0.0,0.0,0,1,654.0,-1.0,1,0,0,0,0.0,0.0,-1.0,355.0,12.5,Cold
4840,1,8,6,1,0.0,0.0,0,0,287.0,-1.0,17,0,0,0,0.0,0.0,18.69,56.0,23.0,Warm
4838,1,8,0,0,0.0,0.0,0,1,654.0,-1.0,1,0,0,0,0.0,0.0,-1.0,355.0,12.5,Cold
4835,1,8,6,1,0.0,0.0,0,0,654.0,-1.0,4,1,0,0,78.0,0.0,101.0,52.0,24.5,Warm
4832,1,8,0,0,0.0,0.0,0,1,654.0,-1.0,1,0,0,0,0.0,0.0,-1.0,355.0,12.5,Cold
4828,1,8,0,0,0.0,0.0,0,1,355.0,-1.0,2,1,1,0,0.0,0.0,0.0,355.0,16.5,Cold
4827,1,8,6,1,0.0,0.0,0,0,240.0,-1.0,12,0,0,0,0.0,0.0,32.09,2.0,23.0,Warm
4826,1,8,6,1,0.0,0.0,0,0,654.0,-1.0,3,0,0,0,0.0,0.0,169.5,16.0,18.5,Cold
4825,1,8,6,1,0.0,0.0,0,0,355.0,-1.0,5,2,1,0,72.0,0.0,75.75,52.0,24.0,Warm
4820,1,8,0,0,0.0,0.0,0,1,355.0,-1.0,2,1,1,0,0.0,0.0,0.0,355.0,16.5,Cold
4817,1,8,0,0,0.0,0.0,0,1,654.0,-1.0,1,0,0,0,0.0,0.0,-1.0,350.0,12.5,Cold
4814,1,8,0,1,0.0,0.0,0,0,654.0,-1.0,1,0,0,0,0.0,0.0,-1.0,350.0,15.5,Cold
4812,1,8,0,0,0.0,0.0,0,1,654.0,-1.0,1,0,0,0,0.0,0.0,-1.0,350.0,12.5,Cold
4809,1,8,0,0,0.0,0.0,0,1,350.0,-1.0,3,2,1,0,0.0,0.0,2.5,345.0,18.0,Cold
4807,1,8,6,1,0.0,0.0,0,0,654.0,-1.0,5,0,0,0,52.0,0.0,74.5,52.0,23.0,Warm
4802,1,8,0,1,0.0,0.0,0,0,654.0,-1.0,1,0,0,0,0.0,0.0,-1.0,350.0,15.5,Cold
4801,1,8,0,1,0.0,0.0,0,0,654.0,-1.0,1,0,0,0,0.0,0.0,-1.0,350.0,15.5,Cold
4800,1,8,6,1,0.0,0.0,0,0,190.0,-1.0,15,2,0,0,59.0,0.0,21.93,43.0,26.0,Warm
4799,1,8,6,1,0.0,0.0,0,0,147.0,-1.0,21,2,0,0,87.0,0.0,14.95,51.0,26.0,Warm
4795,1,8,0,0,0.0,0.0,0,1,350.0,-1.0,3,1,1,0,0.0,0.0,0.0,350.0,16.5,Cold
4793,1,8,0,0,0.0,0.0,0,1,350.0,-1.0,5,1,0,0,0.0,0.0,8.25,317.0,18.5,Cold
4789,1,8,6,1,0.0,0.0,0,0,341.0,-1.0,10,4,0,0,0.0,0.0,31.33,68.0,29.0,Warm
4788,1,8,0,0,0.0,0.0,0,1,350.0,-1.0,2,1,1,0,0.0,0.0,0.0,350.0,16.5,Cold
4783,1,8,6,1,0.0,0.0,0,0,161.0,-1.0,19,6,0,0,67.0,0.0,10.5,161.0,32.0,Warm
4779,1,8,0,0,0.0,0.0,0,1,654.0,-1.0,1,0,0,0,0.0,0.0,-1.0,349.0,12.5,Cold
4775,1,8,0,0,0.0,0.0,0,1,346.0,-1.0,6,1,0,0,0.0,0.0,6.6,317.0,18.5,Cold
4774,1,8,0,1,0.0,0.0,0,0,350.0,-1.0,2,1,1,0,0.0,0.0,0.0,350.0,19.5,Cold
4773,1,8,0,0,0.0,0.0,0,1,350.0,-1.0,3,1,0,0,0.0,0.0,1.0,348.0,18.5,Cold
4772,1,8,0,0,0.0,0.0,0,1,654.0,-1.0,1,0,0,0,0.0,0.0,-1.0,350.0,12.5,Cold
4768,1,8,0,0,0.0,0.0,0,1,654.0,-1.0,1,0,0,0,0.0,0.0,-1.0,350.0,12.5,Cold
4765,1,8,0,0,0.0,0.0,0,1,654.0,-1.0,1,0,0,0,0.0,0.0,-1.0,350.0,12.5,Cold
4761,1,8,6,1,0.0,0.0,0,0,654.0,-1.0,2,0,0,0,0.0,0.0,344.0,5.0,18.5,Cold
4759,1,8,0,0,0.0,0.0,0,1,654.0,-1.0,1,0,0,0,0.0,0.0,-1.0,350.0,12.5,Cold
4756,1,8,0,0,0.0,0.0,0,1,349.0,-1.0,2,1,1,0,0.0,0.0,0.0,349.0,16.5,Cold
4753,1,8,0,0,0.0,0.0,0,1,654.0,-1.0,1,0,0,0,0.0,0.0,-1.0,349.0,12.5,Cold
4749,1,8,0,0,0.0,0.0,0,1,654.0,-1.0,1,0,0,0,0.0,0.0,-1.0,349.0,12.5,Cold
4748,1,8,6,1,0.0,0.0,0,0,654.0,-1.0,5,1,0,0,0.0,0.0,76.25,44.0,22.5,Warm
4747,1,8,0,0,0.0,0.0,0,1,654.0,-1.0,2,0,0,0,0.0,0.0,15.0,334.0,15.0,Cold
4746,1,8,0,0,0.0,0.0,0,1,654.0,-1.0,2,0,0,0,0.0,0.0,3.0,346.0,12.5,Cold
4741,1,8,0,0,0.0,0.0,0,1,349.0,-1.0,3,0,0,0,0.0,0.0,14.0,321.0,17.0,Cold
4740,1,8,6,1,0.0,0.0,0,0,148.0,-1.0,15,3,0,0,0.0,0.0,38.86,57.0,28.7,Warm
4739,1,8,0,0,0.0,0.0,0,1,654.0,-1.0,3,2,0,0,0.0,0.0,127.5,346.0,19.9,Cold
4738,1,8,0,1,0.0,0.0,0,0,654.0,-1.0,6,1,0,0,0.0,0.0,69.8,252.0,20.2,Warm
4737,1,8,6,1,0.0,0.0,0,0,654.0,-1.0,11,2,1,0,0.0,0.0,58.5,16.0,23.9,Warm
4736,1,8,0,0,0.0,0.0,0,1,654.0,-1.0,1,0,0,0,0.0,0.0,-1.0,349.0,12.5,Cold
4735,1,8,6,1,0.0,0.0,0,0,331.0,-1.0,12,2,0,0,0.0,0.0,53.73,10.0,25.9,Warm
4734,1,8,0,0,0.0,0.0,0,1,599.0,-1.0,4,4,3,0,0.0,0.0,3.33,591.0,24.6,Warm
4733,1,8,0,0,0.0,0.0,0,1,346.0,-1.0,4,3,1,0,0.0,0.0,85.0,346.0,21.9,Warm
4732,1,8,6,1,0.0,0.0,0,0,236.0,-1.0,16,8,0,0,0.0,0.0,31.13,134.0,41.6,Interested
4731,1,8,0,0,0.0,0.0,0,1,345.0,-1.0,4,2,0,0,0.0,0.0,85.33,345.0,22.4,Warm
4730,1,8,0,0,0.0,0.0,0,1,654.0,-1.0,1,1,1,0,0.0,0.0,-1.0,601.0,15.7,Cold
4729,1,8,6,1,0.0,0.0,0,0,654.0,-1.0,9,2,0,0,0.0,0.0,56.75,148.0,25.9,Warm
4728,1,8,6,1,0.0,0.0,0,0,210.0,-1.0,19,2,0,0,0.0,0.0,30.33,56.0,31.4,Warm
4727,1,8,6,1,0.0,0.0,0,0,217.0,-1.0,18,5,0,0,0.0,0.0,32.88,43.0,32.9,Warm
4726,1,8,6,1,0.0,0.0,0,0,654.0,-1.0,9,2,1,0,0.0,0.0,74.0,10.0,26.4,Warm
4725,1,8,6,1,0.0,0.0,0,0,189.0,-1.0,20,7,0,0,0.0,0.0,24.68,133.0,38.3,Warm
4724,1,8,6,1,0.0,0.0,0,0,210.0,-1.0,24,5,0,0,62.0,0.0,23.91,52.0,31.7,Warm
4723,1,8,0,1,0.0,0.0,0,0,654.0,-1.0,7,2,0,0,0.0,0.0,64.17,217.0,22.9,Warm
4722,1,8,0,0,0.0,0.0,0,1,654.0,-1.0,3,3,1,0,0.0,0.0,129.5,343.0,21.9,Warm
4721,1,8,0,0,0.0,0.0,0,1,345.0,-1.0,6,4,2,0,0.0,0.0,51.4,345.0,24.6,Warm
4720,1,8,6,1,0.0,0.0,0,0,654.0,-1.0,5,2,0,0,0.0,0.0,150.0,2.0,25.9,Warm
4719,1,8,6,1,0.0,0.0,0,0,190.0,-1.0,20,3,0,0,0.0,0.0,21.79,189.0,31.1,Warm
4718,1,8,6,1,0.0,0.0,0,0,178.0,-1.0,17,3,0,0,0.0,0.0,29.19,136.0,29.9,Warm
4717,1,8,6,1,0.0,0.0,0,0,306.0,-1.0,11,4,0,0,0.0,0.0,45.5,148.0,31.4,Warm
4716,1,8,0,1,0.0,0.0,0,0,654.0,-1.0,3,1,0,0,0.0,0.0,199.5,204.0,20.2,Warm
4715,1,8,6,1,0.0,0.0,0,0,287.0,-1.0,11,2,0,0,0.0,0.0,52.8,75.0,25.9,Warm
4714,1,8,6,1,0.0,0.0,0,0,183.0,-1.0,22,6,2,0,66.0,0.0,26.24,52.0,33.6,Warm
4713,1,8,0,0,0.0,0.0,0,1,654.0,-1.0,3,2,0,0,0.0,0.0,130.0,343.0,19.9,Cold
4712,1,8,6,1,0.0,0.0,0,0,654.0,-1.0,10,2,0,0,0.0,0.0,60.44,59.0,25.9,Warm
4711,2,8,0,0,0.0,0.0,0,1,599.0,-1.0,4,3,1,0,0.0,0.0,25.67,526.0,24.9,Warm
4710,1,8,6,1,0.0,0.0,0,0,210.0,-1.0,31,7,1,0,217.0,0.0,18.63,49.0,37.5,Warm
4709,1,8,0,0,0.0,0.0,0,1,654.0,-1.0,6,4,0,0,0.0,0.0,53.0,343.0,25.3,Warm
4708,2,8,6,1,0.0,0.0,0,0,241.0,-1.0,20,6,0,0,0.0,0.0,25.63,121.0,38.6,Warm
4707,1,8,6,1,0.0,0.0,0,0,654.0,-1.0,14,4,0,0,0.0,0.0,41.92,63.0,31.3,Warm
4706,1,8,0,1,0.0,0.0,0,0,654.0,-1.0,4,3,0,0,0.0,0.0,88.33,343.0,25.6,Warm
4705,1,8,0,0,0.0,0.0,0,1,598.0,-1.0,7,3,0,0,0.0,0.0,41.33,360.0,25.1,Warm
4704,1,8,6,1,0.0,0.0,0,0,654.0,-1.0,14,3,0,0,0.0,0.0,45.54,16.0,28.6,Warm
4703,1,8,6,1,0.0,0.0,0,0,654.0,-1.0,12,3,0,0,0.0,0.0,51.36,43.0,28.6,Warm
4702,1,8,6,1,0.0,0.0,0,0,597.0,-1.0,12,3,0,0,0.0,0.0,41.91,148.0,31.1,Warm
4701,1,8,6,1,0.0,0.0,0,0,232.0,-1.0,18,6,0,0,0.0,0.0,33.24,44.0,35.6,Warm
4700,1,8,6,1,0.0,0.0,0,0,227.0,-1.0,27,7,0,0,0.0,0.0,16.12,190.0,39.5,Warm
4699,2,8,0,1,0.0,0.0,0,0,269.0,-1.0,24,14,0,0,0.0,0.0,16.04,240.0,41.0,Interested
4698,1,8,6,1,0.0,0.0,0,0,654.0,-1.0,13,4,0,0,0.0,0.0,49.42,16.0,31.3,Warm
4697,1,8,6,1,0.0,0.0,0,0,599.0,-1.0,23,8,2,0,0.0,0.0,24.64,68.0,39.0,Warm
4696,1,8,6,1,0.0,0.0,0,0,190.0,-1.0,29,5,0,0,127.0,0.0,19.54,52.0,31.7,Warm
4695,1,8,6,1,0.0,0.0,0,0,160.0,-1.0,19,4,0,0,131.0,0.0,29.78,75.0,32.6,Warm
4694,1,8,6,1,0.0,0.0,0,0,257.0,-1.0,17,4,0,0,0.0,0.0,37.06,6.0,30.2,Warm
4693,1,8,0,1,0.0,0.0,0,0,287.0,-1.0,17,3,2,0,0.0,0.0,22.94,245.0,24.9,Warm
4692,1,8,6,1,0.0,0.0,0,0,654.0,-1.0,13,4,0,0,0.0,0.0,40.75,123.0,31.3,Warm
4691,1,8,6,1,0.0,0.0,0,0,240.0,-1.0,18,4,0,0,83.0,0.0,35.88,2.0,33.8,Warm
4690,1,8,0,0,0.0,0.0,0,1,349.0,-1.0,2,1,1,0,0.0,0.0,0.0,349.0,16.5,Cold
4688,1,8,6,1,0.0,0.0,0,0,179.0,-1.0,36,12,2,1,126.0,0.0,16.46,44.0,45.8,Interested
4686,1,8,6,1,0.0,0.0,0,0,263.0,-1.0,22,6,0,0,0.0,0.0,28.76,16.0,35.6,Warm
4685,1,8,0,1,0.0,0.0,0,0,654.0,-1.0,5,3,0,0,0.0,0.0,65.0,360.0,25.6,Warm
4684,1,8,0,0,0.0,0.0,0,1,654.0,-1.0,4,3,0,0,0.0,0.0,24.0,548.0,25.1,Warm
4682,1,8,0,1,0.0,0.0,0,0,240.0,-1.0,16,2,0,0,0.0,0.0,10.07,198.0,23.0,Warm
4679,1,8,6,1,0.0,0.0,0,0,257.0,-1.0,23,4,0,0,0.0,0.0,24.14,68.0,30.2,Warm
4677,1,8,6,1,0.0,0.0,0,0,599.0,-1.0,14,6,0,0,0.0,0.0,43.31,59.0,38.0,Warm
4676,1,8,0,0,0.0,0.0,0,1,654.0,-1.0,1,0,0,0,0.0,0.0,-1.0,622.0,12.5,Cold
4675,1,8,0,0,0.0,0.0,0,1,654.0,-1.0,1,0,0,0,0.0,0.0,-1.0,349.0,12.5,Cold
4674,2,8,6,1,0.0,0.0,0,0,352.0,-1.0,18,7,1,0,0.0,0.0,26.94,164.0,41.7,Interested
4673,1,8,0,0,0.0,0.0,0,1,654.0,-1.0,1,0,0,0,0.0,0.0,-1.0,349.0,12.5,Cold
4669,1,8,6,1,0.0,0.0,0,0,178.0,-1.0,27,8,0,0,0.0,0.0,22.0,51.0,42.2,Interested
4668,1,8,6,1,0.0,0.0,0,0,210.0,-1.0,13,4,0,0,0.0,0.0,45.33,79.0,33.8,Warm
4667,1,8,6,1,0.0,0.0,0,0,245.0,-1.0,24,7,0,0,158.0,0.0,25.17,44.0,37.1,Warm
4666,1,8,6,1,0.0,0.0,0,0,213.0,-1.0,20,6,0,0,68.0,0.0,30.53,43.0,39.2,Warm
4664,1,8,6,1,0.0,0.0,0,0,211.0,-1.0,18,6,1,0,29.0,0.0,35.71,16.0,33.6,Warm
4663,1,8,0,0,0.0,0.0,0,1,349.0,-1.0,3,0,0,0,0.0,0.0,7.0,335.0,17.0,Cold
4662,1,8,6,1,0.0,0.0,0,0,242.0,-1.0,20,6,0,0,65.0,0.0,30.11,52.0,36.8,Warm
4661,2,8,0,0,0.0,0.0,0,1,599.0,-1.0,4,2,1,0,0.0,0.0,32.0,528.0,23.4,Warm
4660,1,8,6,1,0.0,0.0,0,0,227.0,-1.0,22,5,1,0,30.0,0.0,27.38,49.0,34.5,Warm
4659,1,8,0,0,0.0,0.0,0,1,654.0,-1.0,6,6,1,0,0.0,0.0,55.8,345.0,30.0,Warm
4658,1,8,0,1,0.0,0.0,0,0,654.0,-1.0,15,7,0,0,0.0,0.0,26.57,252.0,36.0,Warm
4657,1,8,6,1,0.0,0.0,0,0,263.0,-1.0,21,7,0,0,0.0,0.0,30.7,10.0,39.5,Warm
4656,1,8,6,1,0.0,0.0,0,0,654.0,-1.0,9,6,0,0,0.0,0.0,77.75,2.0,39.2,Warm
4655,1,8,6,1,0.0,0.0,0,0,654.0,-1.0,17,7,0,0,78.0,0.0,35.75,52.0,39.5,Warm
4654,1,8,0,0,0.0,0.0,0,1,599.0,-1.0,9,8,0,0,0.0,0.0,36.25,334.0,36.2,Warm
4651,1,8,0,0,0.0,0.0,0,1,654.0,-1.0,1,0,0,0,0.0,0.0,-1.0,349.0,12.5,Cold
4649,1,8,0,0,0.0,0.0,0,1,654.0,-1.0,1,0,0,0,0.0,0.0,-1.0,349.0,12.5,Cold
4644,1,8,0,1,0.0,0.0,0,0,349.0,-1.0,2,1,1,0,0.0,0.0,0.0,349.0,19.5,Cold
4641,1,8,6,0,0.0,0.0,0,1,654.0,-1.0,2,0,0,0,0.0,0.0,343.0,16.0,15.5,Cold
4640,1,8,0,0,0.0,0.0,0,1,654.0,-1.0,1,0,0,0,0.0,0.0,-1.0,349.0,12.5,Cold
4638,1,8,0,0,0.0,0.0,0,1,654.0,-1.0,1,0,0,0,0.0,0.0,-1.0,349.0,12.5,Cold
4636,1,8,6,1,0.0,0.0,0,0,245.0,-1.0,17,1,0,0,0.0,0.0,18.19,68.0,24.5,Warm
4634,1,8,0,0,0.0,0.0,0,1,654.0,-1.0,1,0,0,0,0.0,0.0,-1.0,359.0,12.5,Cold
4631,1,8,0,0,0.0,0.0,0,1,654.0,-1.0,1,0,0,0,0.0,0.0,-1.0,524.0,14.5,Cold
4630,1,8,0,0,0.0,0.0,0,1,654.0,-1.0,1,0,0,0,0.0,0.0,-1.0,524.0,14.5,Cold
4629,1,8,0,0,0.0,0.0,0,1,654.0,-1.0,1,0,0,0,0.0,0.0,-1.0,524.0,14.5,Cold
4628,1,8,0,0,0.0,0.0,0,1,654.0,-1.0,1,0,0,0,0.0,0.0,-1.0,524.0,14.5,Cold
4627,1,8,0,0,0.0,0.0,0,1,654.0,-1.0,3,0,0,0,0.0,0.0,0.0,524.0,14.5,Cold
4626,1,8,0,0,0.0,0.0,0,1,654.0,-1.0,3,0,0,0,0.0,0.0,0.0,525.0,14.5,Cold
4625,1,8,0,0,0.0,0.0,0,1,654.0,-1.0,1,0,0,0,0.0,0.0,-1.0,525.0,14.5,Cold
4624,1,8,0,0,0.0,0.0,0,1,654.0,-1.0,1,0,0,0,0.0,0.0,-1.0,525.0,14.5,Cold
4623,1,8,0,0,0.0,0.0,0,1,654.0,-1.0,1,0,0,0,0.0,0.0,-1.0,525.0,14.5,Cold
4622,1,8,0,0,0.0,0.0,0,1,599.0,-1.0,6,4,0,0,0.0,0.0,59.4,337.0,27.8,Warm
4621,1,8,0,0,0.0,0.0,0,1,654.0,-1.0,1,0,0,0,0.0,0.0,-1.0,525.0,14.5,Cold
4620,1,8,0,0,0.0,0.0,0,1,654.0,-1.0,7,5,0,0,0.0,0.0,49.33,338.0,28.0,Warm
4619,1,8,0,0,0.0,0.0,0,1,654.0,-1.0,6,4,0,0,0.0,0.0,59.4,337.0,27.8,Warm
4618,1,8,0,1,0.0,0.0,0,0,654.0,-1.0,12,7,0,0,0.0,0.0,37.91,217.0,36.0,Warm
4617,1,8,0,0,0.0,0.0,0,1,654.0,-1.0,3,3,0,0,0.0,0.0,10.0,613.0,22.6,Warm
4616,1,8,6,1,0.0,0.0,0,0,654.0,-1.0,16,3,0,0,0.0,0.0,38.73,52.0,28.6,Warm
4615,1,8,6,1,0.0,0.0,0,0,241.0,-1.0,11,4,0,0,0.0,0.0,45.6,171.0,31.3,Warm
4614,1,8,0,1,0.0,0.0,0,0,654.0,-1.0,12,5,3,0,0.0,0.0,34.64,252.0,27.0,Warm
4613,1,8,6,1,0.0,0.0,0,0,654.0,-1.0,12,3,1,0,0.0,0.0,41.0,190.0,27.1,Warm
4612,1,8,6,1,0.0,0.0,0,0,654.0,-1.0,17,4,0,0,0.0,0.0,36.5,57.0,31.8,Warm
4611,1,8,0,1,0.0,0.0,0,0,654.0,-1.0,8,2,0,0,0.0,0.0,56.57,245.0,23.4,Warm
4610,1,8,0,1,0.0,0.0,0,0,241.0,-1.0,17,4,3,0,0.0,0.0,27.31,196.0,26.3,Warm
4609,1,8,6,1,0.0,0.0,0,0,287.0,-1.0,17,5,0,0,0.0,0.0,33.38,100.0,32.8,Warm
4608,1,8,6,1,0.0,0.0,0,0,654.0,-1.0,11,3,0,0,0.0,0.0,58.0,43.0,28.6,Warm
4607,1,8,0,1,0.0,0.0,0,0,654.0,-1.0,10,4,1,0,0.0,0.0,43.22,245.0,26.3,Warm
4606,1,8,6,1,0.0,0.0,0,0,654.0,-1.0,17,6,1,0,0.0,0.0,36.94,43.0,34.7,Warm
4605,1,8,0,0,0.0,0.0,0,1,654.0,-1.0,2,1,1,0,0.0,0.0,1.0,651.0,16.5,Cold
4604,1,8,0,0,0.0,0.0,0,1,640.0,-1.0,3,2,2,0,0.0,0.0,12.5,618.0,20.4,Warm
4603,1,8,0,0,0.0,0.0,0,1,640.0,-1.0,4,2,1,0,0.0,0.0,10.0,613.0,20.4,Warm
4602,1,8,0,0,0.0,0.0,0,1,654.0,-1.0,1,0,0,0,0.0,0.0,-1.0,652.0,17.0,Cold
4601,1,8,0,0,0.0,0.0,0,1,590.0,-1.0,8,6,2,0,0.0,0.0,7.57,590.0,31.2,Warm
4600,1,8,0,0,0.0,0.0,0,1,575.0,-1.0,14,14,2,0,0.0,0.0,8.38,524.0,35.0,Warm
4599,1,8,0,0,0.0,0.0,0,1,644.0,-1.0,3,3,1,0,0.0,0.0,4.0,636.0,23.1,Warm
4598,1,8,6,1,0.0,0.0,0,0,176.0,-1.0,18,4,0,0,0.0,0.0,27.53,176.0,33.8,Warm
4597,1,8,0,0,0.0,0.0,0,1,644.0,-1.0,3,3,1,0,0.0,0.0,4.0,636.0,23.1,Warm
4596,1,8,0,0,0.0,0.0,0,1,644.0,-1.0,3,3,1,0,0.0,0.0,4.0,636.0,23.1,Warm
4595,1,8,0,0,0.0,0.0,0,1,644.0,-1.0,2,1,1,0,0.0,0.0,0.0,644.0,17.7,Cold
4594,1,8,6,1,0.0,0.0,0,0,654.0,-1.0,13,4,0,0,0.0,0.0,49.33,52.0,33.8,Warm
4593,1,8,0,0,0.0,0.0,0,1,654.0,-1.0,6,4,1,0,0.0,0.0,60.2,343.0,24.6,Warm
4592,2,8,0,0,0.0,0.0,0,1,359.0,-1.0,14,9,0,0,0.0,0.0,21.92,359.0,40.0,Warm
4591,1,8,0,0,0.0,0.0,0,1,644.0,-1.0,6,5,1,0,0.0,0.0,9.6,596.0,27.3,Warm
4590,1,8,0,1,0.0,0.0,0,0,296.0,-1.0,14,3,1,0,0.0,0.0,30.77,245.0,24.9,Warm
4589,1,8,0,1,0.0,0.0,0,0,287.0,-1.0,24,5,0,0,0.0,0.0,16.87,245.0,31.1,Warm
4588,1,8,0,0,0.0,0.0,0,1,654.0,-1.0,3,4,1,0,0.0,0.0,14.5,616.0,23.4,Warm
4587,1,8,0,0,0.0,0.0,0,1,645.0,-1.0,3,2,0,0,0.0,0.0,4.0,637.0,20.4,Warm
4586,1,8,6,1,0.0,0.0,0,0,217.0,-1.0,21,5,0,0,0.0,0.0,22.75,190.0,34.1,Warm
4584,1,8,0,0,0.0,0.0,0,1,654.0,-1.0,7,3,0,0,0.0,0.0,50.0,345.0,23.1,Warm
4583,1,8,0,0,0.0,0.0,0,1,645.0,-1.0,4,4,1,0,0.0,0.0,5.33,629.0,23.4,Warm
4582,1,8,0,0,0.0,0.0,0,1,645.0,-1.0,5,2,2,0,0.0,0.0,7.25,616.0,20.4,Warm
4581,1,8,6,1,0.0,0.0,0,0,329.0,-1.0,15,3,0,0,0.0,0.0,42.57,49.0,31.1,Warm
4580,1,8,0,0,0.0,0.0,0,1,645.0,-1.0,5,7,1,0,0.0,0.0,5.0,625.0,33.5,Warm
4579,1,8,6,1,0.0,0.0,0,0,190.0,-1.0,22,6,1,0,0.0,0.0,28.1,56.0,36.0,Warm
4578,1,8,6,1,0.0,0.0,0,0,204.0,-1.0,34,1,0,0,0.0,0.0,8.82,68.0,24.5,Warm
4577,1,8,6,1,0.0,0.0,0,0,273.0,-1.0,18,5,2,0,38.0,0.0,34.88,57.0,32.1,Warm
4576,1,8,0,0,0.0,0.0,0,1,598.0,-1.0,8,4,4,0,0.0,0.0,7.71,596.0,25.8,Warm
4575,1,8,0,0,0.0,0.0,0,1,654.0,-1.0,3,4,2,0,0.0,0.0,17.0,616.0,23.4,Warm
4574,2,8,0,1,0.0,0.0,0,0,242.0,-1.0,18,7,3,0,0.0,0.0,26.29,203.0,34.3,Warm
4573,1,8,6,1,0.0,0.0,0,0,217.0,-1.0,24,2,0,0,42.0,0.0,12.65,68.0,26.0,Warm
4572,1,8,0,0,0.0,0.0,0,1,654.0,-1.0,3,3,1,0,0.0,0.0,7.5,636.0,23.1,Warm
4571,1,8,6,1,0.0,0.0,0,0,278.0,-1.0,16,5,1,0,132.0,0.0,40.47,44.0,32.1,Warm
4570,1,8,0,0,0.0,0.0,0,1,598.0,-1.0,6,3,2,0,0.0,0.0,10.6,598.0,23.1,Warm
4569,1,8,0,0,0.0,0.0,0,1,654.0,-1.0,3,2,2,0,0.0,0.0,6.5,639.0,20.4,Warm
4568,2,8,0,1,0.0,0.0,0,0,353.0,-1.0,14,4,2,0,0.0,0.0,30.69,252.0,30.6,Warm
4567,1,8,0,0,0.0,0.0,0,1,599.0,-1.0,5,3,2,0,0.0,0.0,16.0,588.0,23.1,Warm
4566,1,8,0,0,0.0,0.0,0,1,654.0,-1.0,4,4,2,0,0.0,0.0,13.0,613.0,25.8,Warm
4565,1,8,0,0,0.0,0.0,0,1,654.0,-1.0,3,2,2,0,0.0,0.0,17.5,617.0,20.4,Warm
4564,2,8,0,0,0.0,0.0,0,1,598.0,-1.0,9,9,3,0,0.0,0.0,15.88,525.0,38.0,Warm
4563,1,8,6,1,0.0,0.0,0,0,213.0,-1.0,31,5,0,0,63.0,0.0,10.23,52.0,30.5,Warm
4562,1,8,0,0,0.0,0.0,0,1,654.0,-1.0,4,1,2,0,0.0,0.0,15.67,597.0,15.7,Cold
4561,1,8,0,0,0.0,0.0,0,1,644.0,-1.0,3,6,3,0,0.0,0.0,6.0,632.0,26.8,Warm
4560,1,8,0,0,0.0,0.0,0,1,644.0,-1.0,4,4,2,0,0.0,0.0,3.67,633.0,25.8,Warm
4559,1,8,0,0,0.0,0.0,0,1,644.0,-1.0,4,2,2,0,0.0,0.0,3.67,633.0,20.4,Warm
4558,1,8,0,0,0.0,0.0,0,1,644.0,-1.0,5,0,0,0,0.0,0.0,3.5,630.0,17.0,Cold
4557,1,8,0,0,0.0,0.0,0,1,644.0,-1.0,2,1,1,0,0.0,0.0,0.0,644.0,17.7,Cold
4556,1,8,0,0,0.0,0.0,0,1,644.0,-1.0,4,1,1,0,0.0,0.0,6.33,625.0,17.7,Cold
4555,1,8,0,0,0.0,0.0,0,1,644.0,-1.0,3,1,1,0,0.0,0.0,5.5,633.0,17.7,Cold
4554,1,8,0,0,0.0,0.0,0,1,644.0,-1.0,3,1,1,0,0.0,0.0,5.5,633.0,17.7,Cold
4553,1,8,0,0,0.0,0.0,0,1,644.0,-1.0,6,2,2,0,0.0,0.0,8.2,603.0,17.2,Cold
4552,1,8,0,0,0.0,0.0,0,1,654.0,-1.0,4,1,1,0,0.0,0.0,6.33,625.0,17.7,Cold
4551,1,8,0,0,0.0,0.0,0,1,654.0,-1.0,8,2,5,0,0.0,0.0,4.29,614.0,18.4,Cold
4550,1,8,0,0,0.0,0.0,0,1,644.0,-1.0,3,2,2,0,0.0,0.0,5.5,633.0,20.4,Warm
4549,1,8,0,0,0.0,0.0,0,1,644.0,-1.0,3,5,1,0,0.0,0.0,5.5,633.0,28.5,Warm
4548,1,8,0,0,0.0,0.0,0,1,615.0,-1.0,4,3,4,0,0.0,0.0,13.67,603.0,19.1,Cold
4547,1,8,0,0,0.0,0.0,0,1,644.0,-1.0,3,1,1,0,0.0,0.0,5.5,633.0,17.7,Cold
4546,1,8,0,0,0.0,0.0,0,1,654.0,-1.0,5,0,1,0,0.0,0.0,6.75,617.0,15.0,Cold
4545,2,8,0,1,0.0,0.0,0,0,306.0,-1.0,20,10,2,0,0.0,0.0,21.26,240.0,34.6,Warm
4544,1,8,0,0,0.0,0.0,0,1,654.0,-1.0,2,1,1,0,0.0,0.0,11.0,633.0,17.7,Cold
4543,1,8,0,0,0.0,0.0,0,1,643.0,-1.0,3,1,1,0,0.0,0.0,6.0,632.0,17.7,Cold
4542,1,8,0,0,0.0,0.0,0,1,654.0,-1.0,2,1,1,0,0.0,0.0,11.0,633.0,17.7,Cold
4541,1,8,0,0,0.0,0.0,0,1,643.0,-1.0,4,3,3,0,0.0,0.0,4.0,632.0,23.1,Warm
4540,1,8,0,0,0.0,0.0,0,1,654.0,-1.0,2,1,1,0,0.0,0.0,11.0,633.0,17.7,Cold
4539,1,8,0,0,0.0,0.0,0,1,643.0,-1.0,4,1,1,0,0.0,0.0,3.67,632.0,16.5,Cold
4538,1,8,0,0,0.0,0.0,0,1,643.0,-1.0,3,0,0,0,0.0,0.0,5.5,632.0,17.0,Cold
4537,1,8,6,1,0.0,0.0,0,0,654.0,-1.0,14,2,1,0,0.0,0.0,48.23,16.0,24.4,Warm
4536,1,8,0,0,0.0,0.0,0,1,643.0,-1.0,3,1,1,0,0.0,0.0,5.5,632.0,17.7,Cold
4535,1,8,0,0,0.0,0.0,0,1,643.0,-1.0,3,3,2,0,0.0,0.0,5.5,632.0,23.1,Warm
4534,1,8,6,1,0.0,0.0,0,0,178.0,-1.0,22,3,2,0,0.0,0.0,22.14,178.0,25.9,Warm
4533,1,8,6,1,0.0,0.0,0,0,156.0,-1.0,32,5,1,0,124.0,0.0,16.65,127.0,30.9,Warm
4532,1,8,0,0,0.0,0.0,0,1,654.0,-1.0,5,1,2,0,0.0,0.0,6.5,617.0,15.7,Cold
4531,1,8,6,1,0.0,0.0,0,0,217.0,-1.0,29,7,3,0,0.0,0.0,18.64,121.0,31.9,Warm
4530,1,8,0,0,0.0,0.0,0,1,643.0,-1.0,3,2,2,0,0.0,0.0,5.0,633.0,20.4,Warm
4529,1,8,0,0,0.0,0.0,0,1,654.0,-1.0,4,0,3,0,0.0,0.0,15.33,597.0,13.0,Cold
4528,1,8,0,0,0.0,0.0,0,1,643.0,-1.0,4,3,3,0,0.0,0.0,3.33,633.0,21.9,Warm
4527,1,8,0,0,0.0,0.0,0,1,654.0,-1.0,2,0,0,0,0.0,0.0,10.0,633.0,14.5,Cold
4526,1,8,0,0,0.0,0.0,0,1,643.0,-1.0,3,6,2,0,0.0,0.0,5.0,633.0,31.2,Warm
4525,1,8,0,0,0.0,0.0,0,1,643.0,-1.0,4,1,1,0,0.0,0.0,9.0,616.0,17.7,Cold
4524,1,8,0,0,0.0,0.0,0,1,654.0,-1.0,6,0,1,0,0.0,0.0,6.8,609.0,12.5,Cold
4523,1,8,0,0,0.0,0.0,0,1,654.0,-1.0,3,0,1,0,0.0,0.0,9.0,625.0,15.0,Cold
4522,1,8,0,0,0.0,0.0,0,1,654.0,-1.0,3,0,1,0,0.0,0.0,12.5,617.0,15.0,Cold
4521,2,8,0,1,0.0,0.0,0,0,304.0,-1.0,24,4,3,0,0.0,0.0,16.96,252.0,26.2,Warm
4520,1,8,0,0,0.0,0.0,0,1,654.0,-1.0,4,0,1,0,0.0,0.0,15.0,597.0,13.0,Cold
4519,1,8,0,0,0.0,0.0,0,1,642.0,-1.0,4,1,2,0,0.0,0.0,6.33,623.0,15.7,Cold
4518,1,8,0,0,0.0,0.0,0,1,642.0,-1.0,3,2,2,0,0.0,0.0,5.0,632.0,19.2,Cold
4517,2,8,0,0,0.0,0.0,0,1,615.0,-1.0,9,5,2,0,0.0,0.0,23.38,455.0,30.3,Warm
4516,1,8,0,0,0.0,0.0,0,1,615.0,-1.0,5,3,2,0,0.0,0.0,11.25,597.0,21.1,Warm
4515,1,8,0,0,0.0,0.0,0,1,642.0,-1.0,3,1,1,0,0.0,0.0,5.0,632.0,17.7,Cold
4514,1,8,0,0,0.0,0.0,0,1,642.0,-1.0,3,2,1,0,0.0,0.0,5.0,632.0,20.4,Warm
4513,1,8,0,0,0.0,0.0,0,1,642.0,-1.0,3,2,2,0,0.0,0.0,5.0,632.0,20.4,Warm
4512,1,8,0,0,0.0,0.0,0,1,615.0,-1.0,6,0,1,0,0.0,0.0,7.8,603.0,15.0,Cold
4511,1,8,0,0,0.0,0.0,0,1,615.0,-1.0,4,1,1,0,0.0,0.0,9.0,615.0,17.7,Cold
4510,1,8,0,0,0.0,0.0,0,1,654.0,-1.0,1,1,1,0,0.0,0.0,-1.0,640.0,17.7,Cold
4509,1,8,0,0,0.0,0.0,0,1,654.0,-1.0,4,0,1,0,0.0,0.0,8.67,614.0,12.5,Cold
4508,1,8,0,0,0.0,0.0,0,1,654.0,-1.0,2,3,3,0,0.0,0.0,10.0,630.0,18.7,Cold
4507,1,8,0,0,0.0,0.0,0,1,615.0,-1.0,5,3,2,0,0.0,0.0,7.25,611.0,21.9,Warm
4506,1,8,0,0,0.0,0.0,0,1,654.0,-1.0,5,0,0,0,0.0,0.0,9.25,603.0,14.5,Cold
4505,1,8,0,0,0.0,0.0,0,1,654.0,-1.0,3,4,2,0,0.0,0.0,6.0,628.0,23.4,Warm
4504,1,8,0,0,0.0,0.0,0,1,654.0,-1.0,1,1,1,0,0.0,0.0,-1.0,652.0,16.5,Cold
4503,1,8,6,1,0.0,0.0,0,0,353.0,-1.0,22,3,0,0,0.0,0.0,29.71,16.0,32.9,Warm
4502,1,8,0,0,0.0,0.0,0,1,615.0,-1.0,7,3,2,0,0.0,0.0,50.67,335.0,21.9,Warm
4501,1,8,0,0,0.0,0.0,0,1,654.0,-1.0,2,4,2,0,0.0,0.0,0.0,639.0,25.8,Warm
4500,1,8,0,0,0.0,0.0,0,1,654.0,-1.0,2,2,1,0,0.0,0.0,11.0,628.0,19.2,Cold
4499,1,8,0,0,0.0,0.0,0,1,654.0,-1.0,1,1,1,0,0.0,0.0,-1.0,639.0,17.7,Cold
4498,1,8,6,1,0.0,0.0,0,0,654.0,-1.0,7,1,1,0,0.0,0.0,105.5,6.0,23.7,Warm
4497,1,8,0,0,0.0,0.0,0,1,654.0,-1.0,1,3,1,0,0.0,0.0,-1.0,639.0,23.1,Warm
4496,1,8,0,0,0.0,0.0,0,1,654.0,-1.0,2,1,2,0,0.0,0.0,10.0,629.0,15.7,Cold
4495,1,8,0,0,0.0,0.0,0,1,654.0,-1.0,2,2,1,0,0.0,0.0,11.0,628.0,19.2,Cold
4494,1,8,6,1,0.0,0.0,0,0,211.0,-1.0,22,2,2,0,0.0,0.0,30.33,2.0,24.4,Warm
4493,1,8,0,1,0.0,0.0,0,0,654.0,-1.0,10,1,1,0,0.0,0.0,43.0,252.0,20.7,Warm
4492,1,8,0,0,0.0,0.0,0,1,654.0,-1.0,2,1,1,0,0.0,0.0,9.0,630.0,17.7,Cold
4491,1,8,0,0,0.0,0.0,0,1,654.0,-1.0,3,0,1,0,0.0,0.0,11.5,616.0,15.0,Cold
4490,1,8,0,0,0.0,0.0,0,1,654.0,-1.0,5,0,3,0,0.0,0.0,9.0,603.0,10.5,Cold
4489,1,8,0,0,0.0,0.0,0,1,654.0,-1.0,1,1,1,0,0.0,0.0,-1.0,639.0,17.7,Cold
4488,1,8,0,0,0.0,0.0,0,1,654.0,-1.0,1,2,1,0,0.0,0.0,-1.0,638.0,20.4,Warm
4487,1,8,6,1,0.0,0.0,0,0,179.0,-1.0,18,7,1,0,0.0,0.0,36.24,23.0,32.7,Warm
4485,1,8,6,0,0.0,0.0,0,1,654.0,-1.0,18,2,3,0,0.0,0.0,33.88,63.0,22.2,Warm
4484,1,8,0,0,0.0,0.0,0,1,654.0,-1.0,6,1,0,0,0.0,0.0,63.2,323.0,19.7,Cold
4483,1,8,0,0,0.0,0.0,0,1,654.0,-1.0,2,1,1,0,0.0,0.0,9.0,630.0,17.7,Cold
4482,1,8,0,0,0.0,0.0,0,1,654.0,-1.0,1,1,1,0,0.0,0.0,-1.0,639.0,17.7,Cold
4481,1,8,0,0,0.0,0.0,0,1,654.0,-1.0,1,2,1,0,0.0,0.0,-1.0,639.0,20.4,Warm
4480,1,8,0,0,0.0,0.0,0,1,654.0,-1.0,4,0,3,0,0.0,0.0,9.33,611.0,15.0,Cold
4479,1,8,0,0,0.0,0.0,0,1,654.0,-1.0,1,0,0,0,0.0,0.0,-1.0,637.0,17.0,Cold
4478,1,8,0,0,0.0,0.0,0,1,654.0,-1.0,1,3,1,0,0.0,0.0,-1.0,639.0,19.5,Cold
4477,1,8,6,1,0.0,0.0,0,0,213.0,-1.0,17,5,2,0,0.0,0.0,35.56,70.0,28.9,Warm
4476,1,8,0,0,0.0,0.0,0,1,654.0,-1.0,2,1,0,0,0.0,0.0,9.0,630.0,19.7,Cold
4475,1,8,0,0,0.0,0.0,0,1,654.0,-1.0,3,0,1,0,0.0,0.0,11.5,616.0,15.0,Cold
4474,1,8,0,0,0.0,0.0,0,1,654.0,-1.0,3,0,1,0,0.0,0.0,11.5,616.0,12.5,Cold
4473,1,8,0,0,0.0,0.0,0,1,654.0,-1.0,1,1,1,0,0.0,0.0,-1.0,638.0,17.7,Cold
4472,1,8,0,0,0.0,0.0,0,1,654.0,-1.0,2,2,2,0,0.0,0.0,0.0,639.0,20.4,Warm
4471,1,8,0,0,0.0,0.0,0,1,654.0,-1.0,3,0,0,0,0.0,0.0,11.0,617.0,14.5,Cold
4470,1,8,0,0,0.0,0.0,0,1,654.0,-1.0,3,1,2,0,0.0,0.0,10.5,617.0,15.7,Cold
4469,1,8,0,0,0.0,0.0,0,1,654.0,-1.0,1,1,1,0,0.0,0.0,-1.0,638.0,17.7,Cold
4468,1,8,0,0,0.0,0.0,0,1,654.0,-1.0,4,0,0,0,0.0,0.0,9.33,610.0,17.0,Cold
4467,1,8,0,0,0.0,0.0,0,1,654.0,-1.0,3,1,2,0,0.0,0.0,11.0,616.0,15.7,Cold
4466,1,8,6,1,0.0,0.0,0,0,227.0,-1.0,15,5,3,0,0.0,0.0,38.36,101.0,28.9,Warm
4465,1,8,0,0,0.0,0.0,0,1,654.0,-1.0,1,1,1,0,0.0,0.0,-1.0,638.0,17.7,Cold
4464,1,8,0,0,0.0,0.0,0,1,654.0,-1.0,2,0,2,0,0.0,0.0,15.0,623.0,10.5,Cold
4463,1,8,0,0,0.0,0.0,0,1,654.0,-1.0,2,0,0,0,0.0,0.0,9.0,629.0,14.5,Cold
4462,1,8,0,0,0.0,0.0,0,1,654.0,-1.0,3,0,1,0,0.0,0.0,10.5,617.0,15.0,Cold
4461,1,8,0,0,0.0,0.0,0,1,654.0,-1.0,5,0,2,0,0.0,0.0,5.5,616.0,15.0,Cold
4460,1,8,0,0,0.0,0.0,0,1,654.0,-1.0,1,1,1,0,0.0,0.0,-1.0,638.0,17.7,Cold
4459,1,8,0,0,0.0,0.0,0,1,654.0,-1.0,4,1,2,0,0.0,0.0,11.67,603.0,15.7,Cold
4458,1,8,6,1,0.0,0.0,0,0,179.0,-1.0,32,5,1,0,0.0,0.0,19.84,23.0,29.7,Warm
4457,1,8,0,0,0.0,0.0,0,1,654.0,-1.0,2,1,2,0,0.0,0.0,8.0,630.0,15.7,Cold
4456,1,8,0,0,0.0,0.0,0,1,654.0,-1.0,1,2,1,0,0.0,0.0,-1.0,638.0,20.4,Warm
4455,1,8,0,0,0.0,0.0,0,1,654.0,-1.0,2,2,2,0,0.0,0.0,0.0,638.0,20.4,Warm
4454,1,8,0,0,0.0,0.0,0,1,654.0,-1.0,2,2,2,0,0.0,0.0,13.0,625.0,18.0,Cold
4453,1,8,0,0,0.0,0.0,0,1,615.0,-1.0,4,0,0,0,0.0,0.0,9.33,610.0,17.0,Cold
4452,1,8,0,0,0.0,0.0,0,1,654.0,-1.0,1,0,0,0,0.0,0.0,-1.0,638.0,17.0,Cold
4451,1,8,0,0,0.0,0.0,0,1,654.0,-1.0,1,2,1,0,0.0,0.0,-1.0,638.0,20.4,Warm
4450,1,8,6,1,0.0,0.0,0,0,217.0,-1.0,22,3,1,0,0.0,0.0,21.38,189.0,26.7,Warm
4449,1,8,0,0,0.0,0.0,0,1,654.0,-1.0,1,3,1,0,0.0,0.0,-1.0,638.0,23.1,Warm
4448,1,8,0,0,0.0,0.0,0,1,654.0,-1.0,1,1,1,0,0.0,0.0,-1.0,638.0,17.7,Cold
4447,1,8,0,0,0.0,0.0,0,1,654.0,-1.0,1,3,1,0,0.0,0.0,-1.0,638.0,23.1,Warm
4446,1,8,0,0,0.0,0.0,0,1,654.0,-1.0,2,2,0,0,0.0,0.0,9.0,628.0,21.2,Warm
4445,1,8,0,0,0.0,0.0,0,1,654.0,-1.0,1,3,1,0,0.0,0.0,-1.0,638.0,23.1,Warm
4444,1,8,0,0,0.0,0.0,0,1,615.0,-1.0,5,1,2,0,0.0,0.0,7.0,610.0,15.7,Cold
4443,1,8,0,0,0.0,0.0,0,1,654.0,-1.0,2,2,2,0,0.0,0.0,10.0,628.0,17.2,Cold
4442,1,8,0,0,0.0,0.0,0,1,654.0,-1.0,3,3,3,0,0.0,0.0,6.5,625.0,19.5,Cold
4441,1,8,0,0,0.0,0.0,0,1,654.0,-1.0,2,1,1,0,0.0,0.0,10.0,628.0,17.7,Cold
4440,1,8,0,0,0.0,0.0,0,1,654.0,-1.0,1,1,1,0,0.0,0.0,-1.0,637.0,17.7,Cold
4439,1,8,6,1,0.0,0.0,0,0,190.0,-1.0,20,1,0,0,65.0,0.0,30.21,63.0,25.7,Warm
4438,1,8,0,0,0.0,0.0,0,1,654.0,-1.0,1,0,0,0,0.0,0.0,-1.0,637.0,17.0,Cold
4437,1,8,6,1,0.0,0.0,0,0,231.0,-1.0,20,4,2,0,0.0,0.0,29.95,68.0,26.2,Warm
4436,1,8,0,0,0.0,0.0,0,1,654.0,-1.0,1,2,1,0,0.0,0.0,-1.0,637.0,20.4,Warm
4435,1,8,0,0,0.0,0.0,0,1,654.0,-1.0,1,1,1,0,0.0,0.0,-1.0,637.0,15.7,Cold
4434,1,8,0,0,0.0,0.0,0,1,654.0,-1.0,3,1,0,0,0.0,0.0,4.0,629.0,19.7,Cold
4433,1,8,0,0,0.0,0.0,0,1,654.0,-1.0,4,0,0,0,0.0,0.0,6.67,617.0,14.5,Cold
4432,1,8,0,0,0.0,0.0,0,1,654.0,-1.0,2,1,1,0,0.0,0.0,12.0,625.0,16.5,Cold
4431,1,8,6,1,0.0,0.0,0,0,231.0,-1.0,20,4,1,0,0.0,0.0,33.0,10.0,28.2,Warm
4430,1,8,6,1,0.0,0.0,0,0,190.0,-1.0,28,3,2,0,0.0,0.0,23.37,6.0,28.9,Warm
4429,1,8,0,0,0.0,0.0,0,1,654.0,-1.0,2,2,1,0,0.0,0.0,11.0,626.0,19.2,Cold
4428,1,8,0,0,0.0,0.0,0,1,654.0,-1.0,2,3,2,0,0.0,0.0,11.0,626.0,20.7,Warm
4427,1,8,0,0,0.0,0.0,0,1,654.0,-1.0,4,1,2,0,0.0,0.0,13.33,597.0,15.7,Cold
4426,1,8,0,0,0.0,0.0,0,1,654.0,-1.0,3,0,0,0,0.0,0.0,20.0,597.0,17.0,Cold
4425,1,8,0,0,0.0,0.0,0,1,654.0,-1.0,2,1,1,0,0.0,0.0,11.0,626.0,17.7,Cold
4424,1,8,0,0,0.0,0.0,0,1,654.0,-1.0,1,1,1,0,0.0,0.0,-1.0,637.0,17.7,Cold
4423,1,8,0,0,0.0,0.0,0,1,654.0,-1.0,2,0,0,0,0.0,0.0,8.0,629.0,17.0,Cold
4422,1,8,0,0,0.0,0.0,0,1,654.0,-1.0,1,1,1,0,0.0,0.0,-1.0,637.0,17.7,Cold
4421,1,8,0,0,0.0,0.0,0,1,654.0,-1.0,4,2,2,0,0.0,0.0,13.33,597.0,18.4,Cold
4420,1,8,0,1,0.0,0.0,0,0,654.0,-1.0,5,1,1,0,0.0,0.0,69.0,360.0,18.2,Cold
4419,1,8,0,0,0.0,0.0,0,1,615.0,-1.0,3,2,2,0,0.0,0.0,16.5,603.0,20.4,Warm
4418,1,8,6,1,0.0,0.0,0,0,248.0,-1.0,16,8,4,0,97.0,0.0,30.93,172.0,36.6,Warm
4417,1,8,0,0,0.0,0.0,0,1,615.0,-1.0,4,5,2,0,0.0,0.0,8.33,611.0,26.1,Warm
4416,1,8,0,0,0.0,0.0,0,1,615.0,-1.0,4,5,1,0,0.0,0.0,11.0,603.0,28.5,Warm
4415,1,8,0,0,0.0,0.0,0,1,645.0,-1.0,3,1,1,0,0.0,0.0,5.0,635.0,17.7,Cold
4414,1,8,0,0,0.0,0.0,0,1,654.0,-1.0,3,0,0,0,0.0,0.0,10.0,625.0,15.0,Cold
4413,1,8,0,0,0.0,0.0,0,1,654.0,-1.0,6,1,2,0,0.0,0.0,8.4,603.0,15.7,Cold
4412,1,8,0,0,0.0,0.0,0,1,645.0,-1.0,3,2,0,0,0.0,0.0,5.0,635.0,22.4,Warm
4411,1,8,0,0,0.0,0.0,0,1,654.0,-1.0,2,3,1,0,0.0,0.0,10.0,635.0,23.1,Warm
4410,1,8,0,0,0.0,0.0,0,1,645.0,-1.0,3,0,0,0,0.0,0.0,5.0,635.0,15.0,Cold
4409,1,8,0,0,0.0,0.0,0,1,615.0,-1.0,4,3,1,0,0.0,0.0,11.67,610.0,23.1,Warm
4408,1,8,0,0,0.0,0.0,0,1,645.0,-1.0,3,1,0,0,0.0,0.0,5.0,635.0,19.7,Cold
4407,1,8,0,0,0.0,0.0,0,1,645.0,-1.0,3,6,2,0,0.0,0.0,5.0,635.0,31.2,Warm
4406,1,8,0,0,0.0,0.0,0,1,645.0,-1.0,3,1,1,0,0.0,0.0,5.0,635.0,17.7,Cold
4405,1,8,0,0,0.0,0.0,0,1,654.0,-1.0,3,1,1,0,0.0,0.0,9.5,626.0,17.7,Cold
4404,1,8,6,1,0.0,0.0,0,0,269.0,-1.0,11,1,1,0,0.0,0.0,45.5,190.0,23.7,Warm
4403,1,8,0,0,0.0,0.0,0,1,654.0,-1.0,3,1,2,0,0.0,0.0,9.5,626.0,15.7,Cold
4402,1,8,0,0,0.0,0.0,0,1,645.0,-1.0,3,0,0,0,0.0,0.0,6.5,632.0,17.0,Cold
4401,1,8,0,0,0.0,0.0,0,1,615.0,-1.0,4,1,1,0,0.0,0.0,11.67,610.0,17.7,Cold
4400,1,8,0,0,0.0,0.0,0,1,654.0,-1.0,1,1,1,0,0.0,0.0,-1.0,645.0,15.7,Cold
4399,1,8,0,0,0.0,0.0,0,1,654.0,-1.0,6,0,3,0,0.0,0.0,5.8,616.0,13.0,Cold
4398,1,8,0,0,0.0,0.0,0,1,615.0,-1.0,4,4,2,0,0.0,0.0,14.0,603.0,25.8,Warm
4397,2,8,0,1,0.0,0.0,0,0,178.0,-1.0,29,4,0,0,0.0,0.0,16.68,178.0,31.4,Warm
4396,1,8,0,0,0.0,0.0,0,1,645.0,-1.0,3,4,0,0,0.0,0.0,0.0,645.0,25.8,Warm
4395,1,8,6,1,0.0,0.0,0,0,241.0,-1.0,16,1,2,0,0.0,0.0,39.6,51.0,21.7,Warm
4394,1,8,0,0,0.0,0.0,0,1,654.0,-1.0,2,0,0,0,0.0,0.0,12.0,633.0,15.0,Cold
4393,1,8,0,0,0.0,0.0,0,1,654.0,-1.0,2,0,1,0,0.0,0.0,10.0,635.0,15.0,Cold
4392,1,8,0,0,0.0,0.0,0,1,645.0,-1.0,3,3,2,0,0.0,0.0,5.0,635.0,21.9,Warm
4391,1,8,0,0,0.0,0.0,0,1,615.0,-1.0,3,1,2,0,0.0,0.0,18.0,609.0,15.7,Cold
4390,1,8,0,0,0.0,0.0,0,1,654.0,-1.0,2,0,0,0,0.0,0.0,10.0,635.0,17.0,Cold
4389,1,8,0,0,0.0,0.0,0,1,645.0,-1.0,2,2,1,0,0.0,0.0,0.0,645.0,18.4,Cold
4388,1,8,0,0,0.0,0.0,0,1,654.0,-1.0,3,0,0,0,0.0,0.0,9.5,626.0,14.5,Cold
4387,1,8,0,0,0.0,0.0,0,1,645.0,-1.0,3,6,2,0,0.0,0.0,5.0,635.0,31.2,Warm
4386,1,8,6,1,0.0,0.0,0,0,654.0,-1.0,17,1,2,0,0.0,0.0,40.25,2.0,23.7,Warm
4385,1,8,0,0,0.0,0.0,0,1,615.0,-1.0,4,3,2,0,0.0,0.0,14.33,603.0,21.1,Warm
4384,1,8,0,0,0.0,0.0,0,1,654.0,-1.0,1,2,0,0,0.0,0.0,-1.0,646.0,20.4,Warm
4383,1,8,0,0,0.0,0.0,0,1,615.0,-1.0,5,2,2,0,0.0,0.0,10.75,603.0,20.4,Warm
4382,1,8,0,0,0.0,0.0,0,1,615.0,-1.0,4,2,1,0,0.0,0.0,14.33,603.0,20.4,Warm
4381,1,8,0,0,0.0,0.0,0,1,615.0,-1.0,6,5,4,0,0.0,0.0,11.8,587.0,25.3,Warm
4380,1,8,0,0,0.0,0.0,0,1,654.0,-1.0,2,1,1,0,0.0,0.0,10.0,636.0,17.7,Cold
4379,1,8,0,0,0.0,0.0,0,1,654.0,-1.0,3,2,1,0,0.0,0.0,11.5,623.0,19.2,Cold
4378,1,8,0,0,0.0,0.0,0,1,654.0,-1.0,3,1,1,0,0.0,0.0,10.5,625.0,17.7,Cold
4377,1,8,0,0,0.0,0.0,0,1,654.0,-1.0,5,0,0,0,0.0,0.0,5.75,623.0,17.0,Cold
4376,1,8,6,1,0.0,0.0,0,0,352.0,-1.0,18,2,0,0,53.0,0.0,35.35,49.0,30.2,Warm
4375,1,8,0,0,0.0,0.0,0,1,590.0,-1.0,11,3,1,0,0.0,0.0,34.7,303.0,23.1,Warm
4374,1,8,0,0,0.0,0.0,0,1,654.0,-1.0,2,1,1,0,0.0,0.0,14.0,636.0,17.7,Cold
4373,1,8,0,0,0.0,0.0,0,1,595.0,-1.0,13,8,7,0,0.0,0.0,7.33,562.0,35.0,Warm
4372,1,8,0,0,0.0,0.0,0,1,615.0,-1.0,7,2,3,0,0.0,0.0,51.17,343.0,18.4,Cold
4371,1,8,0,0,0.0,0.0,0,1,654.0,-1.0,3,3,3,0,0.0,0.0,11.0,628.0,20.7,Warm
4370,1,8,0,0,0.0,0.0,0,1,654.0,-1.0,3,6,0,0,0.0,0.0,9.0,632.0,28.4,Warm
4369,1,8,0,0,0.0,0.0,0,1,654.0,-1.0,4,3,1,0,0.0,0.0,5.0,635.0,21.9,Warm
4368,1,8,0,0,0.0,0.0,0,1,654.0,-1.0,3,3,3,0,0.0,0.0,3.0,644.0,20.7,Warm
4367,1,8,0,0,0.0,0.0,0,1,595.0,-1.0,9,7,3,0,0.0,0.0,11.0,562.0,31.5,Warm
4366,1,8,0,0,0.0,0.0,0,1,654.0,-1.0,1,1,1,0,0.0,0.0,-1.0,650.0,13.7,Cold
4365,1,8,0,0,0.0,0.0,0,1,654.0,-1.0,1,0,0,0,0.0,0.0,-1.0,650.0,13.0,Cold
4364,1,8,6,1,0.0,0.0,0,0,271.0,-1.0,18,4,1,0,0.0,0.0,33.82,75.0,29.4,Warm
4363,1,8,0,0,0.0,0.0,0,1,644.0,-1.0,4,3,3,0,0.0,0.0,5.33,635.0,21.9,Warm
4362,1,8,0,0,0.0,0.0,0,1,654.0,-1.0,2,2,2,0,0.0,0.0,21.0,630.0,19.2,Cold
4361,2,8,0,0,500.0,100.0,1,1,644.0,-1.0,6,3,4,0,0.0,100.0,3.4,635.0,25.1,Warm
4360,1,8,6,1,0.0,0.0,0,0,179.0,-1.0,24,6,0,0,0.0,0.0,25.61,63.0,38.0,Warm
4359,1,8,6,1,0.0,0.0,0,0,656.0,-1.0,2,0,0,0,0.0,0.0,119.0,189.0,21.0,Warm
4358,1,8,0,1,0.0,0.0,0,0,656.0,-1.0,1,0,0,0,0.0,0.0,-1.0,238.0,15.5,Cold
4357,1,8,0,1,0.0,0.0,0,0,656.0,-1.0,1,0,0,0,0.0,0.0,-1.0,238.0,15.5,Cold
4354,1,8,6,1,0.0,0.0,0,0,656.0,-1.0,1,0,1,0,0.0,0.0,-1.0,55.0,17.0,Cold
4353,1,8,0,1,0.0,0.0,0,0,656.0,-1.0,1,0,1,0,0.0,0.0,-1.0,227.0,13.5,Cold
4352,1,8,0,1,0.0,0.0,0,0,408.0,-1.0,2,0,0,0,0.0,0.0,0.0,408.0,20.0,Cold
4351,1,8,0,1,0.0,0.0,0,0,656.0,-1.0,3,0,1,0,0.0,0.0,28.5,280.0,18.0,Cold
4350,1,8,0,1,0.0,0.0,0,0,656.0,-1.0,1,0,0,0,0.0,0.0,-1.0,238.0,18.0,Cold
4349,1,8,0,1,0.0,0.0,0,0,656.0,-1.0,1,1,1,0,0.0,0.0,-1.0,238.0,17.5,Cold
4346,1,8,6,1,0.0,0.0,0,0,656.0,-1.0,2,0,0,0,0.0,0.0,152.0,185.0,19.0,Cold
4345,1,8,0,1,0.0,0.0,0,0,656.0,-1.0,4,0,0,0,0.0,0.0,19.33,279.0,18.5,Cold
4344,1,8,6,1,0.0,0.0,0,0,656.0,-1.0,2,0,0,0,0.0,0.0,144.0,187.0,18.5,Cold
4343,1,8,6,1,0.0,0.0,0,0,656.0,-1.0,7,0,0,0,0.0,0.0,53.83,8.0,21.0,Warm
4342,1,8,0,1,0.0,0.0,0,0,656.0,-1.0,2,0,0,0,0.0,0.0,51.0,280.0,15.5,Cold
4341,1,8,6,1,0.0,0.0,0,0,656.0,-1.0,2,0,1,0,0.0,0.0,145.0,185.0,16.5,Cold
4340,1,8,6,1,0.0,0.0,0,0,656.0,-1.0,3,0,1,0,0.0,0.0,102.0,125.0,18.5,Cold
4339,1,8,0,1,0.0,0.0,0,0,656.0,-1.0,2,1,2,0,0.0,0.0,48.0,281.0,15.5,Cold
4338,1,8,0,1,0.0,0.0,0,0,656.0,-1.0,3,0,0,0,0.0,0.0,24.0,281.0,20.0,Cold
4337,1,8,0,1,0.0,0.0,0,0,656.0,-1.0,2,0,0,0,0.0,0.0,51.0,278.0,17.5,Cold
4336,1,8,0,1,0.0,0.0,0,0,656.0,-1.0,2,0,0,0,0.0,0.0,56.0,273.0,17.5,Cold
4335,1,8,0,1,0.0,0.0,0,0,656.0,-1.0,2,0,1,0,0.0,0.0,56.0,273.0,16.0,Cold
4334,1,8,0,1,0.0,0.0,0,0,656.0,-1.0,2,0,0,0,0.0,0.0,50.0,275.0,18.0,Cold
4333,1,8,0,1,0.0,0.0,0,0,656.0,-1.0,2,0,1,0,0.0,0.0,37.0,288.0,16.0,Cold
4332,1,8,0,1,0.0,0.0,0,0,656.0,-1.0,2,0,1,0,0.0,0.0,17.0,301.0,16.0,Cold
4330,1,8,1,1,0.0,0.0,0,0,656.0,-1.0,2,1,1,0,20.0,0.0,0.0,63.0,17.5,Cold
4329,1,8,6,1,0.0,0.0,0,0,656.0,-1.0,2,0,2,0,0.0,0.0,140.0,185.0,16.5,Cold
4328,1,8,6,1,0.0,0.0,0,0,656.0,-1.0,2,0,2,0,0.0,0.0,137.0,185.0,19.0,Cold
4327,1,8,6,1,0.0,0.0,0,0,656.0,-1.0,2,0,1,0,0.0,0.0,175.0,153.0,21.0,Warm
4326,1,8,2,0,0.0,0.0,0,1,656.0,-1.0,5,3,2,0,46.0,0.0,69.75,42.0,17.7,Cold
4325,1,8,0,1,0.0,0.0,0,0,656.0,-1.0,3,1,1,0,0.0,0.0,24.0,276.0,17.5,Cold
4324,1,8,0,1,0.0,0.0,0,0,656.0,-1.0,2,0,0,0,0.0,0.0,0.0,322.0,15.5,Cold
4323,1,8,0,1,0.0,0.0,0,0,656.0,-1.0,2,1,2,0,0.0,0.0,51.0,273.0,15.5,Cold
4322,1,8,2,1,0.0,0.0,0,0,656.0,-1.0,1,0,0,0,0.0,0.0,-1.0,55.0,17.5,Cold
4321,1,8,0,1,0.0,0.0,0,0,656.0,-1.0,1,1,1,0,0.0,0.0,-1.0,227.0,17.5,Cold
4320,1,8,0,1,0.0,0.0,0,0,656.0,-1.0,1,0,1,0,0.0,0.0,-1.0,321.0,13.5,Cold
4319,1,8,0,1,0.0,0.0,0,0,656.0,-1.0,4,1,2,0,0.0,0.0,25.33,244.0,17.5,Cold
4318,1,8,0,1,0.0,0.0,0,0,656.0,-1.0,3,0,2,0,0.0,0.0,19.0,282.0,16.0,Cold
4317,1,8,0,1,0.0,0.0,0,0,656.0,-1.0,3,0,1,0,0.0,0.0,38.0,244.0,13.5,Cold
4316,1,8,0,1,0.0,0.0,0,0,656.0,-1.0,2,0,2,0,0.0,0.0,9.0,311.0,13.5,Cold
4315,1,8,2,0,0.0,0.0,0,1,656.0,-1.0,4,1,2,0,0.0,0.0,91.67,43.0,12.7,Cold
4314,1,8,0,1,0.0,0.0,0,0,656.0,-1.0,3,1,3,0,0.0,0.0,19.5,279.0,15.5,Cold
4313,1,8,0,1,0.0,0.0,0,0,656.0,-1.0,2,0,0,0,0.0,0.0,17.0,301.0,18.0,Cold
4312,1,8,0,1,0.0,0.0,0,0,656.0,-1.0,3,0,2,0,0.0,0.0,18.0,282.0,13.5,Cold
4311,1,8,0,1,0.0,0.0,0,0,656.0,-1.0,3,1,2,0,0.0,0.0,30.5,268.0,15.5,Cold
4310,1,8,0,1,0.0,0.0,0,0,656.0,-1.0,3,0,1,0,0.0,0.0,25.5,278.0,15.5,Cold
4309,1,8,6,1,0.0,0.0,0,0,656.0,-1.0,7,1,3,0,27.0,0.0,47.5,43.0,20.5,Warm
4308,1,8,0,1,0.0,0.0,0,0,656.0,-1.0,2,0,1,0,0.0,0.0,54.0,274.0,13.5,Cold
4306,1,8,6,1,0.0,0.0,0,0,656.0,-1.0,1,0,1,0,0.0,0.0,-1.0,55.0,17.0,Cold
4305,1,8,0,1,0.0,0.0,0,0,656.0,-1.0,1,0,0,0,0.0,0.0,-1.0,227.0,15.5,Cold
4304,1,8,0,1,0.0,0.0,0,0,656.0,-1.0,2,0,1,0,0.0,0.0,51.0,273.0,16.0,Cold
4303,1,8,0,1,0.0,0.0,0,0,656.0,-1.0,2,1,1,0,0.0,0.0,42.0,280.0,17.5,Cold
4302,1,8,0,1,0.0,0.0,0,0,656.0,-1.0,3,2,2,0,0.0,0.0,23.0,274.0,17.0,Cold
4301,1,8,0,1,0.0,0.0,0,0,656.0,-1.0,3,1,2,0,0.0,0.0,20.5,279.0,15.5,Cold
4299,1,8,6,1,0.0,0.0,0,0,656.0,-1.0,2,1,1,0,0.0,0.0,144.0,185.0,20.0,Cold
4298,1,8,0,1,0.0,0.0,0,0,656.0,-1.0,1,0,0,0,0.0,0.0,-1.0,328.0,15.5,Cold
4297,1,8,0,1,0.0,0.0,0,0,656.0,-1.0,3,1,3,0,0.0,0.0,24.5,278.0,15.5,Cold
4296,1,8,0,1,0.0,0.0,0,0,656.0,-1.0,2,0,1,0,0.0,0.0,53.0,274.0,13.5,Cold
4295,1,8,0,1,0.0,0.0,0,0,656.0,-1.0,2,1,2,0,0.0,0.0,43.0,282.0,15.5,Cold
4294,1,8,0,1,0.0,0.0,0,0,656.0,-1.0,3,1,0,0,0.0,0.0,24.5,275.0,19.5,Cold
4293,1,8,0,1,0.0,0.0,0,0,656.0,-1.0,4,2,0,1,204.0,0.0,66.33,125.0,28.0,Warm
4292,1,8,6,1,0.0,0.0,0,0,656.0,-1.0,2,0,1,0,0.0,0.0,137.0,187.0,19.0,Cold
4291,1,8,0,1,0.0,0.0,0,0,656.0,-1.0,2,0,0,0,0.0,0.0,33.0,290.0,18.0,Cold
4290,1,8,0,1,0.0,0.0,0,0,656.0,-1.0,2,0,1,0,0.0,0.0,23.0,300.0,16.0,Cold
4289,1,8,0,1,0.0,0.0,0,0,656.0,-1.0,2,3,1,0,0.0,0.0,27.0,296.0,20.5,Warm
4288,1,8,0,1,0.0,0.0,0,0,656.0,-1.0,3,0,2,0,0.0,0.0,23.0,274.0,16.0,Cold
4287,1,8,0,1,0.0,0.0,0,0,656.0,-1.0,3,1,2,0,0.0,0.0,21.0,280.0,15.5,Cold
4286,1,8,0,1,0.0,0.0,0,0,656.0,-1.0,1,0,0,0,0.0,0.0,-1.0,238.0,15.5,Cold
4285,1,8,2,0,0.0,0.0,0,1,656.0,-1.0,3,0,2,0,0.0,0.0,137.0,51.0,12.0,Cold
4284,1,8,0,1,0.0,0.0,0,0,656.0,-1.0,3,0,2,0,0.0,0.0,23.0,278.0,13.5,Cold
4283,1,8,0,1,0.0,0.0,0,0,656.0,-1.0,3,1,2,0,0.0,0.0,21.0,280.0,15.5,Cold
4282,1,8,6,1,0.0,0.0,0,0,656.0,-1.0,2,1,1,0,0.0,0.0,140.0,185.0,20.5,Warm
4281,1,8,0,1,0.0,0.0,0,0,656.0,-1.0,3,1,2,0,0.0,0.0,41.5,239.0,15.5,Cold
4280,1,8,6,0,0.0,0.0,0,1,656.0,-1.0,4,1,2,0,68.0,0.0,94.33,42.0,18.7,Cold
4279,1,8,0,1,0.0,0.0,0,0,656.0,-1.0,3,0,2,0,0.0,0.0,26.5,276.0,16.0,Cold
4278,1,8,0,1,0.0,0.0,0,0,656.0,-1.0,1,1,0,0,0.0,0.0,-1.0,238.0,19.5,Cold
4277,1,8,0,1,0.0,0.0,0,0,656.0,-1.0,1,1,0,0,0.0,0.0,-1.0,238.0,19.5,Cold
4276,1,8,0,1,0.0,0.0,0,0,656.0,-1.0,1,1,0,0,0.0,0.0,-1.0,238.0,19.5,Cold
4275,1,8,0,1,0.0,0.0,0,0,656.0,-1.0,3,1,3,0,0.0,0.0,21.0,282.0,15.5,Cold
4274,1,8,0,1,0.0,0.0,0,0,656.0,-1.0,2,0,1,0,0.0,0.0,29.0,293.0,16.0,Cold
4273,1,8,0,1,0.0,0.0,0,0,656.0,-1.0,3,2,2,0,0.0,0.0,16.5,295.0,19.0,Cold
4272,1,8,0,1,0.0,0.0,0,0,656.0,-1.0,2,1,2,0,0.0,0.0,45.0,280.0,15.5,Cold
4271,1,8,6,1,0.0,0.0,0,0,656.0,-1.0,11,1,3,0,0.0,0.0,31.7,5.0,18.5,Cold
4270,1,8,0,1,0.0,0.0,0,0,656.0,-1.0,1,0,1,0,0.0,0.0,-1.0,327.0,13.5,Cold
4269,1,8,0,1,0.0,0.0,0,0,656.0,-1.0,1,0,0,0,0.0,0.0,-1.0,325.0,18.0,Cold
4268,1,8,0,1,0.0,0.0,0,0,656.0,-1.0,2,0,1,0,0.0,0.0,23.0,300.0,16.0,Cold
4267,1,8,6,1,0.0,0.0,0,0,656.0,-1.0,2,0,0,0,0.0,0.0,167.0,160.0,21.0,Warm
4266,1,8,0,1,0.0,0.0,0,0,656.0,-1.0,3,0,1,0,0.0,0.0,24.0,280.0,16.0,Cold
4265,1,8,6,1,0.0,0.0,0,0,656.0,-1.0,1,0,1,0,0.0,0.0,-1.0,55.0,17.0,Cold
4264,1,8,2,0,0.0,0.0,0,1,656.0,-1.0,4,3,1,0,47.0,0.0,91.67,50.0,19.7,Cold
4263,1,8,0,1,0.0,0.0,0,0,656.0,-1.0,2,1,2,0,0.0,0.0,47.0,274.0,15.5,Cold
4262,1,8,0,1,0.0,0.0,0,0,656.0,-1.0,1,1,0,0,0.0,0.0,-1.0,238.0,19.5,Cold
4261,1,8,0,1,0.0,0.0,0,0,656.0,-1.0,1,0,0,0,0.0,0.0,-1.0,237.0,18.0,Cold
4260,1,8,6,1,0.0,0.0,0,0,656.0,-1.0,2,1,1,0,0.0,0.0,136.0,185.0,20.5,Warm
4259,1,8,2,0,0.0,0.0,0,1,656.0,-1.0,6,0,2,0,0.0,0.0,54.4,56.0,12.0,Cold
4258,1,8,2,1,0.0,0.0,0,0,656.0,-1.0,1,0,0,0,0.0,0.0,-1.0,55.0,15.0,Cold
4257,1,8,0,1,0.0,0.0,0,0,656.0,-1.0,2,1,2,0,0.0,0.0,42.0,280.0,15.5,Cold
4256,1,8,0,1,0.0,0.0,0,0,656.0,-1.0,3,0,2,0,0.0,0.0,25.0,271.0,16.0,Cold
4255,1,8,0,1,0.0,0.0,0,0,656.0,-1.0,2,2,2,0,0.0,0.0,0.0,321.0,19.0,Cold
4254,1,8,0,1,0.0,0.0,0,0,656.0,-1.0,3,2,3,0,0.0,0.0,13.0,295.0,17.0,Cold
4253,1,8,0,1,0.0,0.0,0,0,656.0,-1.0,1,1,1,0,0.0,0.0,-1.0,320.0,17.5,Cold
4252,1,8,6,1,0.0,0.0,0,0,656.0,-1.0,4,1,4,0,0.0,0.0,43.67,192.0,18.5,Cold
4251,1,8,6,0,0.0,0.0,0,1,656.0,-1.0,8,3,5,0,46.0,0.0,45.14,9.0,21.7,Warm
4250,1,8,0,1,0.0,0.0,0,0,656.0,-1.0,3,0,2,0,0.0,0.0,34.0,257.0,16.0,Cold
4249,1,8,6,0,0.0,0.0,0,1,656.0,-1.0,2,1,2,0,0.0,0.0,144.0,185.0,17.5,Cold
4248,1,8,0,1,0.0,0.0,0,0,656.0,-1.0,2,2,1,0,0.0,0.0,18.0,302.0,19.0,Cold
4247,1,8,0,1,0.0,0.0,0,0,656.0,-1.0,3,0,2,0,0.0,0.0,21.0,280.0,18.0,Cold
4246,1,8,0,1,0.0,0.0,0,0,656.0,-1.0,1,0,0,0,0.0,0.0,-1.0,237.0,18.0,Cold
4245,1,8,0,1,0.0,0.0,0,0,656.0,-1.0,1,0,0,0,0.0,0.0,-1.0,237.0,15.5,Cold
4244,1,8,0,1,0.0,0.0,0,0,656.0,-1.0,2,1,2,0,0.0,0.0,51.0,272.0,15.5,Cold
4243,1,8,6,0,0.0,0.0,0,1,656.0,-1.0,6,1,3,0,60.0,0.0,53.0,58.0,18.7,Cold
4242,1,8,0,1,0.0,0.0,0,0,656.0,-1.0,2,1,2,0,0.0,0.0,26.0,297.0,15.5,Cold
4241,1,8,6,0,0.0,0.0,0,1,656.0,-1.0,11,4,5,0,119.0,0.0,31.3,9.0,23.2,Warm
4240,1,8,0,1,0.0,0.0,0,0,656.0,-1.0,2,1,2,0,0.0,0.0,32.0,290.0,15.5,Cold
4239,1,8,0,1,0.0,0.0,0,0,656.0,-1.0,3,1,2,0,0.0,0.0,21.0,279.0,15.5,Cold
4238,1,8,0,1,0.0,0.0,0,0,656.0,-1.0,1,1,1,0,0.0,0.0,-1.0,237.0,17.5,Cold
4237,1,8,0,1,0.0,0.0,0,0,656.0,-1.0,1,0,0,0,0.0,0.0,-1.0,237.0,15.5,Cold
4236,1,8,0,1,0.0,0.0,0,0,656.0,-1.0,1,1,0,0,0.0,0.0,-1.0,323.0,19.5,Cold
4235,1,8,6,1,0.0,0.0,0,0,656.0,-1.0,5,0,2,0,98.0,0.0,67.75,51.0,21.0,Warm
4234,1,8,2,1,0.0,0.0,0,0,261.0,-1.0,6,2,2,0,20.0,0.0,56.8,44.0,21.2,Warm
4233,1,8,6,0,0.0,0.0,0,1,656.0,-1.0,6,2,5,0,0.0,0.0,53.4,56.0,16.2,Cold
4232,1,8,6,0,0.0,0.0,0,1,656.0,-1.0,3,1,2,0,0.0,0.0,140.0,45.0,15.5,Cold
4231,1,8,0,1,0.0,0.0,0,0,656.0,-1.0,3,1,2,0,0.0,0.0,28.0,268.0,15.5,Cold
4230,1,8,2,1,0.0,0.0,0,0,656.0,-1.0,6,2,3,0,45.0,0.0,53.0,56.0,20.0,Cold
4229,1,8,0,1,0.0,0.0,0,0,656.0,-1.0,1,0,1,0,0.0,0.0,-1.0,327.0,15.5,Cold
4228,1,8,6,0,0.0,0.0,0,1,656.0,-1.0,4,1,2,0,13.0,0.0,95.0,42.0,18.7,Cold
4227,1,8,0,1,0.0,0.0,0,0,656.0,-1.0,1,1,1,0,0.0,0.0,-1.0,324.0,17.5,Cold
4226,1,8,2,1,0.0,0.0,0,0,656.0,-1.0,2,1,0,0,113.0,0.0,0.0,55.0,20.5,Warm
4224,1,8,0,1,0.0,0.0,0,0,656.0,-1.0,2,1,2,0,0.0,0.0,21.0,303.0,17.5,Cold
4223,1,8,0,1,0.0,0.0,0,0,656.0,-1.0,1,1,1,0,0.0,0.0,-1.0,227.0,17.5,Cold
4222,1,8,0,1,0.0,0.0,0,0,656.0,-1.0,3,2,2,0,0.0,0.0,14.0,290.0,17.0,Cold
4221,1,8,6,1,0.0,0.0,0,0,656.0,-1.0,2,2,1,0,0.0,0.0,162.0,162.0,22.0,Warm
4220,1,8,6,1,0.0,0.0,0,0,656.0,-1.0,3,0,0,0,0.0,0.0,38.5,160.0,18.5,Cold
4219,1,8,0,1,0.0,0.0,0,0,656.0,-1.0,3,0,2,0,0.0,0.0,19.5,282.0,13.5,Cold
4218,1,8,0,1,0.0,0.0,0,0,656.0,-1.0,3,0,2,0,0.0,0.0,22.5,276.0,13.5,Cold
4217,1,8,0,1,0.0,0.0,0,0,656.0,-1.0,3,1,2,0,0.0,0.0,21.5,278.0,15.5,Cold
4216,1,8,0,1,0.0,0.0,0,0,656.0,-1.0,2,1,2,0,0.0,0.0,49.0,276.0,15.5,Cold
4215,1,8,6,1,0.0,0.0,0,0,656.0,-1.0,2,0,2,0,0.0,0.0,167.0,160.0,16.5,Cold
4214,1,8,0,1,0.0,0.0,0,0,656.0,-1.0,3,1,3,0,0.0,0.0,14.0,300.0,15.5,Cold
4213,1,8,2,0,0.0,0.0,0,1,656.0,-1.0,4,1,1,0,66.0,0.0,89.33,55.0,16.7,Cold
4212,1,8,0,1,0.0,0.0,0,0,656.0,-1.0,1,1,1,0,0.0,0.0,-1.0,322.0,17.5,Cold
4211,1,8,0,1,0.0,0.0,0,0,656.0,-1.0,3,0,2,0,0.0,0.0,26.5,275.0,18.0,Cold
4210,1,8,0,1,0.0,0.0,0,0,656.0,-1.0,1,0,0,0,0.0,0.0,-1.0,328.0,15.5,Cold
4209,1,8,0,1,0.0,0.0,0,0,656.0,-1.0,1,1,1,0,0.0,0.0,-1.0,322.0,17.5,Cold
4208,1,8,2,0,0.0,0.0,0,1,328.0,-1.0,5,2,2,0,45.0,0.0,70.0,48.0,18.2,Cold
4207,1,8,0,1,0.0,0.0,0,0,656.0,-1.0,2,0,1,0,0.0,0.0,52.0,275.0,16.0,Cold
4206,1,8,0,1,0.0,0.0,0,0,656.0,-1.0,2,0,0,0,0.0,0.0,0.0,321.0,15.5,Cold
4205,1,8,0,1,0.0,0.0,0,0,656.0,-1.0,6,1,3,0,0.0,0.0,9.4,271.0,15.5,Cold
4204,1,8,0,1,0.0,0.0,0,0,656.0,-1.0,1,1,1,0,0.0,0.0,-1.0,322.0,17.5,Cold
4203,1,8,0,1,0.0,0.0,0,0,656.0,-1.0,3,1,2,0,0.0,0.0,24.0,275.0,15.5,Cold
4202,1,8,0,1,0.0,0.0,0,0,656.0,-1.0,2,2,1,0,0.0,0.0,24.0,301.0,19.0,Cold
4201,1,8,0,1,0.0,0.0,0,0,656.0,-1.0,1,0,1,0,0.0,0.0,-1.0,325.0,15.5,Cold
4200,1,8,0,1,0.0,0.0,0,0,656.0,-1.0,3,0,1,0,0.0,0.0,21.0,280.0,16.0,Cold
4199,1,8,2,0,0.0,0.0,0,1,656.0,-1.0,3,1,2,0,0.0,0.0,140.0,45.0,12.7,Cold
4198,1,8,0,1,0.0,0.0,0,0,656.0,-1.0,1,0,0,0,0.0,0.0,-1.0,237.0,15.5,Cold
4197,1,8,0,1,0.0,0.0,0,0,656.0,-1.0,1,0,0,0,0.0,0.0,-1.0,237.0,15.5,Cold
4196,1,8,0,1,0.0,0.0,0,0,656.0,-1.0,1,0,0,0,0.0,0.0,-1.0,237.0,15.5,Cold
4195,1,8,6,0,0.0,0.0,0,1,656.0,-1.0,2,0,0,0,0.0,0.0,137.0,187.0,18.0,Cold
4194,1,8,0,1,0.0,0.0,0,0,656.0,-1.0,3,0,1,0,0.0,0.0,25.0,268.0,16.0,Cold
4193,1,8,0,1,0.0,0.0,0,0,656.0,-1.0,2,0,0,0,0.0,0.0,18.0,300.0,18.0,Cold
4192,1,8,0,1,0.0,0.0,0,0,656.0,-1.0,3,1,1,0,0.0,0.0,20.5,280.0,17.5,Cold
4191,1,8,0,1,0.0,0.0,0,0,656.0,-1.0,2,1,2,0,0.0,0.0,39.0,288.0,15.5,Cold
4190,1,8,2,0,0.0,0.0,0,1,656.0,-1.0,4,1,2,0,0.0,0.0,92.33,50.0,14.7,Cold
4189,1,8,0,1,0.0,0.0,0,0,656.0,-1.0,3,1,3,0,0.0,0.0,20.5,281.0,15.5,Cold
4188,1,8,0,1,0.0,0.0,0,0,656.0,-1.0,3,1,2,0,0.0,0.0,26.0,276.0,15.5,Cold
4187,1,8,0,1,0.0,0.0,0,0,656.0,-1.0,2,2,2,0,0.0,0.0,52.0,276.0,19.0,Cold
4186,1,8,2,1,0.0,0.0,0,0,656.0,-1.0,4,1,3,0,0.0,0.0,93.33,45.0,12.5,Cold
4185,1,8,0,0,0.0,0.0,0,1,656.0,-1.0,3,1,2,0,0.0,0.0,26.5,268.0,12.5,Cold
4184,1,8,0,1,0.0,0.0,0,0,656.0,-1.0,2,0,1,0,0.0,0.0,33.0,289.0,18.0,Cold
4183,1,8,0,1,0.0,0.0,0,0,656.0,-1.0,2,0,1,0,0.0,0.0,17.0,301.0,13.5,Cold
4182,1,8,0,1,0.0,0.0,0,0,656.0,-1.0,3,1,2,0,0.0,0.0,27.0,274.0,17.5,Cold
4181,1,8,0,1,0.0,0.0,0,0,656.0,-1.0,2,0,1,0,0.0,0.0,44.0,281.0,13.5,Cold
4180,1,8,0,1,0.0,0.0,0,0,656.0,-1.0,3,0,1,0,0.0,0.0,26.0,271.0,16.0,Cold
4179,1,8,0,1,0.0,0.0,0,0,656.0,-1.0,3,2,1,0,0.0,0.0,25.5,276.0,19.0,Cold
4176,1,8,0,1,0.0,0.0,0,0,656.0,-1.0,2,0,1,0,0.0,0.0,54.0,271.0,18.0,Cold
4175,1,8,0,1,0.0,0.0,0,0,656.0,-1.0,3,1,1,0,0.0,0.0,25.0,275.0,19.5,Cold
4174,1,8,0,1,0.0,0.0,0,0,656.0,-1.0,2,0,1,0,0.0,0.0,49.0,274.0,16.0,Cold
4173,1,8,0,1,0.0,0.0,0,0,656.0,-1.0,3,2,3,0,0.0,0.0,22.5,279.0,17.0,Cold
4172,1,8,0,1,0.0,0.0,0,0,656.0,-1.0,4,1,4,0,0.0,0.0,17.0,273.0,15.5,Cold
4171,1,8,0,0,0.0,0.0,0,1,656.0,-1.0,5,0,2,0,16.0,0.0,67.25,58.0,15.0,Cold
4170,1,8,2,0,0.0,0.0,0,1,656.0,-1.0,6,3,4,1,644.0,0.0,53.4,56.0,20.7,Warm
4169,1,8,6,1,0.0,0.0,0,0,656.0,-1.0,1,0,0,0,0.0,0.0,-1.0,54.0,19.0,Cold
4168,1,8,0,1,0.0,0.0,0,0,656.0,-1.0,3,3,2,0,0.0,0.0,26.5,275.0,18.5,Cold
4167,1,8,0,1,0.0,0.0,0,0,656.0,-1.0,1,0,0,0,0.0,0.0,-1.0,325.0,15.5,Cold
4166,1,8,2,0,0.0,0.0,0,1,656.0,-1.0,4,1,2,0,38.0,0.0,90.33,56.0,13.5,Cold
4165,1,8,0,1,0.0,0.0,0,0,656.0,-1.0,3,0,1,0,0.0,0.0,52.0,218.0,16.0,Cold
4164,1,8,2,0,0.0,0.0,0,1,261.0,-1.0,6,3,3,0,21.0,0.0,53.6,55.0,17.7,Cold
4163,1,8,0,1,0.0,0.0,0,0,656.0,-1.0,2,0,1,0,0.0,0.0,21.0,303.0,13.5,Cold
4162,1,8,0,1,0.0,0.0,0,0,656.0,-1.0,3,0,2,0,0.0,0.0,21.5,281.0,16.0,Cold
4161,1,8,0,1,0.0,0.0,0,0,656.0,-1.0,2,2,2,0,0.0,0.0,38.0,290.0,19.0,Cold
4160,1,8,0,1,0.0,0.0,0,0,656.0,-1.0,2,1,2,0,0.0,0.0,12.0,310.0,15.5,Cold
4159,1,8,6,1,0.0,0.0,0,0,656.0,-1.0,2,1,2,0,0.0,0.0,152.0,169.0,18.5,Cold
4158,1,8,0,1,0.0,0.0,0,0,656.0,-1.0,3,0,1,0,0.0,0.0,27.5,269.0,16.0,Cold
4157,1,8,6,0,0.0,0.0,0,1,656.0,-1.0,7,4,5,0,79.0,0.0,44.0,58.0,21.2,Warm
4156,1,8,0,1,0.0,0.0,0,0,656.0,-1.0,3,0,2,0,0.0,0.0,14.5,289.0,13.5,Cold
4155,1,8,6,1,0.0,0.0,0,0,656.0,-1.0,8,1,2,0,23.0,0.0,45.0,8.0,20.5,Warm
4154,1,8,6,1,0.0,0.0,0,0,656.0,-1.0,1,0,0,0,0.0,0.0,-1.0,54.0,19.0,Cold
4153,1,8,2,1,0.0,0.0,0,0,656.0,-1.0,4,0,0,1,280.0,0.0,0.67,52.0,24.0,Warm
4152,1,8,0,1,0.0,0.0,0,0,656.0,-1.0,1,0,1,0,0.0,0.0,-1.0,322.0,13.5,Cold
4151,1,8,0,1,0.0,0.0,0,0,656.0,-1.0,1,1,1,0,0.0,0.0,-1.0,322.0,17.5,Cold
4150,1,8,0,1,0.0,0.0,0,0,656.0,-1.0,4,0,2,0,0.0,0.0,24.67,244.0,16.0,Cold
4149,1,8,0,1,0.0,0.0,0,0,656.0,-1.0,3,1,0,0,0.0,0.0,44.5,239.0,19.5,Cold
4148,1,8,0,1,0.0,0.0,0,0,656.0,-1.0,1,0,0,0,0.0,0.0,-1.0,237.0,15.5,Cold
4147,1,8,0,1,0.0,0.0,0,0,656.0,-1.0,2,0,1,0,0.0,0.0,54.0,271.0,16.0,Cold
4146,1,8,6,1,0.0,0.0,0,0,656.0,-1.0,3,2,2,0,50.0,0.0,76.5,168.0,24.0,Warm
4145,1,8,0,1,0.0,0.0,0,0,656.0,-1.0,2,1,2,0,0.0,0.0,46.0,275.0,15.5,Cold
4144,1,8,0,1,0.0,0.0,0,0,328.0,-1.0,3,2,2,0,0.0,0.0,23.5,281.0,21.0,Warm
4143,1,8,0,1,0.0,0.0,0,0,656.0,-1.0,1,0,1,0,0.0,0.0,-1.0,324.0,13.5,Cold
4142,1,8,0,1,0.0,0.0,0,0,656.0,-1.0,1,0,0,0,0.0,0.0,-1.0,325.0,15.5,Cold
4141,1,8,0,1,0.0,0.0,0,0,656.0,-1.0,1,0,1,0,0.0,0.0,-1.0,325.0,15.5,Cold
4140,1,8,0,1,0.0,0.0,0,0,656.0,-1.0,1,0,0,0,0.0,0.0,-1.0,323.0,15.5,Cold
4139,1,8,2,0,0.0,0.0,0,1,656.0,-1.0,6,1,3,0,37.0,0.0,53.0,58.0,14.7,Cold
4138,1,8,6,1,0.0,0.0,0,0,656.0,-1.0,2,1,1,0,0.0,0.0,140.0,187.0,22.5,Warm
4137,1,8,6,0,0.0,0.0,0,1,656.0,-1.0,7,1,2,0,0.0,0.0,52.33,9.0,17.5,Cold
4136,1,8,2,0,0.0,0.0,0,1,656.0,-1.0,3,1,1,0,0.0,0.0,139.5,44.0,14.7,Cold
4135,1,8,0,1,0.0,0.0,0,0,656.0,-1.0,2,0,2,0,0.0,0.0,25.0,302.0,13.5,Cold
4134,1,8,0,1,0.0,0.0,0,0,656.0,-1.0,2,2,1,0,0.0,0.0,38.0,289.0,19.0,Cold
4133,1,8,0,1,0.0,0.0,0,0,656.0,-1.0,1,1,1,0,0.0,0.0,-1.0,237.0,17.5,Cold
4132,1,8,0,1,0.0,0.0,0,0,656.0,-1.0,2,0,1,0,0.0,0.0,14.0,308.0,13.5,Cold
4131,1,8,6,0,0.0,0.0,0,1,656.0,-1.0,8,4,4,0,26.0,0.0,39.86,42.0,21.2,Warm
4130,1,8,6,1,0.0,0.0,0,0,656.0,-1.0,2,0,1,0,0.0,0.0,141.0,184.0,21.0,Warm
4129,1,8,0,1,0.0,0.0,0,0,656.0,-1.0,4,3,1,0,0.0,0.0,15.0,278.0,20.5,Warm
4128,1,8,0,1,0.0,0.0,0,0,656.0,-1.0,1,0,0,0,0.0,0.0,-1.0,227.0,15.5,Cold
4127,1,8,0,1,0.0,0.0,0,0,656.0,-1.0,1,0,0,0,0.0,0.0,-1.0,227.0,15.5,Cold
4126,1,8,0,1,0.0,0.0,0,0,656.0,-1.0,1,0,0,0,0.0,0.0,-1.0,237.0,15.5,Cold
4125,3,8,6,1,0.0,0.0,0,0,656.0,-1.0,10,0,2,1,601.0,0.0,28.0,56.0,33.0,Warm
4124,1,8,0,1,0.0,0.0,0,0,656.0,-1.0,1,1,1,0,0.0,0.0,-1.0,310.0,18.2,Cold
4123,1,8,0,1,0.0,0.0,0,0,656.0,-1.0,1,1,1,0,0.0,0.0,-1.0,310.0,20.7,Warm
4122,1,8,0,1,0.0,0.0,0,0,656.0,-1.0,1,1,1,0,0.0,0.0,-1.0,310.0,20.7,Warm
4120,1,8,0,1,0.0,0.0,0,0,656.0,-1.0,1,0,0,0,0.0,0.0,-1.0,227.0,15.5,Cold
4119,1,8,6,1,0.0,0.0,0,0,656.0,-1.0,2,0,1,0,0.0,0.0,119.0,189.0,16.5,Cold
4118,1,8,6,0,0.0,0.0,0,1,656.0,-1.0,6,2,5,0,0.0,0.0,50.0,58.0,15.0,Cold
4117,1,8,0,1,0.0,0.0,0,0,656.0,-1.0,3,0,2,0,0.0,0.0,9.0,290.0,16.0,Cold
4116,1,8,0,1,0.0,0.0,0,0,656.0,-1.0,2,1,2,0,0.0,0.0,26.0,282.0,15.5,Cold
4115,1,8,6,1,0.0,0.0,0,0,656.0,-1.0,3,0,1,0,0.0,0.0,39.0,120.0,19.0,Cold
4114,1,8,0,1,0.0,0.0,0,0,656.0,-1.0,1,1,1,0,0.0,0.0,-1.0,310.0,20.7,Warm
4113,1,8,6,1,0.0,0.0,0,0,656.0,-1.0,1,0,1,0,0.0,0.0,-1.0,54.0,17.0,Cold
4112,1,8,0,1,0.0,0.0,0,0,656.0,-1.0,1,0,0,0,0.0,0.0,-1.0,227.0,15.5,Cold
4111,1,8,0,1,0.0,0.0,0,0,656.0,-1.0,1,1,1,0,0.0,0.0,-1.0,310.0,20.7,Warm
4110,1,8,0,1,0.0,0.0,0,0,656.0,-1.0,1,0,0,0,0.0,0.0,-1.0,310.0,17.5,Cold
4109,1,8,0,1,0.0,0.0,0,0,656.0,-1.0,1,0,0,0,0.0,0.0,-1.0,237.0,15.5,Cold
4108,1,8,0,1,0.0,0.0,0,0,656.0,-1.0,1,0,0,0,0.0,0.0,-1.0,237.0,15.5,Cold
4107,1,8,0,1,0.0,0.0,0,0,656.0,-1.0,3,3,1,0,0.0,0.0,16.5,275.0,20.5,Warm
4106,1,8,0,1,0.0,0.0,0,0,656.0,-1.0,2,1,1,0,0.0,0.0,40.0,268.0,17.5,Cold
4105,1,8,6,1,0.0,0.0,0,0,656.0,-1.0,1,0,1,0,0.0,0.0,-1.0,54.0,17.0,Cold
4104,1,8,0,1,0.0,0.0,0,0,656.0,-1.0,1,0,0,0,0.0,0.0,-1.0,226.0,15.5,Cold
4103,1,8,6,0,0.0,0.0,0,1,656.0,-1.0,10,3,6,0,125.0,0.0,28.67,50.0,20.9,Warm
4102,1,8,0,1,0.0,0.0,0,0,656.0,-1.0,1,1,0,0,0.0,0.0,-1.0,310.0,22.7,Warm
4101,1,8,0,1,0.0,0.0,0,0,656.0,-1.0,2,0,0,0,0.0,0.0,0.0,310.0,17.5,Cold
4100,1,8,0,1,0.0,0.0,0,0,408.0,-1.0,2,1,0,0,0.0,0.0,0.0,408.0,21.5,Warm
4099,1,8,0,1,0.0,0.0,0,0,407.0,-1.0,2,1,0,0,0.0,0.0,0.0,407.0,22.7,Warm
4098,1,8,0,1,0.0,0.0,0,0,408.0,-1.0,2,1,0,0,0.0,0.0,0.0,408.0,21.5,Warm
4097,1,8,0,1,0.0,0.0,0,0,407.0,-1.0,3,0,0,0,0.0,0.0,3.0,401.0,20.0,Cold
4096,1,8,0,1,0.0,0.0,0,0,401.0,-1.0,4,3,0,0,0.0,0.0,2.33,401.0,28.1,Warm
4095,1,8,0,1,0.0,0.0,0,0,656.0,-1.0,1,1,1,0,0.0,0.0,-1.0,327.0,17.5,Cold
4094,1,8,0,1,0.0,0.0,0,0,656.0,-1.0,3,1,3,0,0.0,0.0,23.5,280.0,15.5,Cold
4093,1,8,6,1,0.0,0.0,0,0,656.0,-1.0,2,0,2,0,0.0,0.0,140.0,184.0,19.0,Cold
4092,1,8,0,1,0.0,0.0,0,0,656.0,-1.0,1,0,0,0,0.0,0.0,-1.0,237.0,15.5,Cold
4090,1,8,0,1,0.0,0.0,0,0,656.0,-1.0,1,1,1,0,0.0,0.0,-1.0,325.0,17.5,Cold
4089,1,8,0,1,0.0,0.0,0,0,656.0,-1.0,2,1,1,0,0.0,0.0,8.0,316.0,17.5,Cold
4088,1,8,0,1,0.0,0.0,0,0,656.0,-1.0,1,0,0,0,0.0,0.0,-1.0,321.0,18.0,Cold
4087,1,8,6,1,0.0,0.0,0,0,656.0,-1.0,10,1,2,0,65.0,0.0,34.89,8.0,20.5,Warm
4086,1,8,0,1,0.0,0.0,0,0,656.0,-1.0,1,0,1,0,0.0,0.0,-1.0,325.0,13.5,Cold
4085,1,8,2,0,0.0,0.0,0,1,656.0,-1.0,5,2,3,0,41.0,0.0,66.0,57.0,16.2,Cold
4084,1,8,0,1,0.0,0.0,0,0,656.0,-1.0,3,0,2,0,0.0,0.0,20.5,280.0,16.0,Cold
4083,1,8,0,1,0.0,0.0,0,0,656.0,-1.0,2,0,1,0,0.0,0.0,10.0,310.0,16.0,Cold
4082,1,8,0,1,0.0,0.0,0,0,656.0,-1.0,2,0,1,0,0.0,0.0,32.0,290.0,13.5,Cold
4081,1,8,2,0,0.0,0.0,0,1,656.0,-1.0,5,2,2,0,49.0,0.0,67.75,50.0,15.0,Cold
4080,1,8,6,0,0.0,0.0,0,1,656.0,-1.0,3,2,3,0,0.0,0.0,137.5,49.0,18.2,Cold
4079,1,8,0,1,0.0,0.0,0,0,656.0,-1.0,2,1,2,0,0.0,0.0,36.0,289.0,15.5,Cold
4078,1,8,6,0,0.0,0.0,0,1,656.0,-1.0,7,1,2,0,50.0,0.0,51.67,17.0,17.5,Cold
4077,1,8,0,1,0.0,0.0,0,0,656.0,-1.0,1,0,0,0,0.0,0.0,-1.0,237.0,15.5,Cold
4076,1,8,6,1,0.0,0.0,0,0,656.0,-1.0,2,2,0,0,0.0,0.0,143.0,184.0,24.0,Warm
4075,1,8,0,1,0.0,0.0,0,0,656.0,-1.0,1,0,0,0,0.0,0.0,-1.0,324.0,15.5,Cold
4074,1,8,2,1,0.0,0.0,0,0,656.0,-1.0,2,1,1,0,22.0,0.0,0.0,49.0,18.5,Cold
4073,1,8,1,1,0.0,0.0,0,0,656.0,-1.0,2,0,0,0,18.0,0.0,0.0,63.0,18.0,Cold
4072,1,8,0,1,0.0,0.0,0,0,656.0,-1.0,1,0,0,0,0.0,0.0,-1.0,318.0,15.5,Cold
4071,1,8,0,1,0.0,0.0,0,0,656.0,-1.0,2,0,1,0,0.0,0.0,56.0,268.0,16.0,Cold
4070,1,8,0,1,0.0,0.0,0,0,656.0,-1.0,2,1,1,0,0.0,0.0,32.0,290.0,17.5,Cold
4069,1,8,0,1,0.0,0.0,0,0,656.0,-1.0,1,0,0,0,0.0,0.0,-1.0,323.0,15.5,Cold
4068,1,8,2,0,0.0,0.0,0,1,656.0,-1.0,4,1,3,0,0.0,0.0,92.67,49.0,12.7,Cold
4067,1,8,0,1,0.0,0.0,0,0,656.0,-1.0,1,0,0,0,0.0,0.0,-1.0,325.0,15.5,Cold
4066,1,8,0,1,0.0,0.0,0,0,656.0,-1.0,3,2,3,0,0.0,0.0,29.5,268.0,17.0,Cold
4065,1,8,0,1,0.0,0.0,0,0,656.0,-1.0,3,1,2,0,0.0,0.0,18.0,282.0,15.5,Cold
4064,1,8,0,1,0.0,0.0,0,0,656.0,-1.0,2,2,2,0,0.0,0.0,26.0,296.0,17.0,Cold
4063,1,8,6,1,0.0,0.0,0,0,656.0,-1.0,10,1,1,0,0.0,0.0,34.67,8.0,20.5,Warm
4062,1,8,0,1,0.0,0.0,0,0,656.0,-1.0,3,0,2,0,0.0,0.0,23.5,276.0,13.5,Cold
4061,1,8,6,0,0.0,0.0,0,1,656.0,-1.0,4,2,3,0,0.0,0.0,92.0,49.0,18.2,Cold
4060,1,8,0,1,0.0,0.0,0,0,656.0,-1.0,3,1,2,0,0.0,0.0,22.0,279.0,15.5,Cold
4059,1,8,6,1,0.0,0.0,0,0,656.0,-1.0,5,0,2,0,0.0,0.0,69.5,50.0,19.0,Cold
4058,1,8,0,1,0.0,0.0,0,0,656.0,-1.0,2,0,1,0,0.0,0.0,39.0,288.0,16.0,Cold
4057,1,8,0,1,0.0,0.0,0,0,656.0,-1.0,2,0,1,0,0.0,0.0,53.0,272.0,16.0,Cold
4056,1,8,0,1,0.0,0.0,0,0,656.0,-1.0,3,0,2,0,0.0,0.0,29.5,268.0,16.0,Cold
4055,1,8,0,1,0.0,0.0,0,0,656.0,-1.0,2,0,1,0,0.0,0.0,47.0,278.0,13.5,Cold
4054,1,8,0,1,0.0,0.0,0,0,656.0,-1.0,1,0,0,0,0.0,0.0,-1.0,237.0,15.5,Cold
4053,1,8,0,1,0.0,0.0,0,0,656.0,-1.0,1,0,0,0,0.0,0.0,-1.0,237.0,15.5,Cold
4052,1,8,0,1,0.0,0.0,0,0,656.0,-1.0,1,0,0,0,0.0,0.0,-1.0,237.0,15.5,Cold
4051,1,8,0,1,0.0,0.0,0,0,656.0,-1.0,1,0,0,0,0.0,0.0,-1.0,325.0,15.5,Cold
4050,1,8,0,1,0.0,0.0,0,0,656.0,-1.0,1,1,1,0,0.0,0.0,-1.0,324.0,17.5,Cold
4049,1,8,6,1,0.0,0.0,0,0,656.0,-1.0,3,0,1,0,46.0,0.0,70.5,184.0,21.0,Warm
4048,1,8,0,1,0.0,0.0,0,0,656.0,-1.0,5,4,3,0,0.0,0.0,22.0,240.0,22.0,Warm
4047,1,8,0,1,0.0,0.0,0,0,656.0,-1.0,3,0,1,0,0.0,0.0,21.5,279.0,16.0,Cold
4046,1,8,0,1,0.0,0.0,0,0,656.0,-1.0,3,0,2,0,0.0,0.0,24.5,279.0,16.0,Cold
4045,1,8,2,0,0.0,0.0,0,1,656.0,-1.0,6,2,3,0,0.0,0.0,54.2,58.0,16.2,Cold
4044,1,8,0,1,0.0,0.0,0,0,656.0,-1.0,2,0,1,0,0.0,0.0,53.0,274.0,16.0,Cold
4043,1,8,0,1,0.0,0.0,0,0,656.0,-1.0,1,1,1,0,0.0,0.0,-1.0,322.0,17.5,Cold
4042,1,8,0,1,0.0,0.0,0,0,656.0,-1.0,3,0,1,0,0.0,0.0,21.5,278.0,16.0,Cold
4041,1,8,0,1,0.0,0.0,0,0,656.0,-1.0,1,0,1,0,0.0,0.0,-1.0,325.0,13.5,Cold
4040,1,8,6,1,0.0,0.0,0,0,656.0,-1.0,2,1,2,0,0.0,0.0,152.0,170.0,18.5,Cold
4039,1,8,0,1,0.0,0.0,0,0,656.0,-1.0,3,2,3,0,0.0,0.0,23.0,278.0,17.0,Cold
4038,1,8,2,0,0.0,0.0,0,1,656.0,-1.0,6,2,3,0,97.0,0.0,57.0,42.0,14.2,Cold
4037,1,8,0,1,0.0,0.0,0,0,656.0,-1.0,1,1,1,0,0.0,0.0,-1.0,237.0,17.5,Cold
4036,1,8,0,1,0.0,0.0,0,0,656.0,-1.0,1,1,1,0,0.0,0.0,-1.0,237.0,17.5,Cold
4035,1,8,0,1,0.0,0.0,0,0,656.0,-1.0,3,1,2,0,0.0,0.0,24.0,274.0,15.5,Cold
4034,1,8,2,0,0.0,0.0,0,1,656.0,-1.0,4,1,2,0,0.0,0.0,92.0,49.0,14.7,Cold
4033,1,8,2,0,0.0,0.0,0,1,656.0,-1.0,5,1,3,0,0.0,0.0,69.5,50.0,12.7,Cold
4032,1,8,0,1,0.0,0.0,0,0,656.0,-1.0,1,0,0,0,0.0,0.0,-1.0,226.0,15.5,Cold
4031,1,8,6,0,0.0,0.0,0,1,656.0,-1.0,4,1,1,0,54.0,0.0,89.0,56.0,19.5,Cold
4030,1,8,0,1,0.0,0.0,0,0,656.0,-1.0,1,0,1,0,0.0,0.0,-1.0,449.0,13.5,Cold
4029,1,8,0,1,0.0,0.0,0,0,393.0,-1.0,4,1,0,0,0.0,0.0,18.67,393.0,21.5,Warm
4028,1,8,0,0,0.0,0.0,0,1,344.0,-1.0,10,0,8,0,0.0,0.0,1.56,331.0,15.0,Cold
4027,1,8,0,0,0.0,0.0,0,1,656.0,-1.0,1,0,0,0,0.0,0.0,-1.0,356.0,14.5,Cold
4026,1,8,0,1,0.0,0.0,0,0,324.0,-1.0,11,3,0,0,0.0,0.0,9.7,247.0,27.5,Warm
4025,1,8,0,1,0.0,0.0,0,0,344.0,-1.0,4,0,0,0,14.0,0.0,49.33,196.0,20.0,Cold
4024,1,8,0,1,0.0,0.0,0,0,352.0,-1.0,1,0,1,0,0.0,0.0,-1.0,352.0,13.5,Cold
4023,1,8,0,1,0.0,0.0,0,0,656.0,-1.0,3,0,0,0,0.0,0.0,0.0,332.0,18.0,Cold
4022,1,8,0,0,0.0,0.0,0,1,656.0,-1.0,2,0,2,0,0.0,0.0,1.0,344.0,11.5,Cold
4021,1,8,0,1,0.0,0.0,0,0,348.0,-1.0,1,0,1,0,0.0,0.0,-1.0,348.0,13.5,Cold
4020,1,8,0,1,0.0,0.0,0,0,348.0,-1.0,1,0,1,0,0.0,0.0,-1.0,348.0,13.5,Cold
4019,1,8,0,1,0.0,0.0,0,0,656.0,-1.0,1,0,0,0,0.0,0.0,-1.0,334.0,15.5,Cold
4018,1,8,0,1,0.0,0.0,0,0,330.0,-1.0,2,0,1,0,0.0,0.0,0.0,330.0,13.5,Cold
4017,1,8,0,1,0.0,0.0,0,0,348.0,-1.0,1,0,0,0,0.0,0.0,-1.0,348.0,15.5,Cold
4016,1,8,0,1,0.0,0.0,0,0,348.0,-1.0,1,0,1,0,0.0,0.0,-1.0,348.0,13.5,Cold
4015,1,8,0,1,0.0,0.0,0,0,656.0,-1.0,6,0,3,0,0.0,0.0,16.4,273.0,16.0,Cold
4014,1,8,0,1,0.0,0.0,0,0,348.0,-1.0,1,0,1,0,0.0,0.0,-1.0,348.0,13.5,Cold
4013,1,8,0,1,0.0,0.0,0,0,352.0,-1.0,1,0,0,0,0.0,0.0,-1.0,352.0,15.5,Cold
4012,1,8,0,1,0.0,0.0,0,0,348.0,-1.0,1,0,1,0,0.0,0.0,-1.0,348.0,13.5,Cold
4011,1,8,0,1,0.0,0.0,0,0,656.0,-1.0,2,0,2,0,0.0,0.0,16.0,328.0,13.5,Cold
4010,1,8,0,1,0.0,0.0,0,0,656.0,-1.0,3,0,0,0,0.0,0.0,21.0,276.0,18.0,Cold
4009,1,8,0,1,0.0,0.0,0,0,330.0,-1.0,1,0,1,0,0.0,0.0,-1.0,330.0,13.5,Cold
4008,1,8,0,1,0.0,0.0,0,0,656.0,-1.0,6,4,0,0,0.0,0.0,16.6,248.0,22.0,Warm
4007,1,8,0,1,0.0,0.0,0,0,656.0,-1.0,2,0,0,0,0.0,0.0,84.0,247.0,15.5,Cold
4006,1,8,0,1,0.0,0.0,0,0,656.0,-1.0,2,0,0,0,0.0,0.0,15.0,303.0,15.5,Cold
4005,1,8,0,1,0.0,0.0,0,0,656.0,-1.0,2,0,0,0,0.0,0.0,21.0,297.0,15.5,Cold
4004,1,8,0,1,0.0,0.0,0,0,348.0,-1.0,1,0,1,0,0.0,0.0,-1.0,348.0,13.5,Cold
4003,1,8,0,1,0.0,0.0,0,0,656.0,-1.0,2,0,0,0,0.0,0.0,6.0,231.0,15.5,Cold
4002,1,8,0,1,0.0,0.0,0,0,330.0,-1.0,3,0,3,0,0.0,0.0,11.0,330.0,13.5,Cold
4001,1,8,0,1,0.0,0.0,0,0,346.0,-1.0,1,0,1,0,0.0,0.0,-1.0,346.0,13.5,Cold
4000,1,8,0,1,0.0,0.0,0,0,656.0,-1.0,7,0,5,0,0.0,0.0,4.83,316.0,14.0,Cold
3999,1,8,0,1,0.0,0.0,0,0,656.0,-1.0,4,0,3,0,0.0,0.0,9.33,316.0,13.5,Cold
3998,1,8,0,1,0.0,0.0,0,0,656.0,-1.0,2,0,1,0,0.0,0.0,14.0,330.0,13.5,Cold
3997,1,8,0,1,0.0,0.0,0,0,348.0,-1.0,1,0,1,0,0.0,0.0,-1.0,348.0,13.5,Cold
3996,1,8,0,1,0.0,0.0,0,0,348.0,-1.0,3,0,2,0,0.0,0.0,34.0,280.0,14.0,Cold
3995,1,8,0,1,0.0,0.0,0,0,656.0,-1.0,3,0,1,0,0.0,0.0,0.0,331.0,14.0,Cold
3994,1,8,0,0,0.0,0.0,0,1,656.0,-1.0,3,0,0,0,0.0,0.0,18.0,295.0,13.0,Cold
3993,1,8,0,0,0.0,0.0,0,1,656.0,-1.0,3,0,0,0,0.0,0.0,17.5,296.0,13.0,Cold
3992,1,8,0,1,0.0,0.0,0,0,346.0,-1.0,1,0,1,0,0.0,0.0,-1.0,346.0,13.5,Cold
3991,1,8,0,0,0.0,0.0,0,1,352.0,-1.0,1,0,1,0,0.0,0.0,-1.0,352.0,10.5,Cold
3989,1,8,0,1,0.0,0.0,0,0,656.0,-1.0,7,0,5,0,0.0,0.0,7.33,301.0,16.0,Cold
3988,1,8,0,1,0.0,0.0,0,0,656.0,-1.0,3,0,1,0,0.0,0.0,19.0,279.0,16.0,Cold
3987,1,8,2,0,0.0,0.0,0,1,656.0,-1.0,5,1,1,0,0.0,0.0,68.25,44.0,14.7,Cold
3986,1,8,0,1,0.0,0.0,0,0,656.0,-1.0,2,0,0,0,0.0,0.0,97.0,247.0,15.5,Cold
3985,1,8,0,1,0.0,0.0,0,0,656.0,-1.0,2,0,0,0,0.0,0.0,14.0,327.0,15.5,Cold
3984,1,8,0,1,0.0,0.0,0,0,330.0,-1.0,1,0,1,0,0.0,0.0,-1.0,330.0,13.5,Cold
3983,1,8,2,1,0.0,0.0,0,0,330.0,-1.0,2,0,1,0,0.0,0.0,282.0,48.0,12.5,Cold
3982,1,8,0,1,0.0,0.0,0,0,346.0,-1.0,1,0,1,0,0.0,0.0,-1.0,346.0,13.5,Cold
3981,1,8,0,1,0.0,0.0,0,0,346.0,-1.0,1,0,1,0,0.0,0.0,-1.0,346.0,13.5,Cold
3980,1,8,0,1,0.0,0.0,0,0,656.0,-1.0,4,1,4,0,0.0,0.0,17.0,294.0,14.0,Cold
3979,1,8,0,1,0.0,0.0,0,0,330.0,-1.0,1,0,1,0,0.0,0.0,-1.0,330.0,13.5,Cold
3978,1,8,0,1,0.0,0.0,0,0,656.0,-1.0,5,2,0,0,0.0,0.0,21.0,247.0,19.0,Cold
3977,1,8,0,0,0.0,0.0,0,1,656.0,-1.0,10,0,7,0,0.0,0.0,1.22,344.0,13.0,Cold
3976,1,8,0,0,0.0,0.0,0,1,656.0,-1.0,1,0,0,0,0.0,0.0,-1.0,345.0,15.0,Cold
3975,1,8,0,1,0.0,0.0,0,0,346.0,-1.0,1,0,1,0,0.0,0.0,-1.0,346.0,13.5,Cold
3974,1,8,0,1,0.0,0.0,0,0,346.0,-1.0,1,0,1,0,0.0,0.0,-1.0,346.0,13.5,Cold
3973,1,8,0,1,0.0,0.0,0,0,346.0,-1.0,1,0,1,0,0.0,0.0,-1.0,346.0,13.5,Cold
3972,1,8,0,1,0.0,0.0,0,0,656.0,-1.0,3,0,2,0,0.0,0.0,11.0,327.0,13.5,Cold
3971,1,8,0,1,0.0,0.0,0,0,352.0,-1.0,5,0,2,0,0.0,0.0,18.5,278.0,13.5,Cold
3970,1,8,0,1,0.0,0.0,0,0,656.0,-1.0,1,0,0,0,0.0,0.0,-1.0,330.0,15.5,Cold
3969,1,8,0,1,0.0,0.0,0,0,656.0,-1.0,1,0,0,0,0.0,0.0,-1.0,325.0,18.0,Cold
3968,1,8,0,1,0.0,0.0,0,0,656.0,-1.0,4,0,1,0,0.0,0.0,100.0,328.0,14.5,Cold
3967,1,8,0,1,0.0,0.0,0,0,656.0,-1.0,4,0,1,0,0.0,0.0,100.0,328.0,16.5,Cold
3966,1,8,0,1,0.0,0.0,0,0,656.0,-1.0,2,0,0,0,0.0,0.0,2.0,626.0,16.5,Cold
3965,1,8,0,1,0.0,0.0,0,0,656.0,-1.0,4,0,1,0,0.0,0.0,99.67,329.0,16.0,Cold
3964,1,8,0,1,0.0,0.0,0,0,656.0,-1.0,2,0,0,0,0.0,0.0,102.0,247.0,15.5,Cold
3963,1,8,0,1,0.0,0.0,0,0,656.0,-1.0,5,0,0,0,0.0,0.0,75.0,328.0,16.5,Cold
3962,1,8,0,1,0.0,0.0,0,0,656.0,-1.0,4,0,3,0,0.0,0.0,100.33,327.0,15.5,Cold
3961,1,8,0,1,0.0,0.0,0,0,656.0,-1.0,4,0,0,0,0.0,0.0,100.0,328.0,16.5,Cold
3960,1,8,0,1,0.0,0.0,0,0,656.0,-1.0,3,0,0,0,0.0,0.0,149.0,330.0,16.5,Cold
3959,1,8,0,1,0.0,0.0,0,0,656.0,-1.0,2,0,0,0,0.0,0.0,2.0,626.0,16.5,Cold
3958,1,8,0,1,0.0,0.0,0,0,656.0,-1.0,4,0,0,0,0.0,0.0,100.0,328.0,18.5,Cold
3957,1,8,0,1,0.0,0.0,0,0,656.0,-1.0,2,1,0,0,0.0,0.0,2.0,626.0,19.2,Cold
3956,1,8,0,1,0.0,0.0,0,0,656.0,-1.0,4,1,0,0,0.0,0.0,100.0,328.0,19.2,Cold
3955,1,8,0,1,0.0,0.0,0,0,346.0,-1.0,1,0,1,0,0.0,0.0,-1.0,346.0,13.5,Cold
3954,1,8,0,1,0.0,0.0,0,0,656.0,-1.0,1,0,0,0,0.0,0.0,-1.0,520.0,15.5,Cold
3948,1,8,0,1,0.0,0.0,0,0,656.0,-1.0,2,0,0,0,0.0,0.0,99.0,285.0,18.5,Cold
3947,1,8,0,8,0.0,0.0,0,0,656.0,-1.0,1,0,0,0,0.0,0.0,-1.0,654.0,20.0,Cold
3942,1,8,0,1,0.0,0.0,0,0,657.0,-1.0,10,0,2,0,0.0,0.0,47.33,231.0,18.0,Cold
3941,1,8,0,1,0.0,0.0,0,0,657.0,-1.0,7,1,1,0,0.0,0.0,65.0,267.0,17.5,Cold
3940,1,8,6,1,0.0,0.0,0,0,572.0,-1.0,21,1,0,0,0.0,0.0,23.3,191.0,24.5,Warm
3939,1,8,5,1,0.0,0.0,0,0,657.0,-1.0,2,0,0,0,0.0,0.0,66.0,160.0,18.5,Cold
3938,1,8,0,1,0.0,0.0,0,0,657.0,-1.0,1,0,0,0,0.0,0.0,-1.0,237.0,15.5,Cold
3937,1,8,0,1,0.0,0.0,0,0,657.0,-1.0,1,0,0,0,0.0,0.0,-1.0,237.0,18.0,Cold
3936,1,8,0,1,0.0,0.0,0,0,657.0,-1.0,1,0,0,0,0.0,0.0,-1.0,236.0,18.0,Cold
3932,1,8,0,1,0.0,0.0,0,0,657.0,-1.0,1,1,1,0,0.0,0.0,-1.0,226.0,17.5,Cold
3931,1,8,0,1,0.0,0.0,0,0,657.0,-1.0,1,1,1,0,0.0,0.0,-1.0,226.0,17.5,Cold
3930,1,8,0,1,0.0,0.0,0,0,657.0,-1.0,1,0,0,0,0.0,0.0,-1.0,226.0,15.5,Cold
3929,1,8,0,1,0.0,0.0,0,0,657.0,-1.0,1,0,1,0,0.0,0.0,-1.0,226.0,13.5,Cold
3927,1,8,1,1,0.0,0.0,0,0,657.0,-1.0,1,0,1,0,0.0,0.0,-1.0,63.0,14.5,Cold
3924,1,8,0,1,0.0,0.0,0,0,657.0,-1.0,1,0,0,0,0.0,0.0,-1.0,226.0,15.5,Cold
3923,1,8,0,1,0.0,0.0,0,0,657.0,-1.0,1,0,0,0,0.0,0.0,-1.0,226.0,18.0,Cold
3922,1,8,0,1,0.0,0.0,0,0,657.0,-1.0,1,1,1,0,0.0,0.0,-1.0,226.0,17.5,Cold
3921,1,8,0,1,0.0,0.0,0,0,657.0,-1.0,1,0,0,0,0.0,0.0,-1.0,226.0,15.5,Cold
3919,1,8,6,0,0.0,0.0,0,1,657.0,-1.0,3,0,1,0,35.0,0.0,2.5,57.0,18.0,Cold
3918,1,8,2,1,0.0,0.0,0,0,657.0,-1.0,4,0,1,0,30.0,0.0,0.67,47.0,17.0,Cold
3917,1,8,2,1,0.0,0.0,0,0,657.0,-1.0,3,0,0,0,35.0,0.0,2.5,44.0,19.0,Cold
3916,1,8,1,1,0.0,0.0,0,0,657.0,-1.0,2,1,1,0,0.0,0.0,66.0,160.0,15.5,Cold
3915,1,8,6,1,0.0,0.0,0,0,657.0,-1.0,4,1,2,0,135.0,0.0,22.0,160.0,20.5,Warm
3914,1,8,0,1,0.0,0.0,0,0,657.0,-1.0,1,0,0,0,0.0,0.0,-1.0,226.0,15.5,Cold
3913,1,8,6,1,0.0,0.0,0,0,657.0,-1.0,3,1,1,1,447.0,0.0,33.0,160.0,27.5,Warm
3910,1,8,2,1,0.0,0.0,0,0,657.0,-1.0,5,0,1,1,221.0,0.0,1.75,42.0,22.0,Warm
3909,1,8,2,1,0.0,0.0,0,0,657.0,-1.0,4,0,1,0,73.0,0.0,2.0,43.0,17.0,Cold
3908,1,8,0,1,0.0,0.0,0,0,657.0,-1.0,1,0,0,0,0.0,0.0,-1.0,226.0,15.5,Cold
3907,1,8,0,1,0.0,0.0,0,0,657.0,-1.0,1,0,0,0,0.0,0.0,-1.0,226.0,15.5,Cold
3906,1,8,0,1,0.0,0.0,0,0,657.0,-1.0,1,0,0,0,0.0,0.0,-1.0,226.0,15.5,Cold
3905,1,8,0,1,0.0,0.0,0,0,657.0,-1.0,1,0,0,0,0.0,0.0,-1.0,226.0,15.5,Cold
3900,1,8,0,1,0.0,0.0,0,0,657.0,-1.0,1,0,0,0,0.0,0.0,-1.0,226.0,15.5,Cold
3899,1,8,0,1,0.0,0.0,0,0,657.0,-1.0,1,0,0,0,0.0,0.0,-1.0,226.0,15.5,Cold
3898,1,8,0,1,0.0,0.0,0,0,657.0,-1.0,1,0,0,0,0.0,0.0,-1.0,226.0,15.5,Cold
3897,1,8,0,1,0.0,0.0,0,0,657.0,-1.0,1,0,0,0,0.0,0.0,-1.0,226.0,15.5,Cold
3892,1,8,0,1,0.0,0.0,0,0,657.0,-1.0,2,0,0,0,0.0,0.0,6.0,220.0,18.0,Cold
3891,1,8,0,1,0.0,0.0,0,0,657.0,-1.0,1,0,0,0,0.0,0.0,-1.0,226.0,15.5,Cold
3890,1,8,0,1,0.0,0.0,0,0,657.0,-1.0,1,0,0,0,0.0,0.0,-1.0,226.0,15.5,Cold
3889,1,8,0,1,0.0,0.0,0,0,657.0,-1.0,1,0,0,0,0.0,0.0,-1.0,226.0,15.5,Cold
3888,1,8,0,1,0.0,0.0,0,0,657.0,-1.0,1,0,0,0,0.0,0.0,-1.0,230.0,15.5,Cold
3884,1,8,0,1,0.0,0.0,0,0,657.0,-1.0,1,0,0,0,0.0,0.0,-1.0,226.0,15.5,Cold
3883,1,8,0,1,0.0,0.0,0,0,657.0,-1.0,1,0,0,0,0.0,0.0,-1.0,225.0,18.0,Cold
3882,1,8,0,1,0.0,0.0,0,0,657.0,-1.0,1,2,0,0,0.0,0.0,-1.0,225.0,21.0,Warm
3881,1,8,0,1,0.0,0.0,0,0,657.0,-1.0,1,0,0,0,0.0,0.0,-1.0,225.0,15.5,Cold
3880,1,8,0,1,0.0,0.0,0,0,657.0,-1.0,3,2,0,0,0.0,0.0,10.5,562.0,24.0,Warm
3877,1,8,2,0,0.0,0.0,0,1,657.0,-1.0,1,0,1,0,0.0,0.0,-1.0,62.0,9.5,Cold
3876,1,8,0,1,0.0,0.0,0,0,657.0,-1.0,1,0,0,0,0.0,0.0,-1.0,225.0,15.5,Cold
3875,1,8,0,1,0.0,0.0,0,0,657.0,-1.0,1,0,0,0,0.0,0.0,-1.0,225.0,18.0,Cold
3874,1,8,0,0,0.0,0.0,0,1,350.0,-1.0,5,0,3,0,0.0,0.0,1.0,346.0,15.0,Cold
3873,1,8,0,0,0.0,0.0,0,1,348.0,-1.0,1,0,0,0,0.0,0.0,-1.0,348.0,17.0,Cold
3872,1,8,0,0,0.0,0.0,0,1,657.0,-1.0,2,0,2,0,0.0,0.0,1.0,349.0,12.5,Cold
3871,1,8,0,1,0.0,0.0,0,0,350.0,-1.0,4,0,2,0,0.0,0.0,0.67,348.0,18.0,Cold
3870,1,8,0,0,0.0,0.0,0,1,657.0,-1.0,3,0,2,0,0.0,0.0,0.5,349.0,15.0,Cold
3869,1,8,0,1,0.0,0.0,0,0,350.0,-1.0,6,2,3,0,0.0,0.0,22.0,240.0,19.0,Cold
3868,1,8,0,0,0.0,0.0,0,1,657.0,-1.0,5,0,5,0,0.0,0.0,2.0,342.0,12.5,Cold
3867,1,8,0,0,0.0,0.0,0,1,349.0,-1.0,2,0,1,0,0.0,0.0,1.0,349.0,15.0,Cold
3866,1,8,0,0,0.0,0.0,0,1,657.0,-1.0,2,0,2,0,0.0,0.0,2.0,346.0,12.5,Cold
3865,1,8,0,1,0.0,0.0,0,0,657.0,-1.0,12,2,10,0,0.0,0.0,5.64,288.0,20.2,Warm
3862,1,8,0,1,0.0,0.0,0,0,350.0,-1.0,4,2,3,0,0.0,0.0,26.33,271.0,19.0,Cold
3861,1,8,0,1,0.0,0.0,0,0,348.0,-1.0,5,1,2,0,0.0,0.0,0.5,348.0,17.5,Cold
3859,1,8,0,0,0.0,0.0,0,1,350.0,-1.0,5,0,3,0,0.0,0.0,1.0,346.0,15.0,Cold
3858,1,8,0,0,0.0,0.0,0,1,349.0,-1.0,7,0,3,0,0.0,0.0,1.0,344.0,15.0,Cold
3853,1,8,0,1,0.0,0.0,0,0,657.0,-1.0,20,0,17,0,0.0,0.0,5.32,247.0,16.0,Cold
3851,1,8,0,0,0.0,0.0,0,1,657.0,-1.0,8,0,7,0,0.0,0.0,2.86,328.0,11.0,Cold
3850,1,8,0,1,0.0,0.0,0,0,657.0,-1.0,8,0,6,0,0.0,0.0,2.71,329.0,18.0,Cold
3847,1,8,0,1,0.0,0.0,0,0,657.0,-1.0,3,1,3,0,0.0,0.0,2.0,344.0,15.5,Cold
3846,1,8,0,1,0.0,0.0,0,0,657.0,-1.0,6,0,5,0,0.0,0.0,3.8,329.0,18.0,Cold
3845,1,8,0,0,0.0,0.0,0,1,657.0,-1.0,6,0,0,0,0.0,0.0,11.2,292.0,17.0,Cold
3844,1,8,0,1,0.0,0.0,0,0,657.0,-1.0,4,0,0,0,0.0,0.0,1.33,632.0,18.0,Cold
3843,1,8,2,1,0.0,0.0,0,0,657.0,-1.0,2,0,2,0,0.0,0.0,1.0,61.0,12.5,Cold
3839,1,8,0,1,0.0,0.0,0,0,657.0,-1.0,2,0,0,0,0.0,0.0,2.0,225.0,15.5,Cold
3838,1,8,0,1,0.0,0.0,0,0,657.0,-1.0,1,0,0,0,0.0,0.0,-1.0,225.0,15.5,Cold
3837,1,8,0,1,0.0,0.0,0,0,657.0,-1.0,1,0,0,0,0.0,0.0,-1.0,225.0,18.0,Cold
3832,1,8,2,0,0.0,0.0,0,1,657.0,-1.0,1,0,1,0,0.0,0.0,-1.0,62.0,9.5,Cold
3831,1,8,1,1,0.0,0.0,0,0,657.0,-1.0,2,0,0,0,0.0,0.0,65.0,160.0,16.0,Cold
3830,1,8,0,1,0.0,0.0,0,0,657.0,-1.0,1,0,0,0,0.0,0.0,-1.0,225.0,18.0,Cold
3829,1,8,0,1,0.0,0.0,0,0,657.0,-1.0,1,0,0,0,0.0,0.0,-1.0,225.0,18.0,Cold
3823,1,8,0,1,0.0,0.0,0,0,657.0,-1.0,1,0,0,0,0.0,0.0,-1.0,225.0,18.0,Cold
3822,1,8,0,1,0.0,0.0,0,0,657.0,-1.0,1,0,0,0,0.0,0.0,-1.0,225.0,18.0,Cold
3821,1,8,0,1,0.0,0.0,0,0,657.0,-1.0,1,0,0,0,0.0,0.0,-1.0,225.0,18.0,Cold
3819,1,8,1,1,0.0,0.0,0,0,657.0,-1.0,1,0,0,0,0.0,0.0,-1.0,63.0,14.0,Cold
3815,1,8,0,1,0.0,0.0,0,0,657.0,-1.0,1,0,0,0,0.0,0.0,-1.0,225.0,15.5,Cold
3814,1,8,0,1,0.0,0.0,0,0,657.0,-1.0,1,0,0,0,0.0,0.0,-1.0,225.0,18.0,Cold
3813,1,8,0,1,0.0,0.0,0,0,657.0,-1.0,1,0,0,0,0.0,0.0,-1.0,225.0,18.0,Cold
3812,1,8,0,1,0.0,0.0,0,0,657.0,-1.0,1,0,0,0,0.0,0.0,-1.0,231.0,15.5,Cold
3811,1,8,1,1,0.0,0.0,0,0,657.0,-1.0,1,0,0,0,0.0,0.0,-1.0,63.0,14.0,Cold
3807,1,8,0,1,0.0,0.0,0,0,657.0,-1.0,1,0,0,0,0.0,0.0,-1.0,225.0,18.0,Cold
3806,1,8,0,1,0.0,0.0,0,0,657.0,-1.0,1,0,0,0,0.0,0.0,-1.0,225.0,18.0,Cold
3805,1,8,6,1,0.0,0.0,0,0,657.0,-1.0,2,0,0,0,0.0,0.0,65.0,160.0,21.0,Warm
3803,1,8,0,1,0.0,0.0,0,0,657.0,-1.0,1,0,0,0,0.0,0.0,-1.0,232.0,15.5,Cold
3799,1,8,0,1,0.0,0.0,0,0,657.0,-1.0,1,0,0,0,0.0,0.0,-1.0,225.0,18.0,Cold
3798,1,8,0,1,0.0,0.0,0,0,657.0,-1.0,1,0,0,0,0.0,0.0,-1.0,225.0,18.0,Cold
3797,1,8,0,1,0.0,0.0,0,0,657.0,-1.0,1,0,0,0,0.0,0.0,-1.0,232.0,15.5,Cold
3795,1,8,0,1,0.0,0.0,0,0,657.0,-1.0,1,0,0,0,0.0,0.0,-1.0,232.0,15.5,Cold
3792,1,8,1,1,0.0,0.0,0,0,657.0,-1.0,1,1,1,0,0.0,0.0,-1.0,63.0,16.0,Cold
3791,1,8,0,1,0.0,0.0,0,0,657.0,-1.0,1,0,0,0,0.0,0.0,-1.0,225.0,18.0,Cold
3790,1,8,0,1,0.0,0.0,0,0,657.0,-1.0,1,0,0,0,0.0,0.0,-1.0,225.0,15.5,Cold
3789,1,8,0,1,0.0,0.0,0,0,657.0,-1.0,1,0,0,0,0.0,0.0,-1.0,232.0,15.5,Cold
3788,1,8,0,1,0.0,0.0,0,0,657.0,-1.0,1,0,0,0,0.0,0.0,-1.0,232.0,15.5,Cold
3787,1,8,0,1,0.0,0.0,0,0,657.0,-1.0,1,0,0,0,0.0,0.0,-1.0,232.0,15.5,Cold
3783,1,8,0,1,0.0,0.0,0,0,657.0,-1.0,1,0,0,0,0.0,0.0,-1.0,225.0,18.0,Cold
3782,1,8,0,1,0.0,0.0,0,0,657.0,-1.0,1,0,0,0,0.0,0.0,-1.0,225.0,18.0,Cold
3781,1,8,0,1,0.0,0.0,0,0,657.0,-1.0,1,0,0,0,0.0,0.0,-1.0,232.0,18.0,Cold
3780,1,8,0,1,0.0,0.0,0,0,657.0,-1.0,1,0,0,0,0.0,0.0,-1.0,232.0,18.5,Cold
3779,1,8,0,1,0.0,0.0,0,0,657.0,-1.0,1,0,0,0,0.0,0.0,-1.0,232.0,18.0,Cold
3775,1,8,0,1,0.0,0.0,0,0,657.0,-1.0,1,0,0,0,0.0,0.0,-1.0,225.0,15.5,Cold
3774,1,8,0,1,0.0,0.0,0,0,657.0,-1.0,1,0,0,0,0.0,0.0,-1.0,225.0,18.0,Cold
3773,1,8,0,1,0.0,0.0,0,0,657.0,-1.0,1,0,0,0,0.0,0.0,-1.0,225.0,18.0,Cold
3772,1,8,0,1,0.0,0.0,0,0,657.0,-1.0,1,0,0,0,0.0,0.0,-1.0,225.0,18.0,Cold
3769,1,8,0,0,0.0,0.0,0,1,657.0,-1.0,3,0,0,0,0.0,0.0,51.5,479.0,15.0,Cold
3767,1,8,2,0,0.0,0.0,0,1,657.0,-1.0,4,1,4,0,0.0,0.0,2.0,56.0,10.2,Cold
3766,1,8,0,1,0.0,0.0,0,0,657.0,-1.0,1,0,0,0,0.0,0.0,-1.0,225.0,18.0,Cold
3765,1,8,0,1,0.0,0.0,0,0,657.0,-1.0,1,0,0,0,0.0,0.0,-1.0,225.0,18.0,Cold
3764,1,8,0,1,0.0,0.0,0,0,657.0,-1.0,1,0,0,0,0.0,0.0,-1.0,225.0,18.0,Cold
3763,1,8,6,1,0.0,0.0,0,0,657.0,-1.0,2,0,0,0,0.0,0.0,65.0,160.0,21.0,Warm
3761,1,8,0,1,0.0,0.0,0,0,657.0,-1.0,1,0,0,0,0.0,0.0,-1.0,519.0,16.0,Cold
3760,1,8,0,1,0.0,0.0,0,0,657.0,-1.0,1,0,0,0,0.0,0.0,-1.0,519.0,16.0,Cold
3759,1,8,0,1,0.0,0.0,0,0,657.0,-1.0,2,0,0,0,0.0,0.0,12.0,507.0,16.0,Cold
3758,1,8,0,1,0.0,0.0,0,0,657.0,-1.0,1,0,0,0,0.0,0.0,-1.0,519.0,16.0,Cold
3757,1,8,0,1,0.0,0.0,0,0,657.0,-1.0,1,0,0,0,0.0,0.0,-1.0,519.0,16.0,Cold
3756,1,8,0,1,0.0,0.0,0,0,657.0,-1.0,1,0,0,0,0.0,0.0,-1.0,520.0,16.0,Cold
3755,1,8,0,1,0.0,0.0,0,0,657.0,-1.0,2,0,2,0,0.0,0.0,0.0,520.0,12.0,Cold
3754,1,8,0,1,0.0,0.0,0,0,657.0,-1.0,1,0,1,0,0.0,0.0,-1.0,520.0,14.0,Cold
3753,1,8,0,1,0.0,0.0,0,0,657.0,-1.0,1,0,0,0,0.0,0.0,-1.0,520.0,15.5,Cold
3752,1,8,0,1,0.0,0.0,0,0,657.0,-1.0,1,0,0,0,0.0,0.0,-1.0,520.0,16.0,Cold
3751,1,8,0,1,0.0,0.0,0,0,657.0,-1.0,1,0,0,0,0.0,0.0,-1.0,520.0,16.0,Cold
3750,1,8,0,1,0.0,0.0,0,0,657.0,-1.0,1,0,0,0,0.0,0.0,-1.0,520.0,15.5,Cold
3749,1,8,0,1,0.0,0.0,0,0,657.0,-1.0,1,0,0,0,0.0,0.0,-1.0,520.0,16.0,Cold
3748,1,8,0,1,0.0,0.0,0,0,657.0,-1.0,1,0,0,0,0.0,0.0,-1.0,520.0,16.0,Cold
3747,1,8,0,1,0.0,0.0,0,0,657.0,-1.0,2,0,1,0,0.0,0.0,23.0,497.0,14.0,Cold
3746,1,8,0,1,0.0,0.0,0,0,657.0,-1.0,1,0,0,0,0.0,0.0,-1.0,520.0,15.5,Cold
3745,1,8,0,1,0.0,0.0,0,0,657.0,-1.0,1,0,0,0,0.0,0.0,-1.0,520.0,15.5,Cold
3744,1,8,0,1,0.0,0.0,0,0,657.0,-1.0,1,0,0,0,0.0,0.0,-1.0,520.0,16.0,Cold
3743,1,8,0,1,0.0,0.0,0,0,657.0,-1.0,1,0,0,0,0.0,0.0,-1.0,520.0,16.0,Cold
3742,1,8,0,1,0.0,0.0,0,0,657.0,-1.0,2,0,0,0,0.0,0.0,21.0,499.0,18.0,Cold
3741,1,8,0,1,0.0,0.0,0,0,657.0,-1.0,1,0,1,0,0.0,0.0,-1.0,520.0,14.0,Cold
3740,1,8,0,1,0.0,0.0,0,0,657.0,-1.0,1,0,0,0,0.0,0.0,-1.0,520.0,16.0,Cold
3739,1,8,0,1,0.0,0.0,0,0,657.0,-1.0,1,0,0,0,0.0,0.0,-1.0,520.0,16.0,Cold
3738,1,8,0,1,0.0,0.0,0,0,657.0,-1.0,1,0,0,0,0.0,0.0,-1.0,520.0,16.0,Cold
3737,1,8,0,1,0.0,0.0,0,0,657.0,-1.0,1,0,0,0,0.0,0.0,-1.0,520.0,16.0,Cold
3736,1,8,0,1,0.0,0.0,0,0,657.0,-1.0,1,0,0,0,0.0,0.0,-1.0,520.0,16.0,Cold
3735,1,8,0,1,0.0,0.0,0,0,657.0,-1.0,2,1,0,0,0.0,0.0,23.0,497.0,17.5,Cold
3734,1,8,0,1,0.0,0.0,0,0,657.0,-1.0,1,0,0,0,0.0,0.0,-1.0,520.0,16.0,Cold
3733,1,8,0,0,0.0,0.0,0,1,657.0,-1.0,1,0,0,0,0.0,0.0,-1.0,520.0,13.0,Cold
3732,1,8,0,1,0.0,0.0,0,0,657.0,-1.0,1,0,0,0,0.0,0.0,-1.0,520.0,16.0,Cold
3731,1,8,0,1,0.0,0.0,0,0,657.0,-1.0,1,0,0,0,0.0,0.0,-1.0,520.0,16.0,Cold
3730,1,8,0,1,0.0,0.0,0,0,657.0,-1.0,1,0,0,0,0.0,0.0,-1.0,520.0,16.0,Cold
3729,1,8,0,1,0.0,0.0,0,0,657.0,-1.0,5,2,0,0,0.0,0.0,33.25,519.0,21.4,Warm
3728,1,8,0,1,0.0,0.0,0,0,657.0,-1.0,1,0,0,0,0.0,0.0,-1.0,520.0,16.0,Cold
3727,1,8,0,1,0.0,0.0,0,0,657.0,-1.0,1,0,0,0,0.0,0.0,-1.0,520.0,16.0,Cold
3726,1,8,0,1,0.0,0.0,0,0,657.0,-1.0,1,1,1,0,0.0,0.0,-1.0,520.0,15.0,Cold
3725,1,8,0,1,0.0,0.0,0,0,657.0,-1.0,2,0,0,0,0.0,0.0,1.0,519.0,16.0,Cold
3724,1,8,0,0,0.0,0.0,0,1,657.0,-1.0,3,2,1,0,0.0,0.0,10.5,499.0,17.2,Cold
3723,1,8,0,1,0.0,0.0,0,0,657.0,-1.0,2,0,0,0,0.0,0.0,1.0,519.0,18.0,Cold
3722,1,8,0,1,0.0,0.0,0,0,657.0,-1.0,1,0,0,0,0.0,0.0,-1.0,520.0,16.0,Cold
3721,1,8,0,1,0.0,0.0,0,0,657.0,-1.0,1,0,0,0,0.0,0.0,-1.0,520.0,16.0,Cold
3720,1,8,0,1,0.0,0.0,0,0,657.0,-1.0,1,1,1,0,0.0,0.0,-1.0,520.0,17.5,Cold
3719,1,8,0,1,0.0,0.0,0,0,657.0,-1.0,1,0,0,0,0.0,0.0,-1.0,523.0,18.0,Cold
3718,1,8,0,1,0.0,0.0,0,0,657.0,-1.0,2,0,1,0,0.0,0.0,2.0,521.0,13.5,Cold
3717,1,8,0,1,0.0,0.0,0,0,657.0,-1.0,1,1,1,0,0.0,0.0,-1.0,523.0,17.5,Cold
3716,1,8,0,1,0.0,0.0,0,0,657.0,-1.0,1,0,0,0,0.0,0.0,-1.0,523.0,15.5,Cold
3715,2,8,0,1,0.0,0.0,0,0,350.0,-1.0,8,0,1,0,0.0,0.0,29.57,316.0,21.0,Warm
3714,1,8,0,1,0.0,0.0,0,0,657.0,-1.0,1,0,0,0,0.0,0.0,-1.0,523.0,15.5,Cold
3713,1,8,0,1,0.0,0.0,0,0,657.0,-1.0,1,0,0,0,0.0,0.0,-1.0,523.0,15.5,Cold
3712,1,8,0,1,0.0,0.0,0,0,657.0,-1.0,1,1,1,0,0.0,0.0,-1.0,523.0,17.5,Cold
3711,1,8,0,1,0.0,0.0,0,0,657.0,-1.0,1,0,0,0,0.0,0.0,-1.0,523.0,18.0,Cold
3710,1,8,0,1,0.0,0.0,0,0,657.0,-1.0,3,1,1,0,0.0,0.0,12.0,499.0,17.5,Cold
3709,1,8,0,1,0.0,0.0,0,0,657.0,-1.0,1,0,0,0,0.0,0.0,-1.0,523.0,15.5,Cold
3708,1,8,0,1,0.0,0.0,0,0,657.0,-1.0,2,1,2,0,0.0,0.0,3.0,520.0,13.0,Cold
3707,1,8,0,1,0.0,0.0,0,0,657.0,-1.0,1,1,1,0,0.0,0.0,-1.0,523.0,17.5,Cold
3706,1,8,0,1,0.0,0.0,0,0,657.0,-1.0,1,0,0,0,0.0,0.0,-1.0,523.0,15.5,Cold
3705,1,8,0,1,0.0,0.0,0,0,618.0,-1.0,2,0,0,0,0.0,0.0,95.0,523.0,20.0,Cold
3704,1,8,0,1,0.0,0.0,0,0,657.0,-1.0,2,1,1,0,0.0,0.0,2.0,521.0,17.5,Cold
3703,1,8,0,1,0.0,0.0,0,0,657.0,-1.0,1,1,1,0,0.0,0.0,-1.0,523.0,17.5,Cold
3702,1,8,0,1,0.0,0.0,0,0,657.0,-1.0,1,0,0,0,0.0,0.0,-1.0,523.0,15.5,Cold
3701,1,8,0,1,0.0,0.0,0,0,657.0,-1.0,1,0,0,0,0.0,0.0,-1.0,523.0,16.0,Cold
3700,1,8,0,1,0.0,0.0,0,0,657.0,-1.0,1,0,0,0,0.0,0.0,-1.0,523.0,18.0,Cold
3699,1,8,0,1,0.0,0.0,0,0,657.0,-1.0,1,1,1,0,0.0,0.0,-1.0,523.0,17.5,Cold
3698,1,8,0,1,0.0,0.0,0,0,619.0,-1.0,2,0,0,0,0.0,0.0,94.0,525.0,20.0,Cold
3697,1,8,0,1,0.0,0.0,0,0,657.0,-1.0,1,1,1,0,0.0,0.0,-1.0,523.0,17.5,Cold
3696,2,8,0,1,0.0,0.0,0,0,335.0,-1.0,11,0,5,0,0.0,0.0,18.8,335.0,21.0,Warm
3695,1,8,0,1,0.0,0.0,0,0,657.0,-1.0,1,0,0,0,0.0,0.0,-1.0,523.0,18.0,Cold
3694,1,8,0,1,0.0,0.0,0,0,619.0,-1.0,3,0,0,0,0.0,0.0,49.0,521.0,20.0,Cold
3693,1,8,0,1,0.0,0.0,0,0,657.0,-1.0,2,0,1,0,0.0,0.0,3.0,520.0,13.5,Cold
3692,1,8,0,1,0.0,0.0,0,0,657.0,-1.0,1,0,0,0,0.0,0.0,-1.0,523.0,18.0,Cold
3691,1,8,0,1,0.0,0.0,0,0,657.0,-1.0,3,1,1,0,0.0,0.0,3.0,519.0,17.5,Cold
3690,1,8,0,1,0.0,0.0,0,0,657.0,-1.0,3,1,1,0,0.0,0.0,11.5,502.0,17.5,Cold
3689,1,8,0,1,0.0,0.0,0,0,657.0,-1.0,2,1,1,0,0.0,0.0,0.0,525.0,17.5,Cold
3688,1,8,0,1,0.0,0.0,0,0,657.0,-1.0,2,1,1,0,0.0,0.0,19.0,506.0,17.5,Cold
3687,1,8,0,1,0.0,0.0,0,0,657.0,-1.0,1,0,0,0,0.0,0.0,-1.0,525.0,18.0,Cold
3686,1,8,0,1,0.0,0.0,0,0,657.0,-1.0,1,0,0,0,0.0,0.0,-1.0,525.0,15.5,Cold
3685,1,8,0,1,0.0,0.0,0,0,657.0,-1.0,2,1,1,0,0.0,0.0,4.0,521.0,17.5,Cold
3684,1,8,0,1,0.0,0.0,0,0,657.0,-1.0,1,0,0,0,0.0,0.0,-1.0,526.0,18.0,Cold
3683,1,8,0,1,0.0,0.0,0,0,657.0,-1.0,1,0,0,0,0.0,0.0,-1.0,526.0,15.5,Cold
3682,1,8,0,1,0.0,0.0,0,0,657.0,-1.0,1,1,1,0,0.0,0.0,-1.0,526.0,17.5,Cold
3681,1,8,0,1,0.0,0.0,0,0,657.0,-1.0,1,0,0,0,0.0,0.0,-1.0,526.0,18.0,Cold
3680,1,8,0,1,0.0,0.0,0,0,657.0,-1.0,1,1,1,0,0.0,0.0,-1.0,526.0,17.5,Cold
3679,1,8,0,1,0.0,0.0,0,0,310.0,-1.0,5,0,1,0,0.0,0.0,52.5,310.0,18.0,Cold
3678,1,8,0,1,0.0,0.0,0,0,657.0,-1.0,1,0,0,0,0.0,0.0,-1.0,331.0,15.5,Cold
3677,1,8,0,1,0.0,0.0,0,0,322.0,-1.0,2,0,1,0,0.0,0.0,5.0,322.0,16.0,Cold
3676,1,8,0,1,0.0,0.0,0,0,657.0,-1.0,2,2,2,0,0.0,0.0,25.0,292.0,23.4,Warm
3675,1,8,0,1,0.0,0.0,0,0,346.0,-1.0,1,0,1,0,0.0,0.0,-1.0,346.0,13.5,Cold
3674,1,8,0,1,0.0,0.0,0,0,346.0,-1.0,1,0,1,0,0.0,0.0,-1.0,346.0,13.5,Cold
3673,1,8,0,1,0.0,0.0,0,0,346.0,-1.0,1,0,1,0,0.0,0.0,-1.0,346.0,13.5,Cold
3671,1,8,0,1,0.0,0.0,0,0,345.0,-1.0,4,0,1,0,0.0,0.0,2.33,345.0,18.0,Cold
3670,1,8,0,1,0.0,0.0,0,0,344.0,-1.0,6,0,0,0,0.0,0.0,5.6,316.0,20.0,Cold
3669,1,8,0,1,0.0,0.0,0,0,657.0,-1.0,3,0,0,0,0.0,0.0,13.0,318.0,15.5,Cold
3668,1,8,0,1,0.0,0.0,0,0,330.0,-1.0,3,0,0,0,0.0,0.0,144.5,330.0,20.0,Cold
3667,1,8,0,1,0.0,0.0,0,0,321.0,-1.0,7,0,0,0,0.0,0.0,4.17,321.0,20.0,Cold
3666,1,8,0,0,0.0,0.0,0,1,353.0,-1.0,8,0,2,0,0.0,0.0,0.86,350.0,15.0,Cold
3665,1,8,0,1,0.0,0.0,0,0,330.0,-1.0,1,0,1,0,0.0,0.0,-1.0,330.0,16.0,Cold
3664,1,8,0,1,0.0,0.0,0,0,334.0,-1.0,2,0,0,0,0.0,0.0,0.0,334.0,20.0,Cold
3663,1,8,0,1,0.0,0.0,0,0,345.0,-1.0,3,1,1,0,0.0,0.0,48.5,248.0,19.5,Cold
3662,1,8,0,1,0.0,0.0,0,0,344.0,-1.0,4,1,2,0,0.0,0.0,32.33,248.0,17.5,Cold
3661,1,8,0,1,0.0,0.0,0,0,346.0,-1.0,2,0,1,0,0.0,0.0,19.0,327.0,16.0,Cold
3660,1,8,0,1,0.0,0.0,0,0,341.0,-1.0,10,2,2,0,0.0,0.0,7.11,281.0,21.0,Warm
3659,1,8,0,1,0.0,0.0,0,0,346.0,-1.0,1,0,1,0,0.0,0.0,-1.0,346.0,13.5,Cold
3658,1,8,0,1,0.0,0.0,0,0,340.0,-1.0,5,1,0,0,0.0,0.0,4.25,327.0,21.5,Warm
3657,1,8,0,0,0.0,0.0,0,1,355.0,-1.0,3,0,1,0,0.0,0.0,0.5,355.0,15.0,Cold
3656,1,8,0,1,0.0,0.0,0,0,352.0,-1.0,4,2,2,0,0.0,0.0,1.0,352.0,21.0,Warm
3655,1,8,0,1,0.0,0.0,0,0,307.0,-1.0,3,0,1,0,0.0,0.0,12.5,307.0,18.0,Cold
3654,1,8,0,1,0.0,0.0,0,0,317.0,-1.0,2,0,1,0,0.0,0.0,15.0,317.0,16.0,Cold
3653,1,8,0,1,0.0,0.0,0,0,323.0,-1.0,3,0,0,0,0.0,0.0,4.0,323.0,20.0,Cold
3652,1,8,0,1,0.0,0.0,0,0,329.0,-1.0,6,0,1,0,0.0,0.0,4.2,329.0,18.0,Cold
3651,1,8,0,1,0.0,0.0,0,0,346.0,-1.0,2,0,0,0,0.0,0.0,0.0,346.0,20.0,Cold
3650,1,8,0,1,0.0,0.0,0,0,346.0,-1.0,1,0,1,0,0.0,0.0,-1.0,346.0,13.5,Cold
3649,1,8,0,1,0.0,0.0,0,0,335.0,-1.0,9,1,5,0,0.0,0.0,4.38,317.0,16.7,Cold
3648,1,8,0,1,0.0,0.0,0,0,335.0,-1.0,6,1,2,0,0.0,0.0,9.4,301.0,17.5,Cold
3647,1,8,0,1,0.0,0.0,0,0,332.0,-1.0,4,0,1,0,0.0,0.0,5.33,332.0,18.0,Cold
3646,1,8,0,1,0.0,0.0,0,0,348.0,-1.0,7,0,4,0,0.0,0.0,3.0,330.0,18.0,Cold
3645,1,8,0,1,0.0,0.0,0,0,355.0,-1.0,2,1,0,0,0.0,0.0,0.0,355.0,21.5,Warm
3644,1,8,0,1,0.0,0.0,0,0,356.0,-1.0,7,0,5,0,0.0,0.0,7.0,314.0,18.0,Cold
3643,1,8,0,1,0.0,0.0,0,0,327.0,-1.0,4,0,0,0,0.0,0.0,7.0,327.0,20.0,Cold
3642,1,8,0,1,0.0,0.0,0,0,657.0,-1.0,2,0,0,0,0.0,0.0,23.0,327.0,15.5,Cold
3641,1,8,6,1,0.0,0.0,0,0,657.0,-1.0,8,0,2,0,67.0,0.0,29.57,124.0,21.0,Warm
3640,1,8,0,1,0.0,0.0,0,0,323.0,-1.0,4,1,0,0,0.0,0.0,2.67,323.0,21.5,Warm
3639,1,8,0,1,0.0,0.0,0,0,300.0,-1.0,5,0,0,0,0.0,0.0,7.75,300.0,20.0,Cold
3638,1,8,6,0,0.0,0.0,0,1,352.0,-1.0,6,2,4,0,25.0,0.0,60.6,49.0,18.2,Cold
3637,1,8,0,1,0.0,0.0,0,0,324.0,-1.0,5,0,0,0,0.0,0.0,5.0,324.0,20.0,Cold
3636,1,8,0,1,0.0,0.0,0,0,346.0,-1.0,1,0,1,0,0.0,0.0,-1.0,346.0,13.5,Cold
3635,1,8,0,1,0.0,0.0,0,0,346.0,-1.0,2,0,0,0,0.0,0.0,0.0,346.0,20.0,Cold
3634,1,8,0,1,0.0,0.0,0,0,346.0,-1.0,2,0,1,0,0.0,0.0,0.0,346.0,18.0,Cold
3633,1,8,0,1,0.0,0.0,0,0,337.0,-1.0,18,2,5,0,0.0,0.0,4.65,276.0,21.0,Warm
3632,1,8,0,1,0.0,0.0,0,0,350.0,-1.0,6,0,3,0,0.0,0.0,0.4,350.0,18.0,Cold
3631,1,8,0,1,0.0,0.0,0,0,344.0,-1.0,7,0,2,0,0.0,0.0,5.17,314.0,18.0,Cold
3630,1,8,0,1,0.0,0.0,0,0,299.0,-1.0,5,0,0,0,0.0,0.0,8.0,299.0,20.0,Cold
3629,1,8,0,1,0.0,0.0,0,0,332.0,-1.0,2,0,0,0,0.0,0.0,0.0,332.0,20.0,Cold
3628,1,8,0,1,0.0,0.0,0,0,345.0,-1.0,3,1,1,0,0.0,0.0,3.5,345.0,19.5,Cold
3627,1,8,0,0,0.0,0.0,0,1,345.0,-1.0,3,0,1,0,0.0,0.0,0.5,344.0,15.0,Cold
3626,1,8,0,1,0.0,0.0,0,0,337.0,-1.0,6,2,4,0,0.0,0.0,15.4,271.0,17.0,Cold
3625,1,8,0,1,0.0,0.0,0,0,314.0,-1.0,4,0,0,0,0.0,0.0,6.0,314.0,20.0,Cold
3624,1,8,0,1,0.0,0.0,0,0,657.0,-1.0,2,0,0,0,0.0,0.0,16.0,328.0,15.5,Cold
3623,1,8,0,1,0.0,0.0,0,0,657.0,-1.0,2,0,0,0,0.0,0.0,18.0,332.0,15.5,Cold
3622,1,8,0,1,0.0,0.0,0,0,348.0,-1.0,2,0,0,0,0.0,0.0,0.0,348.0,20.0,Cold
3621,1,8,0,0,0.0,0.0,0,1,657.0,-1.0,2,0,2,0,0.0,0.0,1.0,351.0,12.5,Cold
3620,1,8,0,1,0.0,0.0,0,0,341.0,-1.0,11,3,5,0,0.0,0.0,2.8,327.0,20.5,Warm
3619,1,8,0,0,0.0,0.0,0,1,345.0,-1.0,5,0,5,0,0.0,0.0,5.5,330.0,10.5,Cold
3618,1,8,0,1,0.0,0.0,0,0,348.0,-1.0,1,0,1,0,0.0,0.0,-1.0,348.0,13.5,Cold
3617,1,8,0,1,0.0,0.0,0,0,348.0,-1.0,1,0,1,0,0.0,0.0,-1.0,348.0,13.5,Cold
3616,1,8,0,1,0.0,0.0,0,0,317.0,-1.0,3,0,1,0,0.0,0.0,7.5,317.0,18.0,Cold
3615,1,8,0,1,0.0,0.0,0,0,330.0,-1.0,2,0,1,0,0.0,0.0,0.0,330.0,18.0,Cold
3614,1,8,0,1,0.0,0.0,0,0,296.0,-1.0,5,0,0,0,0.0,0.0,8.5,296.0,20.0,Cold
3613,1,8,0,1,0.0,0.0,0,0,348.0,-1.0,2,0,1,0,0.0,0.0,0.0,348.0,18.0,Cold
3612,1,8,0,1,0.0,0.0,0,0,348.0,-1.0,2,0,1,0,0.0,0.0,0.0,348.0,18.0,Cold
3611,1,8,0,1,0.0,0.0,0,0,337.0,-1.0,5,0,1,0,0.0,0.0,9.5,308.0,18.0,Cold
3610,1,8,0,1,0.0,0.0,0,0,657.0,-1.0,3,0,0,0,0.0,0.0,9.5,331.0,15.5,Cold
3609,1,8,0,1,0.0,0.0,0,0,351.0,-1.0,10,2,3,0,0.0,0.0,11.56,248.0,21.0,Warm
3608,1,8,0,1,0.0,0.0,0,0,334.0,-1.0,10,0,3,0,0.0,0.0,11.56,248.0,16.0,Cold
3607,1,8,0,0,0.0,0.0,0,1,657.0,-1.0,1,0,0,0,0.0,0.0,-1.0,355.0,14.5,Cold
3606,1,8,0,1,0.0,0.0,0,0,345.0,-1.0,2,0,0,0,0.0,0.0,0.0,345.0,20.0,Cold
3605,1,8,0,1,0.0,0.0,0,0,330.0,-1.0,2,0,0,0,0.0,0.0,8.0,322.0,18.0,Cold
3604,1,8,0,1,0.0,0.0,0,0,344.0,-1.0,6,3,3,0,0.0,0.0,6.2,314.0,20.5,Warm
3603,1,8,0,0,0.0,0.0,0,1,345.0,-1.0,7,2,4,0,0.0,0.0,1.67,335.0,18.0,Cold
3602,1,8,0,1,0.0,0.0,0,0,346.0,-1.0,2,0,1,0,0.0,0.0,0.0,346.0,18.0,Cold
3601,1,8,0,1,0.0,0.0,0,0,325.0,-1.0,2,0,0,0,0.0,0.0,0.0,325.0,20.0,Cold
3600,1,8,0,1,0.0,0.0,0,0,657.0,-1.0,2,0,0,0,0.0,0.0,0.0,330.0,15.5,Cold
3599,1,8,0,1,0.0,0.0,0,0,346.0,-1.0,2,0,1,0,0.0,0.0,24.0,322.0,13.5,Cold
3598,1,8,0,0,0.0,0.0,0,1,345.0,-1.0,8,0,6,0,0.0,0.0,7.57,292.0,11.0,Cold
3597,1,8,0,1,0.0,0.0,0,0,345.0,-1.0,2,0,2,0,0.0,0.0,7.0,345.0,13.5,Cold
3596,1,8,0,1,0.0,0.0,0,0,657.0,-1.0,4,0,1,0,0.0,0.0,36.0,247.0,15.5,Cold
3595,1,8,0,0,0.0,0.0,0,1,355.0,-1.0,7,1,3,0,0.0,0.0,10.0,295.0,14.5,Cold
3594,1,8,0,1,0.0,0.0,0,0,657.0,-1.0,3,1,1,0,0.0,0.0,19.0,280.0,17.5,Cold
3593,1,8,0,1,0.0,0.0,0,0,657.0,-1.0,2,0,1,0,0.0,0.0,17.0,327.0,13.5,Cold
3592,1,8,0,1,0.0,0.0,0,0,657.0,-1.0,2,0,2,0,0.0,0.0,16.0,328.0,13.5,Cold
3591,1,8,0,1,0.0,0.0,0,0,317.0,-1.0,3,0,2,0,0.0,0.0,7.5,317.0,18.0,Cold
3590,1,8,0,1,0.0,0.0,0,0,332.0,-1.0,2,0,0,0,0.0,0.0,0.0,332.0,20.0,Cold
3589,1,8,0,1,0.0,0.0,0,0,332.0,-1.0,1,0,1,0,0.0,0.0,-1.0,332.0,16.0,Cold
3585,1,8,0,1,0.0,0.0,0,0,405.0,-1.0,2,0,0,0,0.0,0.0,2.0,405.0,20.0,Cold
3584,1,8,0,8,0.0,0.0,0,0,657.0,-1.0,1,0,0,0,0.0,0.0,-1.0,422.0,20.0,Cold
3583,1,8,0,1,0.0,0.0,0,0,657.0,-1.0,3,1,2,0,0.0,0.0,22.0,281.0,15.5,Cold
3582,1,8,0,1,0.0,0.0,0,0,657.0,-1.0,3,1,3,0,0.0,0.0,26.5,275.0,15.5,Cold
3581,1,8,0,1,0.0,0.0,0,0,350.0,-1.0,3,0,2,0,0.0,0.0,1.0,350.0,18.0,Cold
3580,1,8,6,0,0.0,0.0,0,1,657.0,-1.0,4,2,4,0,0.0,0.0,65.33,126.0,17.0,Cold
3579,1,8,0,1,0.0,0.0,0,0,657.0,-1.0,1,1,1,0,0.0,0.0,-1.0,325.0,17.5,Cold
3578,1,8,0,1,0.0,0.0,0,0,318.0,-1.0,3,0,0,0,0.0,0.0,101.0,318.0,20.0,Cold
3577,1,8,0,1,0.0,0.0,0,0,657.0,-1.0,2,0,0,0,0.0,0.0,198.0,322.0,18.0,Cold
3576,1,8,0,1,0.0,0.0,0,0,619.0,-1.0,6,2,4,0,0.0,0.0,75.8,240.0,20.2,Warm
3575,1,8,0,1,0.0,0.0,0,0,657.0,-1.0,1,0,0,0,0.0,0.0,-1.0,520.0,15.5,Cold
3574,1,8,0,1,0.0,0.0,0,0,657.0,-1.0,2,1,2,0,0.0,0.0,206.0,314.0,15.5,Cold
3573,2,8,0,1,0.0,0.0,0,0,351.0,-1.0,8,4,4,0,0.0,0.0,25.14,344.0,27.0,Warm
3572,1,8,0,1,0.0,0.0,0,0,657.0,-1.0,2,0,0,0,0.0,0.0,94.0,520.0,18.0,Cold
3571,1,8,0,1,0.0,0.0,0,0,621.0,-1.0,5,1,2,0,0.0,0.0,86.5,275.0,19.5,Cold
3570,1,8,0,1,0.0,0.0,0,0,657.0,-1.0,1,0,0,0,0.0,0.0,-1.0,520.0,15.5,Cold
3569,1,8,0,1,0.0,0.0,0,0,657.0,-1.0,1,0,0,0,0.0,0.0,-1.0,520.0,15.5,Cold
3568,1,8,0,1,0.0,0.0,0,0,657.0,-1.0,1,1,1,0,0.0,0.0,-1.0,520.0,17.5,Cold
3567,1,8,0,1,0.0,0.0,0,0,657.0,-1.0,3,2,2,0,0.0,0.0,116.0,288.0,19.0,Cold
3566,1,8,0,1,0.0,0.0,0,0,657.0,-1.0,3,3,3,0,0.0,0.0,112.5,295.0,20.5,Warm
3565,1,8,0,1,0.0,0.0,0,0,657.0,-1.0,4,1,3,0,0.0,0.0,83.0,271.0,15.5,Cold
3564,1,8,0,1,0.0,0.0,0,0,657.0,-1.0,1,0,0,0,0.0,0.0,-1.0,520.0,15.5,Cold
3563,1,8,0,1,0.0,0.0,0,0,657.0,-1.0,1,1,0,0,0.0,0.0,-1.0,520.0,19.5,Cold
3562,1,8,0,1,0.0,0.0,0,0,657.0,-1.0,1,0,0,0,0.0,0.0,-1.0,520.0,18.0,Cold
3561,1,8,0,1,0.0,0.0,0,0,657.0,-1.0,3,2,2,0,0.0,0.0,120.5,279.0,19.0,Cold
3560,1,8,0,1,0.0,0.0,0,0,657.0,-1.0,1,0,0,0,0.0,0.0,-1.0,520.0,15.5,Cold
3559,1,8,0,1,0.0,0.0,0,0,657.0,-1.0,1,1,1,0,0.0,0.0,-1.0,520.0,17.5,Cold
3558,1,8,0,1,0.0,0.0,0,0,657.0,-1.0,3,1,1,0,0.0,0.0,109.5,301.0,17.5,Cold
3557,1,8,0,1,0.0,0.0,0,0,657.0,-1.0,1,0,0,0,0.0,0.0,-1.0,520.0,15.5,Cold
3556,1,8,0,1,0.0,0.0,0,0,657.0,-1.0,1,0,0,0,0.0,0.0,-1.0,520.0,15.5,Cold
3555,1,8,0,1,0.0,0.0,0,0,657.0,-1.0,1,0,0,0,0.0,0.0,-1.0,520.0,15.5,Cold
3554,1,8,0,1,0.0,0.0,0,0,657.0,-1.0,1,0,0,0,0.0,0.0,-1.0,520.0,15.5,Cold
3553,1,8,0,1,0.0,0.0,0,0,657.0,-1.0,1,0,1,0,0.0,0.0,-1.0,520.0,13.5,Cold
3552,2,8,0,1,0.0,0.0,0,0,657.0,-1.0,3,1,2,0,0.0,0.0,85.0,350.0,22.5,Warm
3551,1,8,0,1,0.0,0.0,0,0,657.0,-1.0,2,1,1,0,0.0,0.0,197.0,323.0,20.7,Warm
3550,1,8,0,1,0.0,0.0,0,0,657.0,-1.0,1,0,0,0,0.0,0.0,-1.0,520.0,15.5,Cold
3549,1,8,0,1,0.0,0.0,0,0,657.0,-1.0,1,0,0,0,0.0,0.0,-1.0,520.0,15.5,Cold
3548,1,8,0,1,0.0,0.0,0,0,657.0,-1.0,1,0,0,0,0.0,0.0,-1.0,520.0,18.0,Cold
3547,1,8,0,1,0.0,0.0,0,0,374.0,-1.0,6,0,0,0,0.0,0.0,29.2,374.0,20.0,Cold
3546,1,8,0,1,0.0,0.0,0,0,657.0,-1.0,1,0,0,0,0.0,0.0,-1.0,520.0,15.5,Cold
3545,1,8,0,1,0.0,0.0,0,0,352.0,-1.0,5,1,2,0,0.0,0.0,0.75,352.0,17.5,Cold
3544,1,8,0,1,0.0,0.0,0,0,657.0,-1.0,3,0,2,0,0.0,0.0,29.0,269.0,16.0,Cold
3543,1,8,0,1,0.0,0.0,0,0,657.0,-1.0,2,0,2,0,0.0,0.0,22.0,300.0,13.5,Cold
3542,1,8,0,1,0.0,0.0,0,0,657.0,-1.0,1,0,0,0,0.0,0.0,-1.0,520.0,15.5,Cold
3541,1,8,0,1,0.0,0.0,0,0,345.0,-1.0,3,0,0,0,0.0,0.0,7.5,330.0,20.0,Cold
3540,1,8,0,1,0.0,0.0,0,0,657.0,-1.0,3,0,0,0,0.0,0.0,11.0,323.0,15.5,Cold
3539,1,8,0,0,0.0,0.0,0,1,334.0,-1.0,4,0,2,0,0.0,0.0,6.0,334.0,13.0,Cold
3538,1,8,0,1,0.0,0.0,0,0,657.0,-1.0,1,0,0,0,0.0,0.0,-1.0,330.0,18.0,Cold
3537,1,8,0,1,0.0,0.0,0,0,657.0,-1.0,1,0,0,0,0.0,0.0,-1.0,330.0,18.0,Cold
3536,1,8,0,0,0.0,0.0,0,1,324.0,-1.0,4,0,0,0,0.0,0.0,11.0,297.0,17.0,Cold
3535,1,8,0,1,0.0,0.0,0,0,657.0,-1.0,1,0,0,0,0.0,0.0,-1.0,327.0,15.5,Cold
3534,1,8,0,1,0.0,0.0,0,0,345.0,-1.0,2,0,1,0,0.0,0.0,0.0,345.0,18.0,Cold
3533,1,8,0,1,0.0,0.0,0,0,325.0,-1.0,3,0,2,0,0.0,0.0,10.0,325.0,16.0,Cold
3532,1,8,0,1,0.0,0.0,0,0,657.0,-1.0,2,0,2,0,0.0,0.0,20.0,301.0,13.5,Cold
3531,1,8,0,0,0.0,0.0,0,1,657.0,-1.0,1,0,0,0,0.0,0.0,-1.0,355.0,14.5,Cold
3530,1,8,0,1,0.0,0.0,0,0,617.0,-1.0,1,0,0,0,0.0,0.0,-1.0,617.0,20.0,Cold
3529,1,8,0,1,0.0,0.0,0,0,344.0,-1.0,3,0,1,0,0.0,0.0,0.5,344.0,18.0,Cold
3528,1,8,0,1,0.0,0.0,0,0,657.0,-1.0,3,1,1,0,0.0,0.0,21.5,278.0,17.5,Cold
3527,1,8,0,1,0.0,0.0,0,0,332.0,-1.0,2,0,0,0,0.0,0.0,0.0,332.0,20.0,Cold
3526,1,8,0,1,0.0,0.0,0,0,332.0,-1.0,2,0,0,0,0.0,0.0,0.0,332.0,20.0,Cold
3525,1,8,6,1,0.0,0.0,0,0,657.0,-1.0,3,1,2,0,0.0,0.0,66.0,191.0,18.5,Cold
3524,1,8,0,1,0.0,0.0,0,0,335.0,-1.0,7,3,2,0,0.0,0.0,6.33,314.0,20.5,Warm
3523,1,8,0,1,0.0,0.0,0,0,328.0,-1.0,4,0,1,0,28.0,0.0,73.33,124.0,18.0,Cold
3522,1,8,0,1,0.0,0.0,0,0,317.0,-1.0,4,0,1,0,0.0,0.0,5.0,317.0,18.0,Cold
3521,1,8,0,1,0.0,0.0,0,0,657.0,-1.0,2,0,0,0,0.0,0.0,83.0,247.0,18.0,Cold
3520,1,8,0,1,0.0,0.0,0,0,657.0,-1.0,2,0,0,0,0.0,0.0,15.0,329.0,15.5,Cold
3519,1,8,0,0,0.0,0.0,0,1,657.0,-1.0,2,0,2,0,0.0,0.0,1.0,344.0,12.5,Cold
3518,1,8,0,1,0.0,0.0,0,0,345.0,-1.0,1,0,1,0,0.0,0.0,-1.0,345.0,13.5,Cold
3517,1,8,0,1,0.0,0.0,0,0,344.0,-1.0,15,3,6,0,0.0,0.0,6.0,271.0,20.5,Warm
3516,1,8,0,1,0.0,0.0,0,0,344.0,-1.0,5,2,2,0,0.0,0.0,24.25,248.0,21.0,Warm
3515,1,8,0,1,0.0,0.0,0,0,657.0,-1.0,1,0,1,0,0.0,0.0,-1.0,345.0,15.5,Cold
3514,1,8,0,1,0.0,0.0,0,0,352.0,-1.0,1,0,1,0,0.0,0.0,-1.0,352.0,13.5,Cold
3513,1,8,0,1,0.0,0.0,0,0,657.0,-1.0,1,0,0,0,0.0,0.0,-1.0,327.0,15.5,Cold
3512,1,8,0,1,0.0,0.0,0,0,657.0,-1.0,1,0,0,0,0.0,0.0,-1.0,329.0,15.5,Cold
3511,1,8,0,1,0.0,0.0,0,0,657.0,-1.0,1,0,0,0,0.0,0.0,-1.0,330.0,15.5,Cold
3510,1,8,0,1,0.0,0.0,0,0,345.0,-1.0,3,0,2,0,0.0,0.0,0.0,345.0,18.0,Cold
3509,1,8,0,1,0.0,0.0,0,0,345.0,-1.0,2,0,0,0,0.0,0.0,0.0,345.0,20.0,Cold
3508,1,8,0,1,0.0,0.0,0,0,344.0,-1.0,3,0,0,0,0.0,0.0,7.0,330.0,20.0,Cold
3507,1,8,0,1,0.0,0.0,0,0,657.0,-1.0,2,0,0,0,0.0,0.0,18.0,327.0,18.0,Cold
3506,1,8,0,1,0.0,0.0,0,0,345.0,-1.0,2,0,1,0,0.0,0.0,0.0,345.0,18.0,Cold
3505,1,8,0,1,0.0,0.0,0,0,353.0,-1.0,4,0,0,0,0.0,0.0,1.33,351.0,20.0,Cold
3504,1,8,0,1,0.0,0.0,0,0,657.0,-1.0,2,0,1,0,0.0,0.0,53.0,272.0,16.0,Cold
3503,1,8,0,1,0.0,0.0,0,0,352.0,-1.0,2,0,1,0,0.0,0.0,0.0,352.0,18.0,Cold
3502,1,8,0,1,0.0,0.0,0,0,657.0,-1.0,3,0,0,0,0.0,0.0,17.0,296.0,15.5,Cold
3501,1,8,0,0,0.0,0.0,0,1,349.0,-1.0,4,0,4,0,0.0,0.0,6.33,330.0,10.5,Cold
3500,1,8,0,1,0.0,0.0,0,0,334.0,-1.0,9,0,4,0,0.0,0.0,4.0,317.0,16.0,Cold
3499,1,8,0,1,0.0,0.0,0,0,657.0,-1.0,2,1,2,0,0.0,0.0,44.0,281.0,15.5,Cold
3498,1,8,0,1,0.0,0.0,0,0,296.0,-1.0,4,0,1,0,0.0,0.0,12.0,296.0,18.0,Cold
3497,1,8,0,1,0.0,0.0,0,0,329.0,-1.0,2,0,0,0,0.0,0.0,0.0,329.0,20.0,Cold
3496,1,8,2,0,0.0,0.0,0,1,657.0,-1.0,3,0,1,0,0.0,0.0,138.5,50.0,12.0,Cold
3495,1,8,0,1,0.0,0.0,0,0,327.0,-1.0,3,0,0,0,0.0,0.0,8.5,327.0,20.0,Cold
3494,1,8,0,1,0.0,0.0,0,0,297.0,-1.0,6,0,2,0,0.0,0.0,10.6,297.0,18.0,Cold
3493,1,8,0,1,0.0,0.0,0,0,353.0,-1.0,7,0,5,0,0.0,0.0,0.83,350.0,18.0,Cold
3492,1,8,0,1,0.0,0.0,0,0,352.0,-1.0,1,0,1,0,0.0,0.0,-1.0,352.0,13.5,Cold
3491,1,8,0,0,0.0,0.0,0,1,344.0,-1.0,4,0,2,0,0.0,0.0,4.33,331.0,13.0,Cold
3490,1,8,0,1,0.0,0.0,0,0,344.0,-1.0,2,0,1,0,0.0,0.0,0.0,344.0,18.0,Cold
3489,1,8,0,1,0.0,0.0,0,0,344.0,-1.0,9,2,6,0,0.0,0.0,13.25,240.0,19.0,Cold
3488,1,8,0,1,0.0,0.0,0,0,329.0,-1.0,2,0,0,0,0.0,0.0,0.0,329.0,20.0,Cold
3487,1,8,0,1,0.0,0.0,0,0,324.0,-1.0,4,0,0,0,0.0,0.0,11.0,297.0,20.0,Cold
3486,1,8,0,1,0.0,0.0,0,0,657.0,-1.0,1,0,0,0,0.0,0.0,-1.0,325.0,18.0,Cold
3485,1,8,0,1,0.0,0.0,0,0,349.0,-1.0,4,0,2,0,0.0,0.0,22.67,281.0,11.5,Cold
3484,1,8,0,1,0.0,0.0,0,0,334.0,-1.0,4,0,0,0,0.0,0.0,5.0,334.0,20.0,Cold
3483,1,8,0,1,0.0,0.0,0,0,349.0,-1.0,1,0,0,0,0.0,0.0,-1.0,349.0,15.5,Cold
3482,1,8,0,0,0.0,0.0,0,1,344.0,-1.0,2,1,0,0,0.0,0.0,0.0,344.0,18.5,Cold
3481,1,8,0,1,0.0,0.0,0,0,352.0,-1.0,2,0,1,0,0.0,0.0,0.0,352.0,18.0,Cold
3480,1,8,0,0,0.0,0.0,0,1,657.0,-1.0,1,0,1,0,0.0,0.0,-1.0,355.0,12.5,Cold
3479,1,8,0,1,0.0,0.0,0,0,657.0,-1.0,3,0,0,0,0.0,0.0,11.5,327.0,15.5,Cold
3478,1,8,0,1,0.0,0.0,0,0,349.0,-1.0,1,0,0,0,0.0,0.0,-1.0,349.0,15.5,Cold
3477,1,8,0,1,0.0,0.0,0,0,349.0,-1.0,1,0,0,0,0.0,0.0,-1.0,349.0,15.5,Cold
3476,1,8,0,1,0.0,0.0,0,0,349.0,-1.0,3,0,1,0,0.0,0.0,13.5,322.0,18.0,Cold
3475,1,8,0,1,0.0,0.0,0,0,337.0,-1.0,11,1,6,0,0.0,0.0,1.6,329.0,19.5,Cold
3474,1,8,0,1,0.0,0.0,0,0,657.0,-1.0,1,0,0,0,0.0,0.0,-1.0,329.0,15.5,Cold
3473,1,8,0,1,0.0,0.0,0,0,657.0,-1.0,3,0,0,0,0.0,0.0,16.5,296.0,18.0,Cold
3472,1,8,0,1,0.0,0.0,0,0,657.0,-1.0,3,0,0,0,0.0,0.0,16.5,296.0,15.5,Cold
3471,1,8,0,1,0.0,0.0,0,0,335.0,-1.0,9,0,4,0,0.0,0.0,1.25,335.0,18.0,Cold
3470,1,8,0,1,0.0,0.0,0,0,352.0,-1.0,1,0,1,0,0.0,0.0,-1.0,352.0,13.5,Cold
3469,1,8,0,1,0.0,0.0,0,0,335.0,-1.0,12,4,2,0,0.0,0.0,1.36,330.0,24.0,Warm
3468,1,8,0,0,0.0,0.0,0,1,352.0,-1.0,6,1,1,0,0.0,0.0,0.6,352.0,16.5,Cold
3467,1,8,0,1,0.0,0.0,0,0,344.0,-1.0,1,0,0,0,0.0,0.0,-1.0,344.0,15.5,Cold
3466,1,8,0,1,0.0,0.0,0,0,344.0,-1.0,3,0,0,0,0.0,0.0,6.0,332.0,20.0,Cold
3465,1,8,0,1,0.0,0.0,0,0,349.0,-1.0,1,0,0,0,0.0,0.0,-1.0,349.0,15.5,Cold
3464,1,8,0,1,0.0,0.0,0,0,349.0,-1.0,1,0,1,0,0.0,0.0,-1.0,349.0,13.5,Cold
3463,1,8,0,1,0.0,0.0,0,0,322.0,-1.0,2,0,0,0,0.0,0.0,7.0,322.0,18.0,Cold
3462,1,8,0,1,0.0,0.0,0,0,327.0,-1.0,2,0,0,0,0.0,0.0,0.0,327.0,20.0,Cold
3461,1,8,0,1,0.0,0.0,0,0,334.0,-1.0,4,0,0,0,0.0,0.0,5.0,334.0,20.0,Cold
3460,1,8,0,1,0.0,0.0,0,0,325.0,-1.0,4,0,0,0,0.0,0.0,106.67,325.0,20.0,Cold
3459,1,8,0,0,0.0,0.0,0,1,642.0,-1.0,9,0,0,0,0.0,0.0,43.62,296.0,17.0,Cold
3458,1,8,0,1,0.0,0.0,0,0,645.0,-1.0,5,0,0,0,0.0,0.0,79.25,328.0,20.0,Cold
3456,1,8,0,1,0.0,0.0,0,0,328.0,-1.0,5,0,0,0,0.0,0.0,79.25,328.0,20.0,Cold
3455,1,8,0,1,0.0,0.0,0,0,334.0,-1.0,6,1,2,0,0.0,0.0,11.2,288.0,17.5,Cold
3454,1,8,0,1,0.0,0.0,0,0,349.0,-1.0,2,0,1,0,0.0,0.0,0.0,349.0,18.0,Cold
3453,1,8,0,1,0.0,0.0,0,0,325.0,-1.0,2,0,0,0,0.0,0.0,0.0,325.0,20.0,Cold
3452,1,8,0,1,0.0,0.0,0,0,352.0,-1.0,16,1,5,0,0.0,0.0,7.2,247.0,19.5,Cold
3451,1,8,0,1,0.0,0.0,0,0,324.0,-1.0,2,0,1,0,0.0,0.0,25.0,324.0,16.0,Cold
3450,1,8,0,0,0.0,0.0,0,1,349.0,-1.0,1,0,1,0,0.0,0.0,-1.0,349.0,10.5,Cold
3449,1,8,0,1,0.0,0.0,0,0,657.0,-1.0,1,0,0,0,0.0,0.0,-1.0,329.0,15.5,Cold
3448,1,8,0,1,0.0,0.0,0,0,657.0,-1.0,1,0,0,0,0.0,0.0,-1.0,327.0,18.0,Cold
3447,1,8,0,1,0.0,0.0,0,0,313.0,-1.0,9,1,0,0,0.0,0.0,3.88,313.0,21.5,Warm
3446,1,8,0,1,0.0,0.0,0,0,344.0,-1.0,2,0,0,0,0.0,0.0,0.0,344.0,20.0,Cold
3445,1,8,0,1,0.0,0.0,0,0,349.0,-1.0,2,0,1,0,0.0,0.0,27.0,322.0,13.5,Cold
3444,1,8,0,1,0.0,0.0,0,0,344.0,-1.0,1,0,1,0,0.0,0.0,-1.0,344.0,13.5,Cold
3443,1,8,0,1,0.0,0.0,0,0,334.0,-1.0,7,1,2,0,0.0,0.0,12.67,273.0,17.5,Cold
3442,1,8,0,0,0.0,0.0,0,1,657.0,-1.0,1,0,0,0,0.0,0.0,-1.0,355.0,14.5,Cold
3441,1,8,0,1,0.0,0.0,0,0,349.0,-1.0,2,0,1,0,0.0,0.0,0.0,349.0,18.0,Cold
3440,1,8,0,0,0.0,0.0,0,1,657.0,-1.0,1,0,1,0,0.0,0.0,-1.0,345.0,12.5,Cold
3439,1,8,0,1,0.0,0.0,0,0,332.0,-1.0,4,0,0,0,0.0,0.0,3.33,322.0,18.0,Cold
3438,1,8,0,1,0.0,0.0,0,0,332.0,-1.0,3,0,1,0,0.0,0.0,5.0,322.0,18.0,Cold
3437,1,8,0,1,0.0,0.0,0,0,657.0,-1.0,3,0,1,0,0.0,0.0,3.0,323.0,14.0,Cold
3436,1,8,0,1,0.0,0.0,0,0,344.0,-1.0,3,0,0,0,0.0,0.0,48.5,247.0,20.0,Cold
3435,1,8,0,1,0.0,0.0,0,0,342.0,-1.0,5,0,0,0,71.0,0.0,54.5,127.0,20.0,Cold
3434,1,8,0,1,0.0,0.0,0,0,345.0,-1.0,3,1,0,0,0.0,0.0,48.5,248.0,21.5,Warm
3433,1,8,0,1,0.0,0.0,0,0,352.0,-1.0,2,0,1,0,0.0,0.0,0.0,352.0,18.0,Cold
3432,1,8,0,1,0.0,0.0,0,0,657.0,-1.0,6,0,5,0,0.0,0.0,11.4,288.0,18.0,Cold
3431,1,8,6,1,0.0,0.0,0,0,351.0,-1.0,6,2,1,0,0.0,0.0,45.6,124.0,24.0,Warm
3430,1,8,6,1,0.0,0.0,0,0,351.0,-1.0,7,1,3,0,25.0,0.0,38.0,124.0,20.5,Warm
3429,1,8,0,1,0.0,0.0,0,0,349.0,-1.0,2,0,0,0,0.0,0.0,0.0,349.0,20.0,Cold
3428,1,8,0,1,0.0,0.0,0,0,349.0,-1.0,1,0,1,0,0.0,0.0,-1.0,349.0,13.5,Cold
3427,1,8,0,1,0.0,0.0,0,0,334.0,-1.0,3,0,0,0,0.0,0.0,7.5,334.0,20.0,Cold
3426,1,8,0,1,0.0,0.0,0,0,349.0,-1.0,1,0,1,0,0.0,0.0,-1.0,349.0,13.5,Cold
3425,1,8,0,1,0.0,0.0,0,0,657.0,-1.0,1,0,0,0,0.0,0.0,-1.0,329.0,18.0,Cold
3424,1,8,0,1,0.0,0.0,0,0,657.0,-1.0,1,0,0,0,0.0,0.0,-1.0,329.0,15.5,Cold
3423,1,8,0,1,0.0,0.0,0,0,657.0,-1.0,1,0,0,0,0.0,0.0,-1.0,329.0,18.0,Cold
3422,1,8,2,1,0.0,0.0,0,0,334.0,-1.0,13,1,1,1,290.0,0.0,25.33,48.0,23.5,Warm
3421,1,8,0,1,0.0,0.0,0,0,657.0,-1.0,3,0,1,0,0.0,0.0,10.5,323.0,13.5,Cold
3420,1,8,0,1,0.0,0.0,0,0,344.0,-1.0,2,0,0,0,0.0,0.0,0.0,344.0,20.0,Cold
3419,1,8,0,0,0.0,0.0,0,1,657.0,-1.0,6,0,5,0,0.0,0.0,1.8,346.0,12.5,Cold
3418,1,8,0,1,0.0,0.0,0,0,352.0,-1.0,6,1,2,0,0.0,0.0,0.8,351.0,19.5,Cold
3417,1,8,0,1,0.0,0.0,0,0,349.0,-1.0,3,0,2,0,0.0,0.0,37.5,274.0,14.0,Cold
3416,1,8,0,1,0.0,0.0,0,0,349.0,-1.0,1,0,1,0,0.0,0.0,-1.0,349.0,13.5,Cold
3415,1,8,0,1,0.0,0.0,0,0,344.0,-1.0,6,2,4,0,0.0,0.0,6.2,314.0,19.0,Cold
3414,1,8,0,0,0.0,0.0,0,1,657.0,-1.0,1,0,0,0,0.0,0.0,-1.0,330.0,15.0,Cold
3413,1,8,0,1,0.0,0.0,0,0,334.0,-1.0,2,0,0,0,0.0,0.0,0.0,334.0,20.0,Cold
3412,1,8,2,1,0.0,0.0,0,0,352.0,-1.0,5,2,4,0,0.0,0.0,75.5,50.0,17.2,Cold
3411,1,8,0,1,0.0,0.0,0,0,344.0,-1.0,2,0,1,0,0.0,0.0,0.0,344.0,18.0,Cold
3410,1,8,0,1,0.0,0.0,0,0,344.0,-1.0,1,0,1,0,0.0,0.0,-1.0,344.0,13.5,Cold
3409,1,8,0,1,0.0,0.0,0,0,332.0,-1.0,3,0,0,0,0.0,0.0,5.0,322.0,20.0,Cold
3408,1,8,0,1,0.0,0.0,0,0,316.0,-1.0,2,0,1,0,0.0,0.0,33.0,316.0,13.5,Cold
3407,1,8,0,0,0.0,0.0,0,1,657.0,-1.0,4,0,2,0,0.0,0.0,12.67,317.0,15.0,Cold
3406,2,8,0,1,0.0,0.0,0,0,548.0,-1.0,20,1,2,0,0.0,0.0,15.16,335.0,22.5,Warm
3405,1,8,0,1,0.0,0.0,0,0,342.0,-1.0,15,1,3,0,0.0,0.0,0.71,342.0,17.5,Cold
3404,1,8,0,1,0.0,0.0,0,0,344.0,-1.0,3,0,0,0,0.0,0.0,48.5,247.0,20.0,Cold
3403,1,8,0,1,0.0,0.0,0,0,657.0,-1.0,3,0,0,0,0.0,0.0,10.0,324.0,15.5,Cold
3402,1,8,0,0,0.0,0.0,0,1,352.0,-1.0,2,0,2,0,0.0,0.0,22.0,330.0,10.5,Cold
3401,1,8,0,1,0.0,0.0,0,0,344.0,-1.0,1,0,1,0,0.0,0.0,-1.0,344.0,13.5,Cold
3400,1,8,0,1,0.0,0.0,0,0,334.0,-1.0,4,0,1,0,0.0,0.0,5.0,334.0,18.0,Cold
3399,1,8,0,1,0.0,0.0,0,0,296.0,-1.0,3,0,1,0,0.0,0.0,18.0,296.0,18.0,Cold
3398,1,8,0,1,0.0,0.0,0,0,657.0,-1.0,1,0,0,0,0.0,0.0,-1.0,325.0,15.5,Cold
3397,1,8,0,1,0.0,0.0,0,0,657.0,-1.0,1,0,0,0,0.0,0.0,-1.0,325.0,15.5,Cold
3396,1,8,0,1,0.0,0.0,0,0,321.0,-1.0,6,0,1,0,0.0,0.0,4.6,321.0,18.0,Cold
3395,1,8,0,1,0.0,0.0,0,0,349.0,-1.0,1,0,1,0,0.0,0.0,-1.0,349.0,13.5,Cold
3394,1,8,0,1,0.0,0.0,0,0,657.0,-1.0,1,0,0,0,0.0,0.0,-1.0,523.0,18.0,Cold
3393,1,8,0,1,0.0,0.0,0,0,320.0,-1.0,4,1,1,0,0.0,0.0,67.67,320.0,19.5,Cold
3392,1,8,0,1,0.0,0.0,0,0,657.0,-1.0,3,0,0,0,0.0,0.0,100.5,322.0,18.0,Cold
3391,1,8,0,1,0.0,0.0,0,0,353.0,-1.0,3,0,0,0,0.0,0.0,1.0,353.0,20.0,Cold
3390,1,8,0,1,0.0,0.0,0,0,392.0,-1.0,2,0,0,0,0.0,0.0,131.0,392.0,20.0,Cold
3389,1,8,0,1,0.0,0.0,0,0,657.0,-1.0,2,1,1,0,0.0,0.0,200.0,323.0,20.7,Warm
3388,1,8,0,1,0.0,0.0,0,0,657.0,-1.0,1,0,0,0,0.0,0.0,-1.0,523.0,18.0,Cold
3387,1,8,0,1,0.0,0.0,0,0,657.0,-1.0,3,1,0,0,0.0,0.0,100.0,323.0,22.7,Warm
3386,1,8,0,1,0.0,0.0,0,0,657.0,-1.0,2,1,1,0,0.0,0.0,0.0,523.0,17.5,Cold
3385,1,8,0,1,0.0,0.0,0,0,657.0,-1.0,4,1,1,0,0.0,0.0,70.0,313.0,20.7,Warm
3384,1,8,0,1,0.0,0.0,0,0,318.0,-1.0,4,0,0,0,0.0,0.0,68.33,318.0,20.0,Cold
3383,1,8,0,1,0.0,0.0,0,0,657.0,-1.0,1,0,0,0,0.0,0.0,-1.0,523.0,15.5,Cold
3382,1,8,0,1,35.0,40.0,1,0,657.0,-1.0,3,1,0,0,0.0,40.0,103.0,317.0,21.7,Warm
3381,1,8,0,1,0.0,0.0,0,0,657.0,-1.0,1,0,0,0,0.0,0.0,-1.0,523.0,18.0,Cold
3380,1,8,0,1,0.0,0.0,0,0,318.0,-1.0,4,2,2,0,0.0,0.0,68.33,318.0,19.0,Cold
3379,1,8,0,0,0.0,0.0,0,1,350.0,-1.0,8,0,1,0,0.0,0.0,0.43,349.0,15.0,Cold
3378,1,8,0,1,0.0,0.0,0,0,349.0,-1.0,1,0,0,0,0.0,0.0,-1.0,349.0,15.5,Cold
3377,1,8,0,1,0.0,0.0,0,0,352.0,-1.0,1,0,1,0,0.0,0.0,-1.0,352.0,13.5,Cold
3376,1,8,0,1,0.0,0.0,0,0,349.0,-1.0,1,0,0,0,0.0,0.0,-1.0,349.0,15.5,Cold
3375,1,8,0,1,0.0,0.0,0,0,657.0,-1.0,2,0,0,0,0.0,0.0,17.0,328.0,15.5,Cold
3374,1,8,0,1,0.0,0.0,0,0,657.0,-1.0,3,0,0,0,0.0,0.0,10.5,323.0,15.5,Cold
3373,1,8,0,1,0.0,0.0,0,0,349.0,-1.0,2,0,1,0,0.0,0.0,0.0,349.0,18.0,Cold
3372,1,8,0,1,0.0,0.0,0,0,330.0,-1.0,2,0,0,0,0.0,0.0,0.0,330.0,20.0,Cold
3371,1,8,0,1,0.0,0.0,0,0,334.0,-1.0,3,0,2,0,0.0,0.0,13.5,322.0,16.0,Cold
3370,1,8,0,0,0.0,0.0,0,1,657.0,-1.0,1,0,1,0,0.0,0.0,-1.0,355.0,12.5,Cold
3369,1,8,0,1,0.0,0.0,0,0,261.0,-1.0,8,2,4,0,0.0,0.0,13.43,261.0,19.0,Cold
3368,1,8,0,1,0.0,0.0,0,0,314.0,-1.0,2,0,1,0,0.0,0.0,15.0,314.0,13.5,Cold
3367,1,8,0,1,0.0,0.0,0,0,329.0,-1.0,2,0,0,0,0.0,0.0,1.0,329.0,20.0,Cold
3366,1,8,0,1,0.0,0.0,0,0,352.0,-1.0,2,0,1,0,0.0,0.0,0.0,352.0,18.0,Cold
3365,1,8,0,1,0.0,0.0,0,0,623.0,-1.0,1,0,0,0,0.0,0.0,-1.0,623.0,20.0,Cold
3364,1,8,0,1,0.0,0.0,0,0,327.0,-1.0,3,0,1,0,0.0,0.0,8.5,327.0,18.0,Cold
3363,1,8,0,0,0.0,0.0,0,1,343.0,-1.0,3,3,1,0,0.0,0.0,1.0,343.0,19.5,Cold
3362,1,8,0,1,0.0,0.0,0,0,345.0,-1.0,2,0,0,0,0.0,0.0,0.0,345.0,20.0,Cold
3361,1,8,0,0,0.0,0.0,0,1,345.0,-1.0,3,1,2,0,0.0,0.0,0.5,344.0,14.5,Cold
3360,1,8,6,1,0.0,0.0,0,0,657.0,-1.0,4,0,0,0,0.0,0.0,73.33,124.0,18.5,Cold
3359,1,8,0,1,0.0,0.0,0,0,657.0,-1.0,3,0,0,0,0.0,0.0,17.0,316.0,15.5,Cold
3358,1,8,0,1,0.0,0.0,0,0,657.0,-1.0,4,0,0,0,0.0,0.0,27.33,247.0,18.0,Cold
3357,1,8,0,1,0.0,0.0,0,0,332.0,-1.0,1,0,0,0,0.0,0.0,-1.0,332.0,18.0,Cold
3356,1,8,0,1,0.0,0.0,0,0,332.0,-1.0,2,0,1,0,0.0,0.0,11.0,321.0,13.5,Cold
3355,1,8,0,1,0.0,0.0,0,0,350.0,-1.0,8,1,3,0,0.0,0.0,5.71,315.0,17.5,Cold
3354,1,8,0,1,0.0,0.0,0,0,352.0,-1.0,1,0,0,0,0.0,0.0,-1.0,352.0,15.5,Cold
3353,1,8,0,0,0.0,0.0,0,1,353.0,-1.0,3,0,1,0,0.0,0.0,1.0,353.0,15.0,Cold
3352,1,8,0,1,0.0,0.0,0,0,332.0,-1.0,1,0,1,0,0.0,0.0,-1.0,332.0,16.0,Cold
3351,1,8,0,1,0.0,0.0,0,0,344.0,-1.0,2,0,1,0,0.0,0.0,0.0,344.0,18.0,Cold
3350,1,8,0,1,0.0,0.0,0,0,344.0,-1.0,1,0,0,0,0.0,0.0,-1.0,344.0,15.5,Cold
3349,1,8,0,1,0.0,0.0,0,0,344.0,-1.0,2,0,1,0,0.0,0.0,0.0,344.0,18.0,Cold
3348,1,8,0,1,0.0,0.0,0,0,344.0,-1.0,1,0,1,0,0.0,0.0,-1.0,344.0,13.5,Cold
3347,1,8,0,1,0.0,0.0,0,0,344.0,-1.0,1,0,1,0,0.0,0.0,-1.0,344.0,13.5,Cold
3346,1,8,0,1,0.0,0.0,0,0,344.0,-1.0,3,0,1,0,0.0,0.0,8.5,327.0,18.0,Cold
3345,1,8,0,1,0.0,0.0,0,0,352.0,-1.0,1,0,1,0,0.0,0.0,-1.0,352.0,13.5,Cold
3344,1,8,0,1,0.0,0.0,0,0,657.0,-1.0,1,0,0,0,0.0,0.0,-1.0,329.0,15.5,Cold
3343,1,8,0,1,0.0,0.0,0,0,313.0,-1.0,6,1,0,0,0.0,0.0,3.2,313.0,21.5,Warm
3342,1,8,0,1,0.0,0.0,0,0,329.0,-1.0,3,0,0,0,0.0,0.0,0.0,329.0,20.0,Cold
3341,1,8,0,1,0.0,0.0,0,0,329.0,-1.0,3,0,0,0,0.0,0.0,0.0,329.0,20.0,Cold
3340,1,8,0,1,0.0,0.0,0,0,657.0,-1.0,2,0,0,0,0.0,0.0,8.0,342.0,15.5,Cold
3339,1,8,0,0,0.0,0.0,0,1,657.0,-1.0,6,0,3,0,0.0,0.0,4.4,330.0,12.5,Cold
3338,1,8,0,1,0.0,0.0,0,0,317.0,-1.0,6,0,0,0,0.0,0.0,5.4,317.0,20.0,Cold
3337,1,8,0,1,0.0,0.0,0,0,344.0,-1.0,1,0,1,0,0.0,0.0,-1.0,344.0,13.5,Cold
3336,2,8,0,1,0.0,0.0,0,0,624.0,-1.0,4,0,0,0,0.0,0.0,91.33,351.0,23.0,Warm
3335,1,8,0,1,0.0,0.0,0,0,344.0,-1.0,2,0,0,0,0.0,0.0,0.0,344.0,20.0,Cold
3334,1,8,0,1,0.0,0.0,0,0,344.0,-1.0,2,0,0,0,0.0,0.0,0.0,344.0,20.0,Cold
3333,1,8,0,1,0.0,0.0,0,0,344.0,-1.0,2,0,0,0,0.0,0.0,0.0,344.0,20.0,Cold
3331,1,8,2,1,0.0,0.0,0,0,657.0,-1.0,4,0,0,0,87.0,0.0,2.0,42.0,19.0,Cold
3330,1,8,1,1,0.0,0.0,0,0,657.0,-1.0,1,0,1,0,0.0,0.0,-1.0,63.0,12.0,Cold
3329,1,8,0,1,0.0,0.0,0,0,657.0,-1.0,1,0,0,0,0.0,0.0,-1.0,225.0,15.5,Cold
3327,1,8,0,1,0.0,0.0,0,0,307.0,-1.0,3,0,0,0,0.0,0.0,9.0,307.0,20.0,Cold
3326,1,8,0,1,0.0,0.0,0,0,334.0,-1.0,3,1,0,0,0.0,0.0,3.5,327.0,21.5,Warm
3325,1,8,0,1,0.0,0.0,0,0,352.0,-1.0,4,2,3,0,0.0,0.0,12.67,314.0,19.0,Cold
3324,1,8,0,1,0.0,0.0,0,0,344.0,-1.0,2,0,1,0,0.0,0.0,0.0,344.0,18.0,Cold
3323,1,8,0,1,0.0,0.0,0,0,344.0,-1.0,6,3,5,0,0.0,0.0,10.8,290.0,18.5,Cold
3322,1,8,0,1,0.0,0.0,0,0,332.0,-1.0,2,0,0,0,0.0,0.0,0.0,332.0,20.0,Cold
3321,1,8,0,1,0.0,0.0,0,0,341.0,-1.0,10,2,3,0,0.0,0.0,4.67,313.0,19.0,Cold
3320,1,8,0,1,0.0,0.0,0,0,657.0,-1.0,2,0,0,0,0.0,0.0,17.0,327.0,15.5,Cold
3319,1,8,0,1,0.0,0.0,0,0,350.0,-1.0,5,0,0,0,20.0,0.0,38.5,196.0,20.0,Cold
3318,1,8,2,0,0.0,0.0,0,1,392.0,-1.0,9,2,4,0,5.0,0.0,70.88,57.0,17.4,Cold
3317,1,8,0,1,0.0,0.0,0,0,344.0,-1.0,1,0,1,0,0.0,0.0,-1.0,344.0,13.5,Cold
3316,1,8,0,1,0.0,0.0,0,0,344.0,-1.0,1,0,1,0,0.0,0.0,-1.0,344.0,13.5,Cold
3315,1,8,0,1,0.0,0.0,0,0,352.0,-1.0,5,1,2,0,0.0,0.0,19.0,276.0,17.5,Cold
3314,1,8,0,1,0.0,0.0,0,0,344.0,-1.0,2,0,1,0,0.0,0.0,0.0,344.0,18.0,Cold
3313,1,8,0,1,0.0,0.0,0,0,329.0,-1.0,2,0,0,0,0.0,0.0,0.0,329.0,20.0,Cold
3312,1,8,0,1,0.0,0.0,0,0,329.0,-1.0,2,0,0,0,0.0,0.0,0.0,329.0,20.0,Cold
3311,1,8,0,1,0.0,0.0,0,0,657.0,-1.0,1,0,0,0,0.0,0.0,-1.0,329.0,15.5,Cold
3310,1,8,0,1,0.0,0.0,0,0,344.0,-1.0,3,0,2,0,0.0,0.0,0.0,344.0,18.0,Cold
3309,1,8,0,0,0.0,0.0,0,1,657.0,-1.0,5,0,5,0,0.0,0.0,1.5,339.0,12.5,Cold
3308,1,8,0,0,0.0,0.0,0,1,657.0,-1.0,2,0,1,0,0.0,0.0,2.0,353.0,12.5,Cold
3307,1,8,0,1,0.0,0.0,0,0,343.0,-1.0,14,2,5,0,0.0,0.0,2.15,317.0,21.0,Warm
3306,1,8,0,1,0.0,0.0,0,0,329.0,-1.0,7,0,0,0,0.0,0.0,2.5,329.0,20.0,Cold
3305,1,8,0,1,0.0,0.0,0,0,350.0,-1.0,3,0,0,0,0.0,0.0,51.5,247.0,20.0,Cold
3304,1,8,0,1,0.0,0.0,0,0,337.0,-1.0,9,4,6,0,0.0,0.0,14.0,240.0,20.0,Cold
3303,1,8,0,1,0.0,0.0,0,0,329.0,-1.0,4,0,0,0,0.0,0.0,5.0,329.0,20.0,Cold
3302,1,8,0,1,0.0,0.0,0,0,295.0,-1.0,4,0,0,0,0.0,0.0,11.33,295.0,20.0,Cold
3301,1,8,0,1,0.0,0.0,0,0,657.0,-1.0,2,4,0,0,0.0,0.0,52.0,273.0,24.0,Warm
3300,1,8,0,1,0.0,0.0,0,0,657.0,-1.0,4,1,3,0,0.0,0.0,18.0,268.0,15.5,Cold
3299,1,8,2,0,0.0,0.0,0,1,329.0,-1.0,4,1,1,0,0.0,0.0,93.33,49.0,16.7,Cold
3298,2,8,0,1,0.0,0.0,0,0,328.0,-1.0,3,0,0,0,0.0,0.0,153.5,328.0,23.0,Warm
3297,1,8,0,1,0.0,0.0,0,0,657.0,-1.0,2,0,0,0,0.0,0.0,308.0,327.0,15.5,Cold
3296,1,8,0,1,0.0,0.0,0,0,657.0,-1.0,8,4,4,0,0.0,0.0,50.43,282.0,24.4,Warm
3295,1,8,0,1,0.0,0.0,0,0,635.0,-1.0,3,0,0,0,0.0,0.0,154.0,327.0,20.0,Cold
3294,1,8,0,1,0.0,0.0,0,0,635.0,-1.0,3,3,0,0,0.0,0.0,155.5,324.0,25.7,Warm
3293,1,8,0,1,0.0,0.0,0,0,328.0,-1.0,3,0,0,0,0.0,0.0,153.5,328.0,20.0,Cold
3292,1,8,0,1,0.0,0.0,0,0,635.0,-1.0,4,1,0,0,0.0,0.0,104.33,322.0,21.5,Warm
3291,1,8,0,0,0.0,0.0,0,1,353.0,-1.0,2,0,0,0,0.0,0.0,2.0,353.0,17.0,Cold
3290,1,8,0,1,0.0,0.0,0,0,635.0,-1.0,2,2,0,0,0.0,0.0,0.0,635.0,23.0,Warm
3289,1,8,6,1,0.0,0.0,0,0,657.0,-1.0,4,1,1,1,141.0,0.0,68.33,124.0,27.5,Warm
3288,1,8,0,1,0.0,0.0,0,0,320.0,-1.0,7,0,0,0,0.0,0.0,52.5,320.0,20.0,Cold
3287,2,8,0,0,0.0,0.0,0,1,635.0,-1.0,4,0,0,0,0.0,0.0,4.0,623.0,20.0,Cold
3286,1,8,0,1,0.0,0.0,0,0,657.0,-1.0,2,0,0,0,0.0,0.0,308.0,327.0,18.0,Cold
3285,1,8,6,1,0.0,0.0,0,0,657.0,-1.0,6,1,1,0,90.0,0.0,53.4,56.0,22.5,Warm
3284,1,8,2,1,0.0,0.0,0,0,657.0,-1.0,4,3,3,0,0.0,0.0,87.0,57.0,18.7,Cold
3283,1,8,0,1,0.0,0.0,0,0,352.0,-1.0,3,0,2,0,0.0,0.0,40.0,272.0,14.0,Cold
3282,1,8,0,1,0.0,0.0,0,0,657.0,-1.0,2,0,0,0,0.0,0.0,18.0,327.0,15.5,Cold
3281,1,8,0,1,0.0,0.0,0,0,657.0,-1.0,2,0,0,0,0.0,0.0,17.0,327.0,15.5,Cold
3280,1,8,0,1,0.0,0.0,0,0,345.0,-1.0,10,3,5,0,0.0,0.0,7.56,278.0,20.5,Warm
3279,1,8,0,1,0.0,0.0,0,0,657.0,-1.0,4,0,3,0,0.0,0.0,30.67,232.0,16.0,Cold
3278,1,8,0,1,0.0,0.0,0,0,317.0,-1.0,2,0,0,0,0.0,0.0,15.0,317.0,15.5,Cold
3277,1,8,0,1,0.0,0.0,0,0,322.0,-1.0,2,0,0,0,0.0,0.0,5.0,322.0,18.0,Cold
3276,1,8,2,0,0.0,0.0,0,1,657.0,-1.0,5,1,3,0,32.0,0.0,68.25,50.0,14.7,Cold
3275,1,8,0,1,0.0,0.0,0,0,352.0,-1.0,3,0,0,0,0.0,0.0,0.0,352.0,20.0,Cold
3274,1,8,0,1,0.0,0.0,0,0,657.0,-1.0,3,1,2,0,0.0,0.0,27.0,273.0,17.5,Cold
3273,1,8,0,1,0.0,0.0,0,0,314.0,-1.0,3,0,1,0,0.0,0.0,7.5,314.0,18.0,Cold
3272,1,8,6,1,0.0,0.0,0,0,352.0,-1.0,10,2,5,1,416.0,0.0,32.67,58.0,25.0,Warm
3271,1,8,0,0,0.0,0.0,0,1,657.0,-1.0,1,0,0,0,0.0,0.0,-1.0,329.0,15.0,Cold
3270,1,8,6,1,0.0,0.0,0,0,657.0,-1.0,5,0,2,0,33.0,0.0,67.75,57.0,19.0,Cold
3269,1,8,0,1,0.0,0.0,0,0,657.0,-1.0,3,0,0,0,0.0,0.0,8.5,327.0,18.0,Cold
3268,1,8,0,1,0.0,0.0,0,0,657.0,-1.0,2,0,1,0,0.0,0.0,13.0,332.0,16.0,Cold
3267,1,8,6,1,0.0,0.0,0,0,657.0,-1.0,10,3,6,1,178.0,0.0,67.67,43.0,28.9,Warm
3266,1,8,0,1,0.0,0.0,0,0,657.0,-1.0,3,0,0,0,0.0,0.0,0.5,652.0,16.0,Cold
3265,1,8,0,0,0.0,0.0,0,1,657.0,-1.0,2,0,1,0,0.0,0.0,13.0,639.0,11.0,Cold
3264,1,8,0,1,0.0,0.0,0,0,323.0,-1.0,6,0,1,0,0.0,0.0,65.8,323.0,16.0,Cold
3263,1,8,2,0,0.0,0.0,0,1,657.0,-1.0,5,0,1,0,0.0,0.0,150.5,50.0,12.0,Cold
3262,1,8,0,1,0.0,0.0,0,0,657.0,-1.0,1,0,1,0,0.0,0.0,-1.0,327.0,15.5,Cold
3261,1,8,0,1,0.0,0.0,0,0,328.0,-1.0,4,1,2,0,0.0,0.0,16.33,279.0,17.5,Cold
3260,1,8,0,1,0.0,0.0,0,0,352.0,-1.0,2,2,1,0,0.0,0.0,0.0,352.0,21.0,Warm
3259,1,8,0,1,0.0,0.0,0,0,321.0,-1.0,3,0,1,0,0.0,0.0,15.5,321.0,18.0,Cold
3258,1,8,0,1,0.0,0.0,0,0,646.0,-1.0,4,3,0,0,0.0,0.0,106.0,328.0,26.9,Warm
3257,2,8,0,1,0.0,0.0,0,0,646.0,-1.0,4,4,1,0,0.0,0.0,107.33,324.0,28.2,Warm
3256,1,8,0,0,0.0,0.0,0,1,362.0,-1.0,7,1,0,0,0.0,0.0,47.33,362.0,18.5,Cold
3255,1,8,0,1,0.0,0.0,0,0,657.0,-1.0,5,0,0,0,0.0,0.0,72.25,357.0,18.0,Cold
3254,1,8,0,0,0.0,0.0,0,1,360.0,-1.0,5,1,0,0,0.0,0.0,71.5,360.0,18.5,Cold
3253,1,8,0,1,0.0,0.0,0,0,657.0,-1.0,2,0,0,0,0.0,0.0,4.0,642.0,15.5,Cold
3252,1,8,0,0,0.0,0.0,0,1,362.0,-1.0,7,0,0,0,0.0,0.0,47.83,359.0,17.0,Cold
3251,1,8,0,0,0.0,0.0,0,1,646.0,-1.0,7,1,0,0,0.0,0.0,47.33,362.0,19.7,Cold
3250,1,8,0,0,0.0,0.0,0,1,657.0,-1.0,2,0,0,0,0.0,0.0,7.0,639.0,12.5,Cold
3249,1,8,0,1,0.0,0.0,0,0,362.0,-1.0,6,3,0,0,0.0,0.0,56.8,362.0,25.7,Warm
3248,1,8,0,1,0.0,0.0,0,0,657.0,-1.0,4,0,0,0,0.0,0.0,40.33,525.0,18.0,Cold
3247,1,8,0,0,0.0,0.0,0,1,359.0,-1.0,8,2,3,0,0.0,0.0,41.0,359.0,17.2,Cold
3246,1,8,0,0,0.0,0.0,0,1,378.0,-1.0,4,0,0,0,0.0,0.0,3.0,371.0,17.0,Cold
3245,1,8,0,0,0.0,0.0,0,1,380.0,-1.0,3,0,0,0,0.0,0.0,1.0,378.0,17.0,Cold
3244,1,8,0,0,0.0,0.0,0,1,371.0,-1.0,8,0,0,0,0.0,0.0,2.86,360.0,17.0,Cold
3243,1,8,0,0,0.0,0.0,0,1,657.0,-1.0,5,0,0,0,0.0,0.0,4.75,360.0,12.5,Cold
3242,1,8,0,0,0.0,0.0,0,1,657.0,-1.0,2,0,0,0,0.0,0.0,2.0,377.0,12.5,Cold
3241,1,8,0,0,0.0,0.0,0,1,378.0,-1.0,6,0,0,0,0.0,0.0,3.4,362.0,17.0,Cold
3240,1,8,0,0,0.0,0.0,0,1,379.0,-1.0,6,0,0,0,0.0,0.0,3.4,362.0,17.0,Cold
3239,1,8,0,1,0.0,0.0,0,0,343.0,-1.0,3,0,0,0,0.0,0.0,6.5,343.0,20.0,Cold
3238,1,8,0,0,0.0,0.0,0,1,360.0,-1.0,10,0,0,0,0.0,0.0,2.33,358.0,17.0,Cold
3237,1,8,0,1,0.0,0.0,0,0,363.0,-1.0,16,2,1,0,0.0,0.0,2.53,341.0,21.0,Warm
3236,1,8,0,1,0.0,0.0,0,0,378.0,-1.0,5,0,0,0,0.0,0.0,0.25,378.0,20.0,Cold
3235,1,8,0,0,0.0,0.0,0,1,378.0,-1.0,5,0,0,0,0.0,0.0,0.25,378.0,17.0,Cold
3234,1,8,0,1,0.0,0.0,0,0,379.0,-1.0,3,0,0,0,0.0,0.0,0.5,378.0,20.0,Cold
3233,1,8,0,1,0.0,0.0,0,0,657.0,-1.0,1,0,0,0,0.0,0.0,-1.0,379.0,15.5,Cold
3232,1,8,0,0,0.0,0.0,0,1,657.0,-1.0,3,0,0,0,0.0,0.0,4.0,371.0,12.5,Cold
3231,1,8,0,1,0.0,0.0,0,0,353.0,-1.0,15,1,0,0,0.0,0.0,5.93,296.0,21.5,Warm
3230,1,8,0,0,0.0,0.0,0,1,379.0,-1.0,7,0,0,0,0.0,0.0,3.17,360.0,17.0,Cold
3229,1,8,0,0,0.0,0.0,0,1,374.0,-1.0,3,0,1,0,0.0,0.0,100.5,374.0,15.0,Cold
3228,1,8,0,0,0.0,0.0,0,1,359.0,-1.0,14,4,2,0,0.0,0.0,22.54,359.0,22.6,Warm
3227,1,8,0,1,0.0,0.0,0,0,358.0,-1.0,24,5,9,0,0.0,0.0,16.7,268.0,26.3,Warm
3226,1,8,0,0,0.0,0.0,0,1,657.0,-1.0,2,1,1,0,0.0,0.0,8.0,644.0,15.7,Cold
3225,1,8,0,0,0.0,0.0,0,1,371.0,-1.0,4,0,0,0,0.0,0.0,3.33,369.0,17.0,Cold
3224,2,8,0,1,0.0,0.0,0,0,316.0,-1.0,11,0,1,0,0.0,0.0,6.3,316.0,21.0,Warm
3222,1,8,0,0,0.0,0.0,0,1,657.0,-1.0,1,0,0,0,0.0,0.0,-1.0,379.0,12.5,Cold
3221,1,8,0,0,0.0,0.0,0,1,362.0,-1.0,4,0,0,0,0.0,0.0,96.67,362.0,17.0,Cold
3220,1,8,0,0,0.0,0.0,0,1,362.0,-1.0,8,0,2,0,0.0,0.0,42.0,358.0,15.0,Cold
3219,1,8,0,0,0.0,0.0,0,1,374.0,-1.0,2,0,1,0,0.0,0.0,278.0,374.0,15.0,Cold
3218,1,8,0,0,0.0,0.0,0,1,657.0,-1.0,3,0,0,0,0.0,0.0,4.0,371.0,12.5,Cold
3217,1,8,0,0,0.0,0.0,0,1,362.0,-1.0,10,3,0,0,0.0,0.0,32.22,362.0,22.7,Warm
3216,1,8,0,0,0.0,0.0,0,1,657.0,-1.0,2,0,0,0,0.0,0.0,8.0,371.0,13.0,Cold
3215,1,8,0,0,0.0,0.0,0,1,657.0,-1.0,1,0,0,0,0.0,0.0,-1.0,379.0,12.5,Cold
3214,1,8,0,0,0.0,0.0,0,1,657.0,-1.0,1,0,0,0,0.0,0.0,-1.0,379.0,12.5,Cold
3213,1,8,0,1,0.0,0.0,0,0,657.0,-1.0,1,0,0,0,0.0,0.0,-1.0,379.0,18.0,Cold
3212,1,8,0,0,0.0,0.0,0,1,657.0,-1.0,2,0,0,0,0.0,0.0,0.0,379.0,15.0,Cold
3211,1,8,0,0,0.0,0.0,0,1,657.0,-1.0,2,0,0,0,0.0,0.0,1.0,378.0,12.5,Cold
3210,1,8,0,1,0.0,0.0,0,0,657.0,-1.0,2,0,0,0,0.0,0.0,2.0,379.0,16.0,Cold
3209,1,8,0,0,0.0,0.0,0,1,657.0,-1.0,4,0,0,0,0.0,0.0,2.67,371.0,13.0,Cold
3208,1,8,0,0,0.0,0.0,0,1,657.0,-1.0,4,0,0,0,0.0,0.0,5.67,362.0,13.0,Cold
3207,1,8,0,0,0.0,0.0,0,1,657.0,-1.0,1,0,0,0,0.0,0.0,-1.0,381.0,13.0,Cold
3206,1,8,0,0,0.0,0.0,0,1,657.0,-1.0,1,0,0,0,0.0,0.0,-1.0,379.0,15.0,Cold
3205,1,8,0,0,0.0,0.0,0,1,657.0,-1.0,4,0,0,0,0.0,0.0,5.67,362.0,13.0,Cold
3204,1,8,0,0,0.0,0.0,0,1,657.0,-1.0,3,0,0,0,0.0,0.0,0.0,379.0,13.0,Cold
3203,1,8,0,0,0.0,0.0,0,1,657.0,-1.0,1,0,0,0,0.0,0.0,-1.0,379.0,13.0,Cold
3202,1,8,0,0,0.0,0.0,0,1,657.0,-1.0,2,0,0,0,0.0,0.0,8.0,371.0,13.0,Cold
3201,1,8,0,0,0.0,0.0,0,1,657.0,-1.0,1,0,0,0,0.0,0.0,-1.0,379.0,12.5,Cold
3200,1,8,0,1,0.0,0.0,0,0,657.0,-1.0,14,0,0,0,0.0,0.0,6.31,297.0,16.0,Cold
3199,1,8,0,0,0.0,0.0,0,1,657.0,-1.0,3,0,0,0,0.0,0.0,4.0,371.0,13.0,Cold
3198,1,8,0,0,0.0,0.0,0,1,657.0,-1.0,4,0,0,0,0.0,0.0,5.67,362.0,13.0,Cold
3197,1,8,0,0,0.0,0.0,0,1,657.0,-1.0,2,0,0,0,0.0,0.0,6.0,371.0,13.0,Cold
3196,1,8,0,0,0.0,0.0,0,1,657.0,-1.0,3,0,1,0,0.0,0.0,7.5,362.0,11.0,Cold
3195,1,8,0,0,0.0,0.0,0,1,657.0,-1.0,3,0,0,0,0.0,0.0,7.5,362.0,13.0,Cold
3194,1,8,0,0,0.0,0.0,0,1,657.0,-1.0,3,0,0,0,0.0,0.0,7.5,362.0,12.5,Cold
3193,1,8,0,0,0.0,0.0,0,1,657.0,-1.0,3,0,0,0,0.0,0.0,8.5,360.0,13.0,Cold
3192,1,8,0,0,0.0,0.0,0,1,657.0,-1.0,3,0,1,0,0.0,0.0,8.5,360.0,11.0,Cold
3191,1,8,0,0,0.0,0.0,0,1,657.0,-1.0,1,0,0,0,0.0,0.0,-1.0,377.0,13.0,Cold
3190,1,8,0,0,0.0,0.0,0,1,657.0,-1.0,2,0,0,0,0.0,0.0,7.0,370.0,13.0,Cold
3189,2,8,0,1,0.0,0.0,0,0,657.0,-1.0,9,2,2,0,0.0,0.0,10.38,294.0,22.0,Warm
3188,1,8,0,0,0.0,0.0,0,1,657.0,-1.0,2,0,0,0,0.0,0.0,6.0,371.0,13.0,Cold
3187,1,8,0,0,0.0,0.0,0,1,657.0,-1.0,4,1,1,0,0.0,0.0,94.0,372.0,14.5,Cold
3186,1,8,0,0,0.0,0.0,0,1,657.0,-1.0,2,1,1,0,0.0,0.0,10.0,644.0,15.7,Cold
3185,1,8,0,0,0.0,0.0,0,1,657.0,-1.0,1,0,0,0,0.0,0.0,-1.0,654.0,15.0,Cold
3184,1,8,0,0,0.0,0.0,0,1,657.0,-1.0,6,0,0,0,0.0,0.0,58.0,364.0,15.0,Cold
3183,1,8,0,0,0.0,0.0,0,1,657.0,-1.0,7,0,0,0,0.0,0.0,48.67,362.0,15.0,Cold
3182,1,8,0,1,0.0,0.0,0,0,657.0,-1.0,11,0,2,0,0.0,0.0,33.1,323.0,16.0,Cold
3181,1,8,0,0,0.0,0.0,0,1,657.0,-1.0,1,0,1,0,0.0,0.0,-1.0,654.0,13.0,Cold
3180,1,8,0,0,0.0,0.0,0,1,379.0,-1.0,3,0,0,0,0.0,0.0,0.0,379.0,17.0,Cold
3179,1,8,0,0,0.0,0.0,0,1,657.0,-1.0,1,0,1,0,0.0,0.0,-1.0,654.0,13.0,Cold
3178,1,8,0,0,0.0,0.0,0,1,372.0,-1.0,4,2,1,0,0.0,0.0,94.0,372.0,18.0,Cold
3177,1,8,0,1,0.0,0.0,0,0,657.0,-1.0,1,0,1,0,0.0,0.0,-1.0,654.0,16.0,Cold
3176,1,8,0,0,0.0,0.0,0,1,377.0,-1.0,3,0,0,0,0.0,0.0,3.0,371.0,17.0,Cold
3175,1,8,0,0,0.0,0.0,0,1,372.0,-1.0,4,1,0,0,0.0,0.0,94.0,372.0,18.5,Cold
3174,1,8,0,0,0.0,0.0,0,1,657.0,-1.0,3,0,0,0,0.0,0.0,7.5,362.0,12.5,Cold
3173,1,8,0,0,0.0,0.0,0,1,374.0,-1.0,3,0,1,0,0.0,0.0,140.0,374.0,15.0,Cold
3172,1,8,0,0,0.0,0.0,0,1,371.0,-1.0,3,0,0,0,0.0,0.0,3.0,371.0,17.0,Cold
3171,1,8,0,0,0.0,0.0,0,1,362.0,-1.0,7,1,1,0,0.0,0.0,49.0,360.0,16.5,Cold
3170,1,8,0,1,0.0,0.0,0,0,327.0,-1.0,14,2,0,0,0.0,0.0,25.15,327.0,23.0,Warm
3169,1,8,0,0,0.0,0.0,0,1,657.0,-1.0,1,0,0,0,0.0,0.0,-1.0,654.0,12.5,Cold
3168,1,8,0,0,0.0,0.0,0,1,370.0,-1.0,6,3,1,0,0.0,0.0,56.8,370.0,19.5,Cold
3167,1,8,0,0,0.0,0.0,0,1,657.0,-1.0,2,3,2,0,0.0,0.0,645.0,9.0,19.9,Cold
3166,1,8,0,0,0.0,0.0,0,1,365.0,-1.0,15,5,2,0,0.0,0.0,20.64,365.0,22.5,Warm
3165,1,8,0,0,0.0,0.0,0,1,374.0,-1.0,3,0,0,0,0.0,0.0,140.0,374.0,17.0,Cold
3164,1,8,0,0,0.0,0.0,0,1,657.0,-1.0,1,1,2,0,0.0,0.0,-1.0,654.0,12.5,Cold
3163,1,8,0,0,0.0,0.0,0,1,374.0,-1.0,4,3,1,0,0.0,0.0,93.33,374.0,20.7,Warm
3162,1,8,0,1,0.0,0.0,0,0,657.0,-1.0,5,0,1,0,0.0,0.0,14.5,596.0,18.0,Cold
3161,1,8,0,0,0.0,0.0,0,1,360.0,-1.0,6,1,2,0,0.0,0.0,59.2,358.0,16.5,Cold
3160,1,8,0,0,0.0,0.0,0,1,373.0,-1.0,2,0,1,0,0.0,0.0,281.0,373.0,15.0,Cold
3159,1,8,0,0,0.0,0.0,0,1,373.0,-1.0,2,2,1,0,0.0,0.0,281.0,373.0,19.2,Cold
3158,1,8,0,0,0.0,0.0,0,1,371.0,-1.0,5,2,1,0,0.0,0.0,70.75,371.0,19.2,Cold
3157,1,8,0,0,0.0,0.0,0,1,372.0,-1.0,5,0,1,0,0.0,0.0,70.0,372.0,15.0,Cold
3156,1,8,3,0,0.0,0.0,0,1,635.0,-1.0,11,3,1,0,100.0,0.0,59.1,61.0,23.5,Warm
3155,1,8,0,1,0.0,0.0,0,0,372.0,-1.0,3,1,1,0,0.0,0.0,140.0,372.0,19.5,Cold
3154,1,8,0,0,0.0,0.0,0,1,362.0,-1.0,6,2,1,0,0.0,0.0,58.4,360.0,18.0,Cold
3153,1,8,0,1,0.0,0.0,0,0,345.0,-1.0,20,1,0,0,0.0,0.0,17.79,314.0,21.5,Warm
3152,1,8,0,0,0.0,0.0,0,1,657.0,-1.0,2,0,0,0,0.0,0.0,6.0,371.0,12.5,Cold
3151,1,8,0,0,0.0,0.0,0,1,657.0,-1.0,1,1,1,0,0.0,0.0,-1.0,652.0,14.5,Cold
3150,1,8,0,0,0.0,0.0,0,1,360.0,-1.0,6,2,2,0,0.0,0.0,58.4,360.0,18.0,Cold
3149,1,8,0,0,0.0,0.0,0,1,358.0,-1.0,6,1,1,0,0.0,0.0,58.8,358.0,16.5,Cold
3148,1,8,0,0,0.0,0.0,0,1,657.0,-1.0,3,0,2,0,0.0,0.0,146.0,360.0,12.5,Cold
3147,1,8,0,0,0.0,0.0,0,1,372.0,-1.0,6,2,3,0,0.0,0.0,56.0,372.0,17.2,Cold
3146,1,8,0,0,0.0,0.0,0,1,372.0,-1.0,5,1,1,0,0.0,0.0,70.5,370.0,16.5,Cold
3145,1,8,0,0,0.0,0.0,0,1,373.0,-1.0,2,2,1,0,0.0,0.0,279.0,373.0,18.0,Cold
3144,1,8,0,0,0.0,0.0,0,1,366.0,-1.0,12,1,0,0,0.0,0.0,26.0,366.0,18.5,Cold
3143,1,8,0,0,0.0,0.0,0,1,358.0,-1.0,16,3,3,0,0.0,0.0,19.6,358.0,17.5,Cold
3142,1,8,0,1,0.0,0.0,0,0,362.0,-1.0,3,4,2,0,0.0,0.0,145.0,362.0,24.0,Warm
3141,1,8,0,1,0.0,0.0,0,0,373.0,-1.0,2,0,0,0,0.0,0.0,279.0,373.0,20.0,Cold
3140,1,8,0,0,0.0,0.0,0,1,371.0,-1.0,5,2,2,0,0.0,0.0,70.25,371.0,16.0,Cold
3139,1,8,0,1,0.0,0.0,0,0,657.0,-1.0,4,0,3,0,0.0,0.0,98.67,357.0,13.5,Cold
3138,1,8,0,0,0.0,0.0,0,1,657.0,-1.0,2,0,0,0,0.0,0.0,280.0,373.0,17.0,Cold
3137,1,8,0,0,0.0,0.0,0,1,657.0,-1.0,1,2,1,0,0.0,0.0,-1.0,653.0,16.0,Cold
3136,1,8,0,0,0.0,0.0,0,1,657.0,-1.0,2,2,1,0,0.0,0.0,0.0,653.0,16.0,Cold
3135,1,8,0,0,0.0,0.0,0,1,657.0,-1.0,2,0,0,0,0.0,0.0,280.0,373.0,14.5,Cold
3134,1,8,0,0,0.0,0.0,0,1,369.0,-1.0,6,0,0,0,0.0,0.0,1.6,369.0,17.0,Cold
3133,1,8,0,0,0.0,0.0,0,1,657.0,-1.0,1,0,0,0,0.0,0.0,-1.0,653.0,12.5,Cold
3132,1,8,0,0,0.0,0.0,0,1,657.0,-1.0,2,0,0,0,0.0,0.0,17.0,636.0,15.0,Cold
3131,1,8,0,0,0.0,0.0,0,1,373.0,-1.0,2,0,0,0,0.0,0.0,280.0,373.0,17.0,Cold
3130,1,8,0,0,0.0,0.0,0,1,657.0,-1.0,1,0,1,0,0.0,0.0,-1.0,653.0,10.5,Cold
3129,1,8,0,0,0.0,0.0,0,1,377.0,-1.0,4,0,0,0,0.0,0.0,1.0,374.0,17.0,Cold
3128,1,8,0,0,0.0,0.0,0,1,657.0,-1.0,1,0,0,0,0.0,0.0,-1.0,653.0,12.5,Cold
3127,1,8,0,1,0.0,0.0,0,0,657.0,-1.0,1,0,0,0,0.0,0.0,-1.0,653.0,15.5,Cold
3126,1,8,0,0,0.0,0.0,0,1,657.0,-1.0,3,0,0,0,0.0,0.0,7.5,362.0,12.5,Cold
3125,1,8,0,1,0.0,0.0,0,0,657.0,-1.0,1,0,1,0,0.0,0.0,-1.0,653.0,13.5,Cold
3124,1,8,0,0,0.0,0.0,0,1,657.0,-1.0,1,0,0,0,0.0,0.0,-1.0,653.0,12.5,Cold
3123,1,8,0,0,0.0,0.0,0,1,363.0,-1.0,6,0,1,0,0.0,0.0,58.8,359.0,15.0,Cold
3122,1,8,0,0,0.0,0.0,0,1,657.0,-1.0,1,0,0,0,0.0,0.0,-1.0,653.0,12.5,Cold
3121,1,8,0,0,0.0,0.0,0,1,373.0,-1.0,2,2,1,0,0.0,0.0,280.0,373.0,20.4,Warm
3120,1,8,0,0,0.0,0.0,0,1,657.0,-1.0,1,0,1,0,0.0,0.0,-1.0,653.0,10.5,Cold
3119,1,8,0,0,0.0,0.0,0,1,372.0,-1.0,7,2,3,0,0.0,0.0,47.17,370.0,17.2,Cold
3118,1,8,0,0,0.0,0.0,0,1,657.0,-1.0,1,0,0,0,0.0,0.0,-1.0,653.0,12.5,Cold
3117,1,8,0,0,0.0,0.0,0,1,373.0,-1.0,4,1,2,0,0.0,0.0,94.0,371.0,14.5,Cold
3116,1,8,0,0,0.0,0.0,0,1,657.0,-1.0,3,0,0,0,0.0,0.0,4.0,371.0,12.5,Cold
3115,1,8,0,1,0.0,0.0,0,0,657.0,-1.0,1,0,1,0,0.0,0.0,-1.0,654.0,16.0,Cold
3114,1,8,0,0,0.0,0.0,0,1,657.0,-1.0,1,0,0,0,0.0,0.0,-1.0,356.0,12.5,Cold
3113,1,8,0,0,0.0,0.0,0,1,657.0,-1.0,1,0,0,0,0.0,0.0,-1.0,379.0,12.5,Cold
3112,1,8,0,0,0.0,0.0,0,1,657.0,-1.0,2,0,0,0,0.0,0.0,8.0,371.0,13.0,Cold
3111,1,8,0,0,0.0,0.0,0,1,657.0,-1.0,3,0,0,0,0.0,0.0,8.5,362.0,13.0,Cold
3110,1,8,0,0,0.0,0.0,0,1,657.0,-1.0,2,0,0,0,0.0,0.0,6.0,371.0,13.0,Cold
3109,1,8,0,1,0.0,0.0,0,0,657.0,-1.0,7,0,1,0,0.0,0.0,54.17,327.0,16.0,Cold
3108,1,8,0,0,0.0,0.0,0,1,657.0,-1.0,6,2,2,0,0.0,0.0,14.6,579.0,19.2,Cold
3107,1,8,0,0,0.0,0.0,0,1,657.0,-1.0,5,0,4,0,0.0,0.0,73.75,357.0,13.0,Cold
3106,1,8,0,0,0.0,0.0,0,1,657.0,-1.0,3,0,2,0,0.0,0.0,146.5,359.0,13.5,Cold
3105,1,8,0,1,0.0,0.0,0,0,657.0,-1.0,2,0,0,0,0.0,0.0,14.0,342.0,15.5,Cold
3104,1,8,0,0,0.0,0.0,0,1,657.0,-1.0,3,0,0,0,0.0,0.0,7.5,362.0,13.0,Cold
3103,1,8,0,0,0.0,0.0,0,1,657.0,-1.0,3,0,1,0,0.0,0.0,7.5,362.0,11.0,Cold
3102,1,8,0,0,0.0,0.0,0,1,657.0,-1.0,2,0,1,0,0.0,0.0,6.0,371.0,11.0,Cold
3101,1,8,0,0,0.0,0.0,0,1,657.0,-1.0,3,0,0,0,0.0,0.0,7.5,362.0,12.5,Cold
3100,1,8,0,0,0.0,0.0,0,1,657.0,-1.0,2,0,0,0,0.0,0.0,6.0,371.0,12.5,Cold
3099,1,8,0,0,0.0,0.0,0,1,657.0,-1.0,3,0,1,0,0.0,0.0,7.5,362.0,11.0,Cold
3098,1,8,0,0,0.0,0.0,0,1,657.0,-1.0,3,0,0,0,0.0,0.0,6.0,362.0,13.0,Cold
3097,1,8,0,1,0.0,0.0,0,0,657.0,-1.0,3,0,1,0,0.0,0.0,14.5,327.0,13.5,Cold
3096,1,8,0,0,0.0,0.0,0,1,657.0,-1.0,3,0,0,0,0.0,0.0,6.0,362.0,13.0,Cold
3095,1,8,0,1,0.0,0.0,0,0,657.0,-1.0,1,0,0,0,0.0,0.0,-1.0,374.0,15.5,Cold
3094,1,8,0,1,0.0,0.0,0,0,657.0,-1.0,1,0,0,0,0.0,0.0,-1.0,374.0,15.5,Cold
3093,1,8,0,1,0.0,0.0,0,0,657.0,-1.0,10,0,0,0,0.0,0.0,14.0,248.0,16.0,Cold
3092,1,8,0,0,0.0,0.0,0,1,657.0,-1.0,2,0,0,0,0.0,0.0,9.0,365.0,13.0,Cold
3091,1,8,0,0,0.0,0.0,0,1,657.0,-1.0,2,0,1,0,0.0,0.0,0.0,374.0,11.0,Cold
3090,1,8,0,0,0.0,0.0,0,1,657.0,-1.0,3,0,0,0,0.0,0.0,7.0,360.0,13.0,Cold
3089,1,8,0,0,0.0,0.0,0,1,657.0,-1.0,3,0,1,0,0.0,0.0,7.0,360.0,11.0,Cold
3088,1,8,0,1,0.0,0.0,0,0,657.0,-1.0,20,2,1,0,0.0,0.0,4.05,297.0,17.0,Cold
3087,1,8,0,0,0.0,0.0,0,1,657.0,-1.0,3,0,1,0,0.0,0.0,7.0,360.0,11.0,Cold
3086,1,8,0,0,0.0,0.0,0,1,657.0,-1.0,3,0,0,0,0.0,0.0,7.0,360.0,13.0,Cold
3085,1,8,0,1,0.0,0.0,0,0,657.0,-1.0,5,1,1,0,0.0,0.0,12.75,297.0,17.5,Cold
3084,1,8,0,1,0.0,0.0,0,0,657.0,-1.0,3,1,2,0,0.0,0.0,45.0,560.0,16.7,Cold
3083,1,8,0,1,0.0,0.0,0,0,657.0,-1.0,3,0,2,0,0.0,0.0,11.5,330.0,13.5,Cold
3082,1,8,0,1,0.0,0.0,0,0,657.0,-1.0,3,0,1,0,0.0,0.0,12.5,323.0,13.5,Cold
3081,1,8,0,1,0.0,0.0,0,0,657.0,-1.0,3,0,2,0,0.0,0.0,2.5,348.0,14.0,Cold
3080,1,8,0,1,0.0,0.0,0,0,657.0,-1.0,2,0,0,0,0.0,0.0,106.0,247.0,15.5,Cold
3079,1,8,0,1,0.0,0.0,0,0,657.0,-1.0,4,0,1,0,0.0,0.0,9.67,324.0,14.0,Cold
3078,1,8,0,0,0.0,0.0,0,1,657.0,-1.0,5,0,1,0,0.0,0.0,14.25,296.0,11.0,Cold
3077,1,8,0,1,0.0,0.0,0,0,657.0,-1.0,6,0,0,0,0.0,0.0,21.0,248.0,16.0,Cold
3076,1,8,0,1,0.0,0.0,0,0,657.0,-1.0,1,0,0,0,0.0,0.0,-1.0,225.0,18.0,Cold
3075,1,8,0,1,0.0,0.0,0,0,657.0,-1.0,1,0,0,0,0.0,0.0,-1.0,225.0,18.0,Cold
3071,1,8,0,1,0.0,0.0,0,0,657.0,-1.0,9,2,1,0,0.0,0.0,12.62,247.0,17.0,Cold
3070,1,8,0,1,0.0,0.0,0,0,657.0,-1.0,4,0,2,0,0.0,0.0,8.33,328.0,14.0,Cold
3069,1,8,0,1,0.0,0.0,0,0,657.0,-1.0,3,0,1,0,0.0,0.0,12.5,328.0,14.0,Cold
3068,1,8,0,1,0.0,0.0,0,0,657.0,-1.0,4,1,2,0,0.0,0.0,7.67,330.0,15.5,Cold
3067,1,8,0,1,0.0,0.0,0,0,657.0,-1.0,2,0,1,0,0.0,0.0,22.0,327.0,13.5,Cold
3066,1,8,0,1,0.0,0.0,0,0,657.0,-1.0,4,0,2,0,0.0,0.0,16.33,299.0,14.0,Cold
3065,1,8,0,1,0.0,0.0,0,0,657.0,-1.0,2,0,2,0,0.0,0.0,16.0,328.0,13.5,Cold
3064,1,8,0,1,0.0,0.0,0,0,657.0,-1.0,2,0,2,0,0.0,0.0,17.0,327.0,14.0,Cold
3063,1,8,0,1,0.0,0.0,0,0,657.0,-1.0,3,0,2,0,0.0,0.0,15.5,313.0,13.5,Cold
3062,1,8,0,1,0.0,0.0,0,0,657.0,-1.0,4,1,0,0,0.0,0.0,0.33,343.0,17.5,Cold
3061,1,8,0,1,0.0,0.0,0,0,657.0,-1.0,2,1,1,0,0.0,0.0,17.0,327.0,15.5,Cold
3060,1,8,0,1,0.0,0.0,0,0,657.0,-1.0,6,2,1,0,0.0,0.0,9.6,296.0,17.0,Cold
3059,1,8,0,1,0.0,0.0,0,0,657.0,-1.0,3,0,1,0,0.0,0.0,2.5,348.0,14.0,Cold
3058,1,8,0,1,0.0,0.0,0,0,657.0,-1.0,2,0,0,0,0.0,0.0,1.0,343.0,16.0,Cold
3057,1,8,0,1,0.0,0.0,0,0,657.0,-1.0,8,0,1,0,0.0,0.0,4.71,311.0,14.0,Cold
3056,1,8,0,1,0.0,0.0,0,0,657.0,-1.0,2,0,0,0,0.0,0.0,13.0,331.0,16.0,Cold
3055,1,8,0,1,0.0,0.0,0,0,657.0,-1.0,2,0,0,0,0.0,0.0,17.0,327.0,16.0,Cold
3054,1,8,0,0,0.0,0.0,0,1,657.0,-1.0,3,0,1,0,0.0,0.0,22.5,296.0,11.0,Cold
3053,1,8,0,1,0.0,0.0,0,0,657.0,-1.0,7,2,2,0,0.0,0.0,7.33,297.0,17.0,Cold
3052,1,8,0,1,0.0,0.0,0,0,657.0,-1.0,8,1,0,0,0.0,0.0,6.29,297.0,17.5,Cold
3051,1,8,0,1,0.0,0.0,0,0,657.0,-1.0,2,0,2,0,0.0,0.0,14.0,327.0,13.5,Cold
3050,1,8,0,1,0.0,0.0,0,0,657.0,-1.0,2,0,0,0,0.0,0.0,14.0,327.0,16.0,Cold
3049,1,8,0,1,0.0,0.0,0,0,657.0,-1.0,2,0,0,0,0.0,0.0,106.0,247.0,15.5,Cold
3048,1,8,0,1,0.0,0.0,0,0,657.0,-1.0,2,0,0,0,0.0,0.0,106.0,247.0,15.5,Cold
3047,1,8,0,1,0.0,0.0,0,0,657.0,-1.0,4,1,0,0,0.0,0.0,9.33,313.0,19.5,Cold
3046,1,8,0,1,0.0,0.0,0,0,657.0,-1.0,2,0,0,0,0.0,0.0,106.0,247.0,15.5,Cold
3045,1,8,0,1,0.0,0.0,0,0,657.0,-1.0,3,1,1,0,0.0,0.0,2.5,348.0,15.5,Cold
3044,1,8,0,1,0.0,0.0,0,0,657.0,-1.0,4,0,3,0,0.0,0.0,9.67,324.0,13.5,Cold
3043,1,8,0,1,0.0,0.0,0,0,657.0,-1.0,4,0,1,0,0.0,0.0,16.0,296.0,13.5,Cold
3042,1,8,0,1,0.0,0.0,0,0,657.0,-1.0,3,0,1,0,0.0,0.0,12.5,328.0,14.0,Cold
3041,1,8,0,1,0.0,0.0,0,0,657.0,-1.0,3,1,1,0,0.0,0.0,8.0,325.0,15.5,Cold
3040,1,8,0,1,0.0,0.0,0,0,657.0,-1.0,3,0,2,0,0.0,0.0,13.0,327.0,14.0,Cold
3039,1,8,0,1,0.0,0.0,0,0,657.0,-1.0,3,0,1,0,0.0,0.0,12.5,328.0,13.5,Cold
3038,1,8,0,1,0.0,0.0,0,0,657.0,-1.0,3,1,1,0,0.0,0.0,7.0,327.0,15.5,Cold
3037,1,8,0,1,0.0,0.0,0,0,657.0,-1.0,6,3,1,0,0.0,0.0,9.2,295.0,18.5,Cold
3036,1,8,0,1,0.0,0.0,0,0,657.0,-1.0,4,0,3,0,0.0,0.0,3.33,343.0,14.0,Cold
3035,1,8,0,1,0.0,0.0,0,0,657.0,-1.0,2,0,0,0,0.0,0.0,7.0,346.0,15.5,Cold
3034,1,8,0,1,0.0,0.0,0,0,657.0,-1.0,8,0,0,0,0.0,0.0,15.0,248.0,16.0,Cold
3033,1,8,0,1,0.0,0.0,0,0,657.0,-1.0,2,1,1,0,0.0,0.0,0.0,353.0,15.5,Cold
3032,1,8,0,1,0.0,0.0,0,0,657.0,-1.0,3,0,2,0,0.0,0.0,5.0,343.0,14.0,Cold
3031,1,8,0,1,0.0,0.0,0,0,657.0,-1.0,6,1,1,0,0.0,0.0,7.4,316.0,17.5,Cold
3030,1,8,0,1,0.0,0.0,0,0,657.0,-1.0,3,0,0,0,0.0,0.0,53.0,247.0,15.5,Cold
3029,1,8,0,1,0.0,0.0,0,0,657.0,-1.0,2,0,0,0,0.0,0.0,106.0,247.0,16.0,Cold
3028,1,8,0,1,0.0,0.0,0,0,657.0,-1.0,4,0,1,0,0.0,0.0,6.33,322.0,14.0,Cold
3027,1,8,0,1,0.0,0.0,0,0,657.0,-1.0,3,0,1,0,0.0,0.0,5.0,343.0,14.0,Cold
3026,1,8,0,1,0.0,0.0,0,0,657.0,-1.0,2,0,0,0,0.0,0.0,106.0,247.0,15.5,Cold
3025,1,8,0,1,0.0,0.0,0,0,657.0,-1.0,3,1,2,0,0.0,0.0,7.0,327.0,15.5,Cold
3024,1,8,0,1,0.0,0.0,0,0,657.0,-1.0,4,0,1,0,0.0,0.0,15.0,296.0,13.5,Cold
3023,1,8,0,1,0.0,0.0,0,0,657.0,-1.0,4,1,1,0,0.0,0.0,5.33,325.0,15.5,Cold
3022,1,8,0,1,0.0,0.0,0,0,657.0,-1.0,3,0,0,0,0.0,0.0,7.0,327.0,15.5,Cold
3021,1,8,0,1,0.0,0.0,0,0,657.0,-1.0,3,1,1,0,0.0,0.0,7.0,327.0,15.5,Cold
3020,1,8,0,1,0.0,0.0,0,0,657.0,-1.0,3,0,0,0,0.0,0.0,7.0,327.0,16.0,Cold
3019,1,8,0,1,0.0,0.0,0,0,657.0,-1.0,8,1,0,0,0.0,0.0,13.29,248.0,17.5,Cold
3018,1,8,0,1,0.0,0.0,0,0,657.0,-1.0,2,0,0,0,0.0,0.0,8.0,345.0,15.5,Cold
3017,1,8,0,1,0.0,0.0,0,0,657.0,-1.0,2,0,0,0,0.0,0.0,13.0,328.0,15.5,Cold
3016,1,8,0,1,0.0,0.0,0,0,657.0,-1.0,5,2,0,0,0.0,0.0,4.0,325.0,19.0,Cold
3015,1,8,0,1,0.0,0.0,0,0,657.0,-1.0,5,1,0,0,0.0,0.0,4.5,323.0,17.5,Cold
3014,1,8,0,1,0.0,0.0,0,0,657.0,-1.0,2,0,0,0,0.0,0.0,7.0,346.0,15.5,Cold
3013,1,8,0,0,0.0,0.0,0,1,657.0,-1.0,4,0,1,0,0.0,0.0,15.33,295.0,10.5,Cold
3012,1,8,0,1,0.0,0.0,0,0,657.0,-1.0,3,0,2,0,0.0,0.0,10.5,323.0,13.5,Cold
3011,1,8,0,1,0.0,0.0,0,0,657.0,-1.0,4,0,0,0,0.0,0.0,9.67,327.0,16.5,Cold
